EmployeeID,Age,Gender,Department,JobRole,Education,EducationField,MaritalStatus,City,EmploymentType,HireDate,YearsAtCompany,YearsInCurrentRole,YearsSinceLastPromotion,YearsOfExperience,JobLevel,MonthlyIncome,JobSatisfaction,WorkLifeBalance,PerformanceRating,OverTime,BusinessTravel,DistanceFromHome,NumberOfProjects,AverageMonthlyHours,TrainingHours,EmployeeEngagementScore,RecruitmentSource,TimeToHireDays,Attrition
EMP10001,37,Female,Finance,Finance Executive,Bachelor's,Finance,Married,Ahmedabad,Full-Time,2016-12-08,1,1,7,11,1,30500,4,2,3,No,Non-Travel,22,5,176,49,3.0,Naukri,23,No
EMP10002,48,Male,Engineering,Mechanical Engineer,Master's,Engineering,Single,Ahmedabad,Full-Time,2023-06-05,11,4,4,22,4,24200,3,1,4,No,Travel_Frequently,6,1,238,41,2.7,Naukri,12,No
EMP10003,22,Male,Operations,Operations Executive,Bachelor's,Other,Single,Ahmedabad,Full-Time,2021-09-22,0,0,1,0,1,33300,5,3,3,No,Travel_Frequently,27,4,147,76,3.3,Employee Referral,24,No
EMP10004,45,Female,Marketing,Marketing Manager,Diploma,Human Resources,Single,Noida,Full-Time,2017-07-01,8,7,4,25,3,18000,5,1,3,No,Travel_Rarely,10,4,242,23,2.7,Employee Referral,25,No
EMP10005,26,Female,IT,IT Support Specialist,PhD,Human Resources,Married,Chennai,Full-Time,2025-08-13,5,5,2,5,2,22500,2,1,5,No,Travel_Frequently,23,2,162,67,1.7,LinkedIn,29,Yes
EMP10006,31,Female,IT,Data Analyst,Bachelor's,Business,Married,Kolkata,Full-Time,2019-01-25,0,0,4,10,1,40000,5,2,3,No,Travel_Rarely,21,3,272,55,3.0,Employee Referral,28,No
EMP10007,58,Male,IT,System Administrator,Bachelor's,Other,Married,Noida,Part-Time,2022-01-21,13,1,3,31,5,18000,1,1,3,Yes,Non-Travel,26,2,153,99,2.3,Naukri,13,Yes
EMP10008,26,Female,Engineering,Project Engineer,Diploma,Engineering,Married,Pune,Full-Time,2023-08-25,6,6,7,6,3,36500,2,3,3,Yes,Travel_Rarely,13,2,165,94,3.0,Employee Referral,35,Yes
EMP10009,31,Male,Marketing,Content Strategist,Diploma,Other,Single,Noida,Full-Time,2024-09-09,5,2,1,8,2,35600,2,2,3,No,Travel_Rarely,30,7,189,84,3.0,LinkedIn,20,Yes
EMP10010,34,Female,Operations,Operations Analyst,Master's,Marketing,Single,Ahmedabad,Full-Time,2017-03-11,2,2,2,10,1,18000,3,3,4,Yes,Travel_Rarely,3,2,219,100,3.3,Recruitment Agency,19,No
EMP10011,22,Male,IT,System Administrator,Diploma,Other,Married,Hyderabad,Full-Time,2025-06-14,0,0,7,0,1,25600,4,5,4,No,Travel_Rarely,27,7,180,68,4.0,LinkedIn,28,Yes
EMP10012,60,Male,Engineering,Project Engineer,Diploma,Human Resources,Married,Ahmedabad,Contract,2022-10-30,12,1,1,40,5,23700,3,1,3,No,Non-Travel,11,1,279,74,2.0,Employee Referral,32,No
EMP10013,23,Male,Engineering,Project Engineer,Master's,Marketing,Single,Kolkata,Full-Time,2018-10-27,0,0,5,0,1,20300,1,2,1,No,Travel_Rarely,3,5,273,42,2.3,Company Website,20,Yes
EMP10014,55,Male,HR,HR Analyst,Master's,Marketing,Married,Chennai,Full-Time,2024-08-31,14,8,7,29,5,18000,2,4,5,Yes,Travel_Frequently,7,5,233,55,3.7,LinkedIn,24,Yes
EMP10015,53,Male,IT,Data Analyst,Master's,Other,Single,Hyderabad,Full-Time,2017-03-19,13,0,3,29,5,19600,2,3,3,Yes,Non-Travel,27,3,145,91,3.3,LinkedIn,32,No
EMP10016,44,Male,IT,System Administrator,Bachelor's,Engineering,Married,Pune,Full-Time,2017-04-23,8,7,2,17,3,20500,5,1,3,No,Travel_Rarely,30,4,262,63,3.7,Naukri,16,No
EMP10017,39,Other,Finance,Finance Manager,Bachelor's,Business,Married,Gurugram,Full-Time,2021-03-15,14,1,5,14,5,18000,4,3,3,No,Travel_Rarely,10,2,263,75,4.0,Campus Hiring,5,Yes
EMP10018,38,Female,Sales,Business Development Executive,Master's,Business,Married,Noida,Part-Time,2020-02-26,1,0,5,17,1,18000,4,3,3,No,Travel_Rarely,1,1,159,13,3.7,LinkedIn,29,Yes
EMP10019,44,Female,Sales,Business Development Executive,Master's,Engineering,Single,Chennai,Full-Time,2016-02-06,2,2,5,17,1,18000,5,5,2,No,Travel_Frequently,4,1,276,63,4.0,Employee Referral,32,No
EMP10020,55,Female,HR,HR Executive,Bachelor's,Business,Single,Mumbai,Full-Time,2020-04-05,1,1,2,33,1,18000,1,3,2,Yes,Travel_Rarely,26,2,180,13,3.0,Employee Referral,10,No
EMP10021,21,Male,Marketing,Marketing Executive,Diploma,Human Resources,Married,Bengaluru,Full-Time,2016-04-07,1,1,1,1,1,25500,4,5,4,Yes,Travel_Rarely,30,1,201,26,3.7,Naukri,24,No
EMP10022,56,Female,IT,System Administrator,Master's,Engineering,Married,Delhi,Full-Time,2023-11-01,1,1,4,29,1,33200,2,5,4,No,Travel_Rarely,8,1,257,89,3.3,LinkedIn,20,Yes
EMP10023,45,Female,HR,Recruiter,Bachelor's,Business,Married,Bengaluru,Full-Time,2018-11-10,9,4,4,24,4,19200,1,5,3,No,Travel_Rarely,20,7,236,82,2.7,Recruitment Agency,25,No
EMP10024,54,Female,Finance,Financial Analyst,Bachelor's,Computer Science,Single,Mumbai,Full-Time,2019-06-09,10,7,5,29,4,31100,3,1,2,No,Travel_Rarely,17,2,256,99,2.3,Naukri,5,No
EMP10025,45,Male,Sales,Sales Manager,PhD,Computer Science,Married,Ahmedabad,Full-Time,2017-04-12,10,2,0,18,4,33800,3,3,3,Yes,Travel_Rarely,5,3,258,83,3.0,LinkedIn,13,No
EMP10026,36,Male,Operations,Operations Executive,Bachelor's,Business,Single,Chennai,Full-Time,2016-12-19,7,3,0,11,3,21200,1,3,3,Yes,Travel_Frequently,17,1,279,80,2.0,Employee Referral,28,Yes
EMP10027,54,Male,IT,IT Support Specialist,Master's,Marketing,Married,Hyderabad,Contract,2016-03-12,2,2,2,27,1,26500,2,5,3,No,Travel_Rarely,9,5,223,82,3.0,Naukri,23,Yes
EMP10028,49,Male,Sales,Business Development Executive,Bachelor's,Human Resources,Divorced,Ahmedabad,Contract,2019-10-07,6,6,1,28,3,19900,3,3,3,No,Travel_Rarely,8,6,187,64,3.3,Company Website,38,No
EMP10029,39,Male,Marketing,Marketing Executive,Bachelor's,Computer Science,Married,Bengaluru,Full-Time,2018-12-11,7,7,2,16,3,18000,2,3,3,Yes,Non-Travel,30,5,142,57,3.3,LinkedIn,29,Yes
EMP10030,43,Female,IT,Data Analyst,Diploma,Human Resources,Single,Gurugram,Full-Time,2019-05-30,2,1,1,19,1,18000,5,5,3,No,Travel_Rarely,7,7,156,100,4.0,Recruitment Agency,15,Yes
EMP10031,39,Male,Marketing,Marketing Executive,Bachelor's,Other,Single,Pune,Full-Time,2018-10-20,1,1,3,19,1,25500,4,4,5,Yes,Travel_Rarely,5,7,250,58,3.3,Naukri,30,No
EMP10032,45,Female,IT,Software Engineer,Master's,Finance,Single,Hyderabad,Full-Time,2020-12-25,12,3,0,25,5,20900,1,4,3,No,Travel_Rarely,4,6,269,32,2.7,Recruitment Agency,39,No
EMP10033,36,Male,IT,Software Engineer,Bachelor's,Human Resources,Married,Chennai,Full-Time,2025-04-19,12,8,2,16,5,30700,4,5,3,Yes,Travel_Rarely,23,6,147,36,3.7,Naukri,23,No
EMP10034,29,Female,Engineering,Engineering Manager,Master's,Engineering,Single,Hyderabad,Full-Time,2018-09-16,7,7,6,8,3,18000,5,1,3,No,Non-Travel,3,5,248,34,3.7,Naukri,28,No
EMP10035,21,Male,Engineering,Electrical Engineer,Bachelor's,Finance,Married,Ahmedabad,Full-Time,2017-04-04,0,0,7,0,1,18000,3,3,3,Yes,Travel_Rarely,8,2,144,33,3.3,Recruitment Agency,31,No
EMP10036,39,Male,Engineering,Mechanical Engineer,Diploma,Business,Single,Ahmedabad,Contract,2019-04-05,6,6,3,16,3,18000,2,3,4,Yes,Travel_Rarely,5,6,273,89,3.3,Naukri,22,No
EMP10037,53,Male,Finance,Accountant,Diploma,Business,Single,Pune,Full-Time,2019-07-30,11,2,4,31,4,23700,2,4,3,No,Travel_Rarely,5,5,226,89,3.7,Naukri,5,No
EMP10038,54,Male,IT,System Administrator,Master's,Other,Single,Hyderabad,Full-Time,2022-12-23,0,0,0,29,1,18000,5,5,4,No,Travel_Rarely,17,4,203,29,4.7,LinkedIn,29,No
EMP10039,36,Male,Operations,Operations Manager,Bachelor's,Marketing,Married,Kolkata,Full-Time,2017-12-17,13,8,1,15,5,25400,1,1,2,No,Travel_Rarely,29,1,176,62,1.3,Recruitment Agency,31,No
EMP10040,60,Female,Sales,Sales Executive,Bachelor's,Other,Married,Mumbai,Full-Time,2017-01-01,14,5,5,34,5,30900,4,5,4,Yes,Travel_Rarely,15,7,148,92,3.7,LinkedIn,37,No
EMP10041,38,Male,IT,Data Analyst,Bachelor's,Computer Science,Single,Delhi,Full-Time,2024-07-04,11,2,7,16,4,43600,3,4,3,No,Travel_Rarely,26,3,220,83,3.3,Employee Referral,14,No
EMP10042,54,Male,Sales,Sales Representative,Master's,Human Resources,Single,Noida,Part-Time,2017-08-29,5,5,4,29,2,41500,1,4,2,No,Travel_Rarely,27,6,160,35,2.3,Company Website,15,Yes
EMP10043,45,Male,IT,System Administrator,Bachelor's,Computer Science,Married,Kolkata,Full-Time,2023-01-19,11,5,4,20,4,18000,5,3,3,No,Travel_Rarely,8,5,145,69,3.7,LinkedIn,18,No
EMP10044,26,Male,Engineering,Mechanical Engineer,Bachelor's,Human Resources,Single,Kolkata,Full-Time,2024-05-04,3,3,3,3,2,18000,5,2,3,Yes,Travel_Rarely,7,2,280,11,3.0,LinkedIn,22,No
EMP10045,41,Female,HR,HR Analyst,Master's,Finance,Single,Hyderabad,Full-Time,2018-01-18,15,3,7,17,5,18000,2,1,3,Yes,Travel_Rarely,17,7,207,12,2.0,Recruitment Agency,29,No
EMP10046,26,Other,Operations,Operations Analyst,Master's,Other,Married,Hyderabad,Full-Time,2020-08-26,6,6,6,6,3,34200,3,1,3,No,Travel_Rarely,12,6,152,65,2.7,Employee Referral,14,No
EMP10047,52,Female,Finance,Financial Analyst,Master's,Computer Science,Married,Delhi,Full-Time,2017-08-24,8,6,7,25,3,18500,1,2,4,No,Non-Travel,28,3,170,75,1.7,Employee Referral,33,No
EMP10048,59,Female,Sales,Sales Manager,Diploma,Business,Single,Delhi,Part-Time,2017-09-11,11,0,2,37,4,21800,2,4,2,No,Travel_Rarely,4,7,275,34,2.7,Naukri,32,Yes
EMP10049,51,Male,Sales,Sales Representative,Diploma,Marketing,Single,Delhi,Full-Time,2016-09-11,2,2,5,30,1,18000,3,5,3,No,Non-Travel,20,2,141,77,4.3,Naukri,32,No
EMP10050,30,Male,IT,Data Analyst,Master's,Engineering,Single,Chennai,Part-Time,2024-02-25,8,7,7,8,3,44900,4,1,3,No,Travel_Rarely,28,3,204,24,2.7,Employee Referral,21,No
EMP10051,50,Female,Engineering,Project Engineer,Bachelor's,Finance,Married,Chennai,Full-Time,2023-06-17,6,2,7,26,3,18000,4,2,3,No,Non-Travel,25,3,214,91,3.0,Employee Referral,5,No
EMP10052,38,Female,Operations,Operations Manager,Master's,Human Resources,Single,Pune,Full-Time,2019-05-08,12,8,7,18,5,22700,2,3,2,No,Travel_Rarely,26,1,200,16,3.3,Employee Referral,38,Yes
EMP10053,44,Female,Engineering,Engineering Manager,Bachelor's,Finance,Single,Ahmedabad,Full-Time,2018-04-15,5,1,2,22,2,36300,1,3,2,No,Non-Travel,18,6,255,100,2.0,Naukri,19,No
EMP10054,29,Male,Engineering,Mechanical Engineer,Master's,Engineering,Married,Ahmedabad,Full-Time,2021-01-24,5,5,3,5,2,50400,3,4,3,Yes,Travel_Rarely,4,6,199,91,3.3,Recruitment Agency,30,No
EMP10055,51,Male,Marketing,Marketing Executive,Bachelor's,Business,Married,Mumbai,Full-Time,2017-10-30,2,0,7,30,1,18000,4,1,4,Yes,Travel_Rarely,10,6,133,80,2.3,LinkedIn,25,Yes
EMP10056,35,Male,Engineering,Engineering Manager,Bachelor's,Finance,Married,Chennai,Full-Time,2024-06-29,2,1,4,12,1,33900,4,5,3,Yes,Non-Travel,3,3,192,50,4.3,LinkedIn,34,Yes
EMP10057,24,Female,IT,Data Analyst,Master's,Computer Science,Single,Delhi,Full-Time,2025-12-28,0,0,0,0,1,18000,1,1,1,No,Travel_Rarely,26,4,179,69,1.7,Recruitment Agency,24,No
EMP10058,60,Female,IT,IT Support Specialist,Master's,Computer Science,Divorced,Bengaluru,Full-Time,2023-04-02,2,0,4,35,1,40900,2,3,3,No,Travel_Rarely,5,4,159,53,2.3,Employee Referral,25,No
EMP10059,29,Female,IT,IT Support Specialist,Bachelor's,Computer Science,Married,Pune,Full-Time,2022-12-08,8,7,3,8,3,48000,5,1,3,No,Travel_Rarely,12,7,145,42,3.3,Naukri,26,No
EMP10060,29,Male,Finance,Finance Executive,Bachelor's,Marketing,Single,Ahmedabad,Full-Time,2022-04-25,9,0,4,9,4,18000,3,3,3,No,Non-Travel,23,4,133,75,2.7,Employee Referral,28,No
EMP10061,46,Male,Finance,Accountant,Bachelor's,Engineering,Single,Pune,Full-Time,2016-09-09,10,8,5,21,4,29600,4,2,3,No,Travel_Rarely,5,7,155,91,2.7,Company Website,13,Yes
EMP10062,24,Male,HR,HR Analyst,Master's,Business,Single,Noida,Full-Time,2017-05-08,0,0,4,0,1,36400,5,2,3,Yes,Travel_Rarely,5,2,268,32,3.7,LinkedIn,41,No
EMP10063,37,Female,Engineering,Project Engineer,Master's,Computer Science,Single,Pune,Full-Time,2025-01-18,5,1,7,16,2,19300,1,3,3,No,Travel_Rarely,4,1,221,73,2.3,Employee Referral,23,No
EMP10064,36,Male,Finance,Finance Manager,Bachelor's,Computer Science,Single,Ahmedabad,Full-Time,2019-02-04,7,0,4,9,3,28200,2,5,3,No,Travel_Rarely,30,2,237,15,4.0,Naukri,29,No
EMP10065,35,Male,HR,Recruiter,Bachelor's,Marketing,Single,Chennai,Full-Time,2020-05-23,10,8,4,14,4,28900,3,5,3,Yes,Travel_Rarely,25,6,180,72,4.3,LinkedIn,38,No
EMP10066,55,Male,Sales,Sales Executive,Master's,Computer Science,Single,Noida,Full-Time,2023-10-08,12,3,0,34,5,54400,1,1,2,Yes,Travel_Rarely,6,6,171,52,2.0,Naukri,24,No
EMP10067,25,Female,IT,System Administrator,PhD,Human Resources,Married,Mumbai,Full-Time,2016-12-01,0,0,1,0,1,18000,2,3,3,Yes,Non-Travel,10,5,264,34,2.3,Company Website,15,No
EMP10068,25,Female,Engineering,Engineering Manager,Diploma,Marketing,Married,Bengaluru,Full-Time,2021-10-01,4,0,1,4,2,21500,1,4,3,No,Travel_Rarely,6,6,147,92,3.3,LinkedIn,15,No
EMP10069,40,Female,IT,Software Engineer,Bachelor's,Human Resources,Single,Bengaluru,Full-Time,2020-11-11,14,6,2,15,5,18000,4,5,4,Yes,Travel_Rarely,27,4,132,17,4.3,Recruitment Agency,20,No
EMP10070,35,Male,Engineering,Engineering Manager,Bachelor's,Engineering,Single,Delhi,Contract,2021-02-10,4,1,7,15,2,22200,4,5,4,No,Travel_Frequently,22,1,149,46,4.7,Company Website,27,No
EMP10071,38,Male,Operations,Operations Analyst,Diploma,Finance,Married,Kolkata,Part-Time,2023-06-27,4,4,1,12,2,18000,5,2,3,No,Travel_Rarely,22,4,227,99,3.0,Naukri,28,No
EMP10072,22,Male,IT,IT Support Specialist,Bachelor's,Computer Science,Single,Ahmedabad,Contract,2024-07-10,0,0,1,0,1,19600,1,5,3,No,Travel_Rarely,1,1,202,68,3.3,Employee Referral,34,No
EMP10073,49,Male,IT,Data Analyst,Bachelor's,Computer Science,Married,Kolkata,Full-Time,2025-02-13,9,8,1,27,4,18000,4,5,3,No,Travel_Rarely,16,2,203,37,4.0,Campus Hiring,10,Yes
EMP10074,33,Female,Engineering,Mechanical Engineer,Master's,Other,Married,Kolkata,Full-Time,2025-06-02,6,6,7,6,3,23600,2,5,3,No,Non-Travel,11,6,252,62,3.7,Employee Referral,26,No
EMP10075,24,Female,Operations,Operations Executive,Bachelor's,Engineering,Single,Kolkata,Full-Time,2016-07-28,1,0,6,1,1,35700,5,3,4,Yes,Travel_Rarely,6,2,199,80,4.0,Naukri,30,No
EMP10076,30,Other,Operations,Process Associate,Master's,Finance,Single,Gurugram,Full-Time,2025-09-07,3,3,7,3,2,18600,3,3,3,Yes,Travel_Rarely,20,4,274,64,3.7,LinkedIn,29,Yes
EMP10077,51,Male,Operations,Operations Analyst,Master's,Marketing,Single,Pune,Full-Time,2024-07-10,9,7,4,25,4,41900,1,2,4,Yes,Travel_Rarely,18,3,208,45,2.7,Campus Hiring,5,Yes
EMP10078,28,Male,IT,Data Analyst,Diploma,Finance,Married,Kolkata,Full-Time,2018-10-09,6,3,6,6,3,35200,4,1,3,No,Non-Travel,6,1,270,71,2.7,Naukri,21,No
EMP10079,23,Female,Finance,Financial Analyst,Bachelor's,Computer Science,Married,Noida,Full-Time,2019-10-08,1,1,4,1,1,55000,2,5,4,No,Travel_Rarely,17,6,171,24,4.0,LinkedIn,31,No
EMP10080,29,Female,IT,Data Analyst,Bachelor's,Engineering,Married,Mumbai,Full-Time,2023-06-22,6,3,5,6,3,26500,1,1,4,No,Non-Travel,12,5,173,63,2.3,Employee Referral,17,No
EMP10081,50,Female,Engineering,Mechanical Engineer,Master's,Human Resources,Single,Noida,Full-Time,2018-06-12,3,3,7,24,2,21400,2,3,4,No,Travel_Rarely,17,7,209,70,3.3,LinkedIn,13,No
EMP10082,31,Female,Marketing,Digital Marketing Specialist,Bachelor's,Business,Divorced,Hyderabad,Part-Time,2019-07-06,5,4,0,6,2,18000,5,5,3,Yes,Travel_Rarely,21,3,196,63,4.0,Recruitment Agency,29,No
EMP10083,55,Female,Finance,Accountant,Master's,Engineering,Married,Noida,Contract,2016-12-02,6,3,6,35,3,18000,4,1,4,No,Travel_Rarely,22,2,149,78,3.0,Campus Hiring,27,No
EMP10084,57,Male,IT,Data Analyst,Master's,Marketing,Single,Noida,Full-Time,2023-07-26,4,4,4,34,2,20100,4,1,3,Yes,Non-Travel,18,1,176,38,3.3,Employee Referral,26,No
EMP10085,33,Female,Finance,Financial Analyst,Bachelor's,Marketing,Married,Bengaluru,Full-Time,2019-11-19,4,1,4,13,2,21200,5,4,4,Yes,Travel_Rarely,10,3,153,90,3.7,Campus Hiring,18,No
EMP10086,56,Male,Finance,Finance Manager,Bachelor's,Computer Science,Married,Bengaluru,Full-Time,2023-12-06,1,1,1,31,1,63400,2,3,3,No,Travel_Rarely,24,7,275,36,3.0,Company Website,12,No
EMP10087,33,Female,Operations,Operations Analyst,Bachelor's,Other,Single,Ahmedabad,Full-Time,2017-11-05,6,1,0,11,3,20100,1,2,3,No,Non-Travel,20,5,152,90,2.0,Campus Hiring,33,Yes
EMP10088,32,Female,Marketing,Marketing Executive,Master's,Engineering,Married,Ahmedabad,Full-Time,2016-04-14,11,8,0,12,4,18000,2,2,5,Yes,Travel_Rarely,12,3,258,77,2.7,Employee Referral,54,Yes
EMP10089,57,Male,Engineering,Mechanical Engineer,Master's,Business,Divorced,Chennai,Full-Time,2017-12-03,5,2,1,32,2,29700,1,4,4,No,Non-Travel,4,5,252,21,2.3,LinkedIn,9,Yes
EMP10090,30,Female,Sales,Sales Representative,Master's,Engineering,Single,Mumbai,Full-Time,2019-02-21,5,3,6,5,2,28900,5,1,4,No,Travel_Rarely,10,2,244,32,2.7,Recruitment Agency,33,No
EMP10091,29,Female,IT,Data Analyst,Bachelor's,Marketing,Married,Gurugram,Full-Time,2024-09-05,0,0,1,5,1,18000,3,4,3,Yes,Travel_Rarely,30,1,195,59,3.3,Campus Hiring,22,No
EMP10092,27,Female,Operations,Process Associate,Master's,Other,Married,Gurugram,Full-Time,2021-08-15,3,3,0,4,2,57400,1,4,5,Yes,Travel_Frequently,5,2,262,84,2.3,Recruitment Agency,27,No
EMP10093,22,Male,Operations,Operations Executive,Bachelor's,Engineering,Married,Hyderabad,Full-Time,2023-10-18,0,0,3,0,1,18000,4,3,4,No,Travel_Rarely,26,1,147,85,3.3,Employee Referral,23,No
EMP10094,43,Female,Marketing,Marketing Executive,Bachelor's,Computer Science,Married,Mumbai,Full-Time,2019-07-14,11,4,1,16,4,38600,4,5,3,No,Travel_Rarely,4,3,246,82,4.0,Naukri,44,No
EMP10095,59,Male,Operations,Operations Manager,Bachelor's,Marketing,Married,Kolkata,Full-Time,2024-07-11,14,8,1,37,5,19300,4,1,4,No,Travel_Rarely,27,2,164,97,2.3,Naukri,17,No
EMP10096,60,Female,Sales,Sales Executive,Bachelor's,Engineering,Single,Kolkata,Full-Time,2023-05-24,2,2,0,37,1,18000,2,2,3,Yes,Travel_Rarely,30,1,235,91,2.0,LinkedIn,19,Yes
EMP10097,59,Female,Sales,Business Development Executive,Bachelor's,Engineering,Married,Mumbai,Full-Time,2019-07-16,6,2,7,37,3,64900,2,2,2,No,Travel_Rarely,16,6,270,36,3.0,LinkedIn,25,No
EMP10098,41,Female,Sales,Sales Manager,Master's,Computer Science,Single,Ahmedabad,Full-Time,2023-02-11,10,1,6,17,4,30700,2,4,3,No,Travel_Rarely,5,5,278,68,3.7,Naukri,29,Yes
EMP10099,43,Male,IT,IT Support Specialist,PhD,Computer Science,Married,Hyderabad,Full-Time,2024-03-08,11,0,3,17,4,19300,4,4,2,No,Travel_Rarely,26,1,168,18,3.7,Company Website,36,No
EMP10100,49,Female,IT,IT Support Specialist,Bachelor's,Engineering,Married,Delhi,Full-Time,2017-11-04,9,5,5,24,4,19100,1,4,3,Yes,Travel_Rarely,19,6,276,42,2.3,Employee Referral,28,Yes
EMP10101,34,Female,IT,Data Analyst,Bachelor's,Other,Single,Chennai,Full-Time,2019-05-03,3,1,3,12,2,24900,4,1,3,No,Travel_Rarely,24,2,220,79,3.3,Naukri,26,No
EMP10102,46,Female,Marketing,Digital Marketing Specialist,Diploma,Business,Divorced,Delhi,Full-Time,2024-02-23,14,7,2,23,5,18000,1,4,2,No,Non-Travel,6,2,243,60,3.3,Company Website,20,No
EMP10103,25,Female,Finance,Financial Analyst,Diploma,Marketing,Married,Noida,Full-Time,2022-06-29,0,0,7,0,1,39500,2,4,3,No,Travel_Rarely,24,3,268,49,3.7,Naukri,29,No
EMP10104,51,Female,Sales,Sales Manager,Master's,Engineering,Single,Kolkata,Full-Time,2023-04-17,7,4,3,28,3,22900,3,5,3,No,Travel_Rarely,21,5,164,15,4.3,Employee Referral,18,No
EMP10105,45,Female,Engineering,Engineering Manager,Bachelor's,Computer Science,Divorced,Kolkata,Full-Time,2018-01-26,15,1,7,23,5,34800,2,1,3,No,Travel_Rarely,7,1,213,13,2.0,Recruitment Agency,26,Yes
EMP10106,51,Male,HR,Recruiter,Bachelor's,Marketing,Married,Mumbai,Contract,2018-12-24,10,6,1,28,4,24200,5,3,2,No,Travel_Rarely,10,2,205,12,4.0,Employee Referral,22,No
EMP10107,40,Male,Sales,Business Development Executive,Diploma,Computer Science,Married,Gurugram,Full-Time,2016-07-19,13,1,4,13,5,32600,1,3,3,No,Travel_Frequently,7,1,186,22,2.0,LinkedIn,15,No
EMP10108,37,Female,Operations,Process Associate,Diploma,Marketing,Single,Bengaluru,Full-Time,2016-08-29,8,4,0,12,3,40400,3,5,4,No,Travel_Rarely,22,4,157,35,3.3,Company Website,38,No
EMP10109,22,Male,HR,Recruiter,Master's,Engineering,Married,Pune,Full-Time,2024-06-05,0,0,7,0,1,46900,2,2,4,No,Travel_Rarely,14,5,195,43,3.0,Employee Referral,15,Yes
EMP10110,45,Female,IT,Data Analyst,Diploma,Human Resources,Married,Hyderabad,Full-Time,2025-01-03,15,1,5,20,5,27500,3,3,2,No,Travel_Rarely,28,5,194,86,3.0,Company Website,20,No
EMP10111,33,Female,HR,Recruiter,Bachelor's,Human Resources,Single,Chennai,Full-Time,2021-08-12,4,4,1,10,2,18000,4,1,3,No,Travel_Rarely,10,6,279,62,3.0,Recruitment Agency,10,Yes
EMP10112,59,Male,IT,Data Analyst,Bachelor's,Other,Single,Noida,Full-Time,2023-12-11,3,3,5,32,2,20400,1,2,3,Yes,Travel_Rarely,30,4,180,56,2.3,LinkedIn,22,Yes
EMP10113,48,Female,Engineering,Project Engineer,Bachelor's,Finance,Single,Kolkata,Full-Time,2020-01-27,13,4,0,21,5,21800,5,4,3,No,Travel_Rarely,29,5,220,17,3.7,Naukri,28,No
EMP10114,26,Male,Engineering,Project Engineer,Bachelor's,Human Resources,Single,Ahmedabad,Part-Time,2018-08-25,4,4,5,4,2,18000,4,1,4,Yes,Travel_Rarely,20,4,266,85,2.7,Naukri,16,No
EMP10115,23,Female,Marketing,Content Strategist,Master's,Finance,Single,Pune,Full-Time,2024-03-31,0,0,3,0,1,18000,3,2,3,No,Non-Travel,22,1,195,17,2.7,Employee Referral,8,No
EMP10116,55,Male,Engineering,Project Engineer,Diploma,Marketing,Married,Mumbai,Contract,2022-06-10,9,1,0,32,4,23800,2,3,3,Yes,Travel_Rarely,25,7,262,28,2.3,Company Website,21,No
EMP10117,38,Male,Engineering,Mechanical Engineer,Bachelor's,Other,Single,Hyderabad,Full-Time,2016-11-09,14,2,1,15,5,18000,1,4,3,No,Travel_Rarely,11,4,210,83,3.0,LinkedIn,23,Yes
EMP10118,31,Female,IT,IT Support Specialist,Bachelor's,Other,Married,Mumbai,Full-Time,2022-11-30,5,1,7,8,2,18000,5,4,5,No,Travel_Frequently,14,3,192,41,4.0,Naukri,22,Yes
EMP10119,40,Female,Engineering,Electrical Engineer,Bachelor's,Other,Single,Delhi,Full-Time,2023-10-14,10,4,4,17,4,18000,2,1,3,Yes,Travel_Rarely,12,6,228,30,2.7,Company Website,38,No
EMP10120,25,Female,Sales,Business Development Executive,Bachelor's,Computer Science,Divorced,Mumbai,Full-Time,2018-06-01,3,3,1,3,2,27300,5,4,3,No,Travel_Frequently,4,4,180,73,4.0,Recruitment Agency,27,Yes
EMP10121,39,Male,Engineering,Project Engineer,Diploma,Computer Science,Married,Noida,Full-Time,2025-07-14,3,3,6,15,2,25700,1,2,3,Yes,Travel_Rarely,13,1,201,32,1.7,Naukri,26,Yes
EMP10122,42,Male,Engineering,Mechanical Engineer,Bachelor's,Computer Science,Married,Mumbai,Full-Time,2017-05-12,7,2,7,18,3,19000,3,5,3,No,Non-Travel,22,5,172,100,3.3,LinkedIn,27,No
EMP10123,39,Male,Finance,Accountant,Master's,Engineering,Single,Hyderabad,Part-Time,2020-04-06,2,2,2,19,1,34500,5,3,4,No,Travel_Rarely,22,3,196,98,4.3,Company Website,27,No
EMP10124,36,Male,IT,System Administrator,Bachelor's,Marketing,Married,Pune,Contract,2025-05-21,10,7,0,13,4,18000,1,1,1,No,Travel_Rarely,29,4,194,80,2.0,Naukri,20,No
EMP10125,44,Female,HR,HR Manager,Master's,Engineering,Married,Bengaluru,Full-Time,2021-10-19,4,3,1,21,2,26100,5,5,3,No,Travel_Frequently,3,6,191,51,4.7,Company Website,16,No
EMP10126,24,Female,Sales,Sales Manager,Master's,Finance,Single,Hyderabad,Full-Time,2021-03-20,4,4,3,4,2,22600,2,5,3,No,Travel_Rarely,13,6,219,44,4.0,Company Website,46,No
EMP10127,35,Female,Engineering,Engineering Manager,Bachelor's,Finance,Single,Ahmedabad,Full-Time,2024-06-11,11,5,3,11,4,18000,5,1,2,No,Travel_Rarely,20,1,233,11,3.0,Employee Referral,23,No
EMP10128,45,Female,Engineering,Project Engineer,Bachelor's,Computer Science,Single,Bengaluru,Full-Time,2022-09-19,15,6,7,18,5,18000,2,2,3,No,Travel_Frequently,19,3,180,80,2.0,Recruitment Agency,24,No
EMP10129,55,Male,IT,IT Support Specialist,Master's,Computer Science,Married,Gurugram,Full-Time,2021-06-17,0,0,6,28,1,18000,2,3,3,No,Travel_Frequently,15,3,236,85,3.3,Naukri,24,Yes
EMP10130,34,Male,Sales,Sales Representative,Master's,Marketing,Married,Ahmedabad,Full-Time,2020-03-20,12,2,5,13,5,24700,1,1,3,No,Non-Travel,19,3,167,61,1.3,Campus Hiring,17,No
EMP10131,39,Male,Sales,Sales Representative,Bachelor's,Finance,Married,Gurugram,Full-Time,2024-06-20,14,5,1,14,5,28800,4,5,3,Yes,Travel_Rarely,26,4,196,26,3.7,Recruitment Agency,26,No
EMP10132,58,Female,HR,HR Executive,Bachelor's,Marketing,Married,Bengaluru,Full-Time,2021-06-21,5,2,5,37,2,18200,5,5,2,Yes,Travel_Rarely,28,1,206,95,5.0,Naukri,12,Yes
EMP10133,56,Female,IT,Data Analyst,Bachelor's,Finance,Single,Kolkata,Full-Time,2024-01-21,10,6,2,32,4,18000,3,1,4,Yes,Non-Travel,20,1,229,18,2.7,LinkedIn,30,No
EMP10134,27,Female,Finance,Accountant,Diploma,Business,Single,Kolkata,Full-Time,2019-08-25,1,1,0,1,1,23400,2,5,4,No,Travel_Frequently,29,1,234,61,3.7,Campus Hiring,22,No
EMP10135,50,Female,Engineering,Project Engineer,Bachelor's,Marketing,Married,Noida,Full-Time,2025-03-20,7,2,2,27,3,18000,4,1,4,No,Travel_Rarely,4,7,177,12,3.3,Employee Referral,34,No
EMP10136,39,Female,Finance,Accountant,Bachelor's,Business,Married,Delhi,Full-Time,2020-04-21,8,0,4,18,3,22400,2,1,3,Yes,Travel_Rarely,6,2,269,31,2.7,Naukri,29,Yes
EMP10137,45,Female,Sales,Sales Manager,Master's,Engineering,Divorced,Ahmedabad,Full-Time,2021-09-09,7,5,6,23,3,44500,4,3,3,Yes,Travel_Frequently,29,5,149,63,3.3,Naukri,28,No
EMP10138,36,Female,Operations,Operations Manager,Master's,Other,Married,Bengaluru,Full-Time,2024-07-30,9,0,5,9,4,18000,4,1,3,No,Non-Travel,15,1,232,45,3.3,Company Website,17,No
EMP10139,60,Female,Finance,Accountant,Bachelor's,Finance,Single,Gurugram,Full-Time,2019-05-29,7,0,1,38,3,20300,3,5,3,Yes,Travel_Frequently,4,2,201,48,3.3,LinkedIn,25,No
EMP10140,28,Male,Engineering,Mechanical Engineer,Master's,Business,Married,Chennai,Part-Time,2025-05-23,8,7,5,8,3,34900,4,4,4,No,Travel_Rarely,6,2,246,27,4.0,Employee Referral,31,No
EMP10141,38,Male,Engineering,Mechanical Engineer,Bachelor's,Engineering,Single,Kolkata,Full-Time,2025-06-16,13,8,2,14,5,30900,3,3,4,No,Travel_Rarely,2,3,240,90,2.7,Employee Referral,25,No
EMP10142,48,Male,HR,HR Manager,Bachelor's,Marketing,Married,Ahmedabad,Full-Time,2020-03-21,12,1,7,24,5,22600,1,5,4,No,Travel_Rarely,4,5,259,36,3.3,Recruitment Agency,12,No
EMP10143,36,Male,Sales,Business Development Executive,Bachelor's,Business,Married,Kolkata,Full-Time,2020-06-28,2,2,6,15,1,21500,2,5,3,Yes,Non-Travel,18,3,249,76,3.0,Company Website,33,No
EMP10144,39,Male,Finance,Accountant,Bachelor's,Business,Single,Delhi,Full-Time,2019-09-22,3,3,4,16,2,18000,3,3,4,No,Travel_Rarely,15,5,263,22,3.7,Company Website,31,No
EMP10145,37,Male,HR,HR Executive,Bachelor's,Engineering,Married,Chennai,Full-Time,2022-01-18,13,7,2,13,5,27500,2,3,4,No,Travel_Rarely,12,7,212,26,3.3,Employee Referral,10,No
EMP10146,33,Male,IT,IT Support Specialist,Bachelor's,Other,Married,Bengaluru,Full-Time,2021-02-21,12,6,4,12,5,18000,5,5,3,Yes,Travel_Rarely,8,3,257,70,4.3,Naukri,25,No
EMP10147,27,Male,Marketing,Marketing Manager,Diploma,Business,Single,Pune,Full-Time,2017-07-17,6,6,6,6,3,18000,1,4,3,No,Travel_Rarely,12,6,237,27,3.0,Employee Referral,31,Yes
EMP10148,47,Male,Sales,Sales Manager,Bachelor's,Engineering,Married,Delhi,Contract,2022-01-14,3,3,3,22,2,34700,5,2,3,No,Travel_Rarely,9,4,213,26,4.0,Employee Referral,19,No
EMP10149,30,Female,IT,System Administrator,Bachelor's,Human Resources,Married,Noida,Part-Time,2021-08-22,5,1,3,5,2,26200,5,5,3,Yes,Travel_Rarely,7,5,267,65,4.7,Campus Hiring,12,Yes
EMP10150,54,Male,HR,Recruiter,Diploma,Finance,Single,Chennai,Contract,2019-04-24,14,4,1,30,5,32700,4,3,4,No,Travel_Rarely,22,6,248,57,4.0,Employee Referral,14,No
EMP10151,56,Female,Engineering,Mechanical Engineer,Bachelor's,Finance,Single,Ahmedabad,Full-Time,2018-01-03,13,2,7,35,5,18000,4,1,3,Yes,Travel_Rarely,8,2,223,25,2.7,Employee Referral,23,No
EMP10152,45,Male,HR,HR Manager,Bachelor's,Finance,Single,Pune,Full-Time,2018-01-22,10,8,2,25,4,27200,5,1,3,No,Travel_Rarely,20,2,238,95,3.7,LinkedIn,32,No
EMP10153,26,Male,IT,Software Engineer,Master's,Business,Married,Mumbai,Full-Time,2022-06-14,4,4,3,6,2,18100,4,3,3,No,Travel_Rarely,10,5,263,34,4.0,Recruitment Agency,14,No
EMP10154,44,Female,Sales,Sales Manager,Bachelor's,Business,Married,Gurugram,Full-Time,2016-05-27,12,0,5,19,5,19000,2,3,3,Yes,Non-Travel,11,3,207,74,2.7,Naukri,14,No
EMP10155,38,Female,Engineering,Electrical Engineer,Master's,Computer Science,Single,Pune,Full-Time,2021-04-09,8,2,6,14,3,34100,4,2,3,Yes,Travel_Rarely,2,7,260,36,2.7,Recruitment Agency,21,No
EMP10156,43,Female,HR,HR Executive,Master's,Computer Science,Married,Mumbai,Full-Time,2018-10-17,11,3,0,16,4,20600,5,3,5,No,Travel_Rarely,30,4,153,23,4.0,Naukri,30,No
EMP10157,26,Male,Operations,Operations Analyst,Bachelor's,Engineering,Married,Hyderabad,Full-Time,2018-12-14,3,3,6,3,2,18000,4,1,3,No,Travel_Rarely,4,4,276,59,2.3,LinkedIn,40,No
EMP10158,49,Male,Operations,Operations Executive,Bachelor's,Business,Divorced,Ahmedabad,Full-Time,2024-02-22,9,5,5,23,4,18000,4,4,4,No,Travel_Rarely,21,1,138,38,3.3,Recruitment Agency,25,No
EMP10159,45,Male,HR,HR Analyst,Bachelor's,Engineering,Married,Gurugram,Part-Time,2023-03-03,12,3,3,18,5,25900,3,3,4,No,Travel_Rarely,25,5,225,90,2.7,Campus Hiring,18,No
EMP10160,37,Male,Operations,Operations Manager,Master's,Marketing,Single,Gurugram,Full-Time,2020-09-29,11,0,3,17,4,35500,3,2,2,No,Travel_Rarely,21,4,206,37,3.0,Campus Hiring,17,Yes
EMP10161,44,Female,Finance,Accountant,Master's,Other,Married,Bengaluru,Full-Time,2023-06-08,13,7,2,24,5,18000,5,4,4,Yes,Travel_Rarely,25,3,211,30,4.0,LinkedIn,36,Yes
EMP10162,31,Female,Marketing,Content Strategist,Bachelor's,Business,Married,Ahmedabad,Full-Time,2020-11-20,0,0,4,4,1,30000,2,2,3,No,Non-Travel,9,3,215,33,3.0,Campus Hiring,13,No
EMP10163,46,Male,Marketing,Marketing Manager,Bachelor's,Human Resources,Divorced,Gurugram,Full-Time,2017-11-22,13,7,0,21,5,18000,1,4,3,No,Travel_Rarely,8,2,189,55,3.3,Company Website,26,Yes
EMP10164,54,Male,Sales,Sales Executive,Bachelor's,Marketing,Married,Ahmedabad,Full-Time,2023-01-01,13,5,0,29,5,30900,1,3,3,No,Non-Travel,5,4,280,69,2.0,Company Website,36,No
EMP10165,48,Female,IT,IT Support Specialist,Master's,Business,Single,Kolkata,Part-Time,2023-03-18,7,7,4,24,3,22400,5,1,3,Yes,Travel_Rarely,14,4,190,29,3.3,Recruitment Agency,23,No
EMP10166,23,Male,Engineering,Engineering Manager,Bachelor's,Finance,Single,Mumbai,Full-Time,2025-12-23,0,0,2,0,1,24800,2,4,2,No,Non-Travel,28,3,264,61,2.7,Employee Referral,14,Yes
EMP10167,31,Male,Finance,Accountant,Diploma,Engineering,Married,Chennai,Full-Time,2024-03-03,9,4,3,9,4,18000,2,5,4,No,Non-Travel,2,2,204,31,3.3,LinkedIn,29,No
EMP10168,58,Male,IT,System Administrator,Bachelor's,Human Resources,Single,Bengaluru,Full-Time,2021-09-23,0,0,4,32,1,25900,2,2,3,No,Travel_Frequently,21,4,168,77,3.0,Company Website,25,No
EMP10169,34,Male,IT,Data Analyst,Bachelor's,Computer Science,Married,Pune,Full-Time,2020-10-11,7,7,6,7,3,18000,3,4,2,No,Travel_Rarely,27,7,251,25,4.0,Employee Referral,28,No
EMP10170,46,Female,Marketing,Digital Marketing Specialist,Bachelor's,Finance,Single,Hyderabad,Part-Time,2021-11-03,1,1,6,19,1,18300,5,2,4,No,Travel_Frequently,17,7,235,30,4.0,Recruitment Agency,29,No
EMP10171,41,Female,Operations,Operations Executive,Bachelor's,Human Resources,Married,Gurugram,Full-Time,2020-12-10,6,6,6,20,3,18000,1,1,4,Yes,Travel_Rarely,8,3,227,53,2.3,Naukri,29,No
EMP10172,59,Other,IT,Software Engineer,Master's,Computer Science,Married,Noida,Full-Time,2025-03-17,14,7,0,39,5,18000,2,2,3,No,Travel_Rarely,2,2,262,71,2.3,Campus Hiring,27,Yes
EMP10173,50,Other,Sales,Business Development Executive,Diploma,Business,Divorced,Noida,Part-Time,2016-09-20,7,6,0,23,3,18000,5,2,2,Yes,Travel_Rarely,23,2,221,30,3.7,Campus Hiring,30,Yes
EMP10174,28,Female,HR,HR Executive,Diploma,Marketing,Divorced,Delhi,Full-Time,2025-02-21,0,0,6,6,1,25400,1,5,3,Yes,Travel_Rarely,15,3,143,20,3.3,LinkedIn,36,No
EMP10175,40,Male,Marketing,Marketing Executive,Bachelor's,Marketing,Married,Chennai,Part-Time,2024-05-13,13,8,6,13,5,28800,3,2,2,No,Travel_Rarely,27,2,145,69,2.7,LinkedIn,17,No
EMP10176,52,Male,IT,Software Engineer,Bachelor's,Human Resources,Single,Mumbai,Full-Time,2019-06-02,2,2,6,29,1,18000,4,4,3,No,Travel_Rarely,2,6,259,46,4.3,Company Website,22,No
EMP10177,42,Male,Operations,Process Associate,Diploma,Other,Single,Gurugram,Full-Time,2016-08-03,6,5,3,20,3,20500,1,2,4,No,Travel_Rarely,28,6,276,53,2.3,Campus Hiring,31,Yes
EMP10178,27,Female,Finance,Finance Executive,Master's,Finance,Married,Chennai,Full-Time,2016-08-18,3,3,3,3,2,47000,1,3,1,No,Travel_Frequently,11,2,280,31,2.3,Company Website,23,No
EMP10179,29,Male,Engineering,Mechanical Engineer,Bachelor's,Computer Science,Married,Kolkata,Full-Time,2020-09-21,6,0,1,6,3,23400,1,2,3,No,Travel_Rarely,14,1,143,93,1.7,Campus Hiring,13,Yes
EMP10180,21,Female,IT,Software Engineer,Master's,Human Resources,Single,Ahmedabad,Full-Time,2023-05-25,0,0,5,0,1,18000,4,3,4,No,Travel_Rarely,30,2,192,75,3.3,Employee Referral,27,No
EMP10181,49,Female,Finance,Finance Manager,Master's,Engineering,Married,Delhi,Full-Time,2019-04-15,7,0,4,22,3,18000,2,2,1,Yes,Travel_Frequently,21,7,137,52,3.0,Employee Referral,20,No
EMP10182,28,Male,IT,IT Support Specialist,Bachelor's,Engineering,Married,Gurugram,Full-Time,2025-12-13,3,2,3,3,2,18000,4,2,1,No,Travel_Frequently,10,4,156,84,3.7,LinkedIn,43,No
EMP10183,24,Male,Engineering,Mechanical Engineer,Diploma,Other,Married,Mumbai,Full-Time,2023-07-12,0,0,1,0,1,18000,1,4,3,Yes,Travel_Rarely,7,2,240,30,3.3,LinkedIn,33,Yes
EMP10184,55,Male,Engineering,Electrical Engineer,Bachelor's,Engineering,Married,Noida,Full-Time,2020-03-20,9,0,2,33,4,53600,3,3,4,No,Travel_Frequently,22,4,169,42,2.7,Employee Referral,34,No
EMP10185,23,Male,HR,HR Manager,Bachelor's,Computer Science,Married,Bengaluru,Part-Time,2020-10-12,0,0,6,0,1,18000,1,3,4,No,Non-Travel,14,3,197,26,2.7,Employee Referral,24,No
EMP10186,60,Male,Marketing,Marketing Executive,Master's,Marketing,Divorced,Noida,Full-Time,2017-12-07,7,7,0,40,3,22500,3,5,4,Yes,Non-Travel,13,2,252,45,4.3,Company Website,27,Yes
EMP10187,27,Male,Engineering,Mechanical Engineer,Bachelor's,Marketing,Single,Delhi,Full-Time,2017-05-27,0,0,4,1,1,26000,5,2,3,Yes,Non-Travel,21,3,190,23,3.0,Company Website,21,No
EMP10188,47,Male,Sales,Sales Representative,Master's,Finance,Single,Ahmedabad,Full-Time,2024-09-10,15,0,5,22,5,36200,3,2,4,No,Travel_Rarely,22,5,257,46,2.7,Employee Referral,16,No
EMP10189,21,Male,Sales,Sales Representative,Master's,Other,Married,Kolkata,Full-Time,2021-03-11,0,0,2,0,1,22100,1,4,1,No,Non-Travel,2,7,237,40,3.0,LinkedIn,16,No
EMP10190,47,Male,HR,HR Manager,Bachelor's,Computer Science,Married,Chennai,Full-Time,2019-01-29,12,2,4,27,5,18000,4,5,3,No,Non-Travel,10,6,275,13,4.3,Employee Referral,43,No
EMP10191,36,Female,IT,System Administrator,Bachelor's,Business,Married,Noida,Full-Time,2022-06-10,6,6,4,14,3,18000,1,5,3,No,Non-Travel,1,2,178,15,3.0,Company Website,28,No
EMP10192,58,Female,Engineering,Electrical Engineer,Master's,Other,Married,Kolkata,Full-Time,2021-04-20,12,7,3,33,5,25900,1,4,3,No,Travel_Rarely,1,3,132,59,3.0,Employee Referral,12,No
EMP10193,27,Female,Engineering,Engineering Manager,Diploma,Business,Married,Ahmedabad,Contract,2021-06-15,7,2,1,7,3,18000,5,3,3,No,Travel_Rarely,24,5,206,94,3.7,Company Website,33,No
EMP10194,43,Male,Marketing,Digital Marketing Specialist,Diploma,Engineering,Single,Delhi,Full-Time,2016-12-16,7,6,4,18,3,18000,2,1,3,No,Non-Travel,3,4,271,86,1.7,Employee Referral,48,No
EMP10195,31,Female,Finance,Financial Analyst,Bachelor's,Human Resources,Married,Gurugram,Full-Time,2018-03-13,0,0,5,9,1,18000,1,4,3,Yes,Travel_Rarely,11,4,258,47,3.3,Naukri,10,No
EMP10196,53,Male,Finance,Accountant,Master's,Human Resources,Divorced,Noida,Full-Time,2017-03-26,5,3,2,30,2,18000,5,3,3,No,Travel_Rarely,19,6,221,88,3.3,Naukri,29,No
EMP10197,56,Male,Operations,Operations Analyst,Bachelor's,Human Resources,Married,Mumbai,Full-Time,2019-07-16,6,6,5,30,3,50700,4,5,4,No,Travel_Rarely,9,6,252,14,4.7,Naukri,14,No
EMP10198,57,Female,Engineering,Project Engineer,Bachelor's,Marketing,Married,Delhi,Full-Time,2025-06-05,13,3,4,36,5,28800,5,4,4,No,Travel_Rarely,13,7,247,47,4.3,Employee Referral,34,No
EMP10199,37,Male,Engineering,Electrical Engineer,Master's,Marketing,Married,Ahmedabad,Full-Time,2024-02-28,10,2,7,11,4,45700,5,1,3,No,Travel_Frequently,22,7,140,33,3.0,Naukri,5,Yes
EMP10200,55,Female,Operations,Operations Analyst,Bachelor's,Other,Married,Delhi,Full-Time,2024-07-06,4,4,5,32,2,27400,3,2,3,No,Travel_Rarely,4,4,133,27,2.7,LinkedIn,25,Yes
EMP10201,25,Female,Marketing,Content Strategist,Diploma,Computer Science,Single,Hyderabad,Full-Time,2018-06-20,0,0,5,0,1,43700,2,4,3,Yes,Travel_Rarely,20,4,139,41,2.7,Recruitment Agency,28,Yes
EMP10202,52,Female,IT,System Administrator,Master's,Computer Science,Single,Pune,Full-Time,2023-09-10,4,4,6,26,2,26000,2,1,2,No,Travel_Frequently,23,4,210,80,1.7,Company Website,12,Yes
EMP10203,23,Male,IT,IT Support Specialist,Bachelor's,Finance,Married,Noida,Full-Time,2023-08-12,0,0,7,0,1,30500,4,1,4,Yes,Travel_Rarely,6,1,200,99,3.0,LinkedIn,28,No
EMP10204,55,Female,Engineering,Mechanical Engineer,Bachelor's,Computer Science,Married,Gurugram,Full-Time,2016-03-03,14,7,1,30,5,18000,5,4,2,Yes,Travel_Rarely,2,7,232,81,4.0,Employee Referral,20,Yes
EMP10205,34,Male,Marketing,Content Strategist,Diploma,Finance,Married,Mumbai,Part-Time,2020-11-23,10,3,7,14,4,18000,4,3,3,No,Travel_Rarely,9,6,270,98,4.0,Employee Referral,40,No
EMP10206,51,Other,IT,Software Engineer,Bachelor's,Engineering,Married,Kolkata,Contract,2017-05-19,14,1,0,27,5,22400,4,4,2,No,Travel_Rarely,18,3,151,39,4.0,Company Website,11,Yes
EMP10207,51,Female,IT,System Administrator,Bachelor's,Engineering,Married,Noida,Full-Time,2024-03-11,15,5,7,26,5,22600,2,5,4,No,Travel_Rarely,24,5,185,97,3.7,Employee Referral,32,No
EMP10208,37,Female,Operations,Operations Manager,Bachelor's,Marketing,Married,Chennai,Full-Time,2022-05-01,2,1,4,11,1,21300,2,1,2,Yes,Travel_Rarely,4,5,251,39,2.3,LinkedIn,23,Yes
EMP10209,44,Female,IT,IT Support Specialist,Bachelor's,Other,Single,Gurugram,Full-Time,2020-08-26,5,2,2,18,2,27000,2,1,3,No,Travel_Rarely,26,2,221,14,2.0,Naukri,36,No
EMP10210,43,Male,IT,System Administrator,PhD,Other,Married,Mumbai,Full-Time,2023-01-26,6,0,6,17,3,27500,1,2,2,Yes,Travel_Rarely,1,3,226,13,1.7,LinkedIn,36,Yes
EMP10211,38,Female,Sales,Sales Executive,Bachelor's,Other,Single,Delhi,Full-Time,2024-08-16,0,0,6,15,1,32500,5,1,4,No,Travel_Rarely,1,6,270,60,3.0,Naukri,22,No
EMP10212,34,Male,Operations,Operations Manager,Bachelor's,Marketing,Single,Pune,Full-Time,2020-07-11,11,8,0,13,4,29800,4,2,4,No,Travel_Rarely,25,1,130,18,3.7,Company Website,24,No
EMP10213,35,Male,Marketing,Marketing Executive,Master's,Marketing,Married,Kolkata,Full-Time,2019-04-23,1,1,5,10,1,37900,5,1,3,No,Travel_Rarely,20,1,167,64,3.0,Naukri,32,No
EMP10214,35,Female,HR,HR Analyst,Master's,Business,Divorced,Noida,Contract,2024-03-12,8,6,0,8,3,38000,4,1,4,No,Travel_Rarely,17,3,171,42,3.3,Company Website,29,No
EMP10215,26,Male,Operations,Operations Analyst,Master's,Finance,Married,Noida,Contract,2022-12-17,1,1,3,1,1,23800,4,4,4,Yes,Travel_Rarely,19,4,214,40,4.3,Company Website,23,No
EMP10216,47,Female,HR,HR Analyst,Bachelor's,Human Resources,Divorced,Kolkata,Full-Time,2020-05-13,3,1,3,22,2,56200,4,4,4,No,Travel_Rarely,3,4,166,92,4.3,Naukri,16,No
EMP10217,35,Male,Finance,Finance Manager,Bachelor's,Human Resources,Single,Pune,Full-Time,2025-06-03,8,7,4,8,3,40600,4,5,4,No,Travel_Rarely,23,3,227,63,4.0,LinkedIn,27,No
EMP10218,56,Female,Operations,Process Associate,PhD,Engineering,Married,Pune,Full-Time,2024-01-29,15,5,6,36,5,18000,3,3,3,No,Travel_Rarely,22,6,191,70,3.7,Naukri,14,No
EMP10219,28,Female,Marketing,Marketing Executive,Bachelor's,Finance,Single,Noida,Part-Time,2021-01-12,3,3,2,3,2,26300,3,5,3,No,Travel_Rarely,24,5,260,75,4.3,Naukri,30,Yes
EMP10220,35,Female,Engineering,Project Engineer,Master's,Business,Married,Chennai,Full-Time,2018-02-02,10,3,7,12,4,18000,1,1,5,No,Travel_Rarely,23,4,159,29,2.0,Employee Referral,34,No
EMP10221,23,Female,Marketing,Marketing Executive,Diploma,Business,Married,Ahmedabad,Full-Time,2023-12-12,1,1,3,1,1,18000,2,5,3,No,Travel_Frequently,17,2,211,85,3.7,Campus Hiring,17,No
EMP10222,33,Other,Marketing,Marketing Executive,Bachelor's,Engineering,Divorced,Chennai,Full-Time,2022-07-06,9,2,5,9,4,18000,4,4,5,No,Travel_Frequently,3,6,152,94,3.7,Employee Referral,20,No
EMP10223,54,Male,IT,Data Analyst,Diploma,Engineering,Single,Gurugram,Full-Time,2025-08-12,9,6,1,28,4,18000,5,1,3,No,Travel_Rarely,25,6,195,70,3.3,Employee Referral,18,No
EMP10224,44,Female,Finance,Accountant,Bachelor's,Marketing,Married,Hyderabad,Contract,2025-01-22,5,2,1,19,2,18000,3,1,3,Yes,Travel_Frequently,4,1,131,45,2.7,Naukri,33,Yes
EMP10225,60,Female,HR,HR Manager,Diploma,Business,Single,Mumbai,Full-Time,2024-01-30,0,0,7,40,1,25500,2,5,3,Yes,Non-Travel,27,7,192,93,3.0,Employee Referral,24,No
EMP10226,52,Male,HR,HR Executive,Master's,Marketing,Single,Bengaluru,Full-Time,2022-05-28,9,5,5,29,4,38200,1,2,4,Yes,Travel_Frequently,28,4,134,29,2.0,Employee Referral,21,No
EMP10227,52,Male,Engineering,Engineering Manager,Bachelor's,Engineering,Single,Ahmedabad,Full-Time,2017-03-01,4,4,7,27,2,37300,2,3,3,No,Non-Travel,27,5,258,54,2.7,LinkedIn,30,No
EMP10228,50,Female,Finance,Finance Executive,Master's,Human Resources,Married,Hyderabad,Full-Time,2022-05-31,6,3,7,23,3,26500,4,5,2,Yes,Travel_Rarely,29,6,279,55,4.3,Recruitment Agency,20,No
EMP10229,33,Male,Engineering,Mechanical Engineer,Diploma,Business,Single,Pune,Full-Time,2018-04-12,13,5,0,13,5,18000,2,5,4,Yes,Travel_Rarely,13,4,203,27,3.3,LinkedIn,22,Yes
EMP10230,21,Male,Marketing,Marketing Executive,Master's,Business,Single,Mumbai,Full-Time,2017-05-14,0,0,5,0,1,18000,4,3,5,No,Travel_Frequently,30,4,238,79,3.3,Company Website,14,No
EMP10231,54,Male,Operations,Operations Manager,Master's,Computer Science,Married,Gurugram,Full-Time,2025-12-06,5,5,0,33,2,29300,3,1,3,No,Travel_Rarely,30,1,153,83,2.3,Company Website,32,No
EMP10232,35,Male,Sales,Sales Manager,Master's,Business,Single,Pune,Full-Time,2018-04-24,10,6,0,10,4,18000,3,1,3,No,Travel_Rarely,30,2,188,27,2.3,Campus Hiring,14,Yes
EMP10233,34,Female,Marketing,Marketing Manager,Master's,Marketing,Married,Noida,Full-Time,2023-05-24,11,3,1,11,4,18000,4,2,3,No,Travel_Frequently,15,6,152,73,3.3,Recruitment Agency,37,No
EMP10234,49,Female,Sales,Business Development Executive,Bachelor's,Computer Science,Married,Kolkata,Full-Time,2018-11-26,11,1,7,29,4,27500,5,5,4,Yes,Travel_Rarely,12,7,275,43,4.0,Recruitment Agency,26,No
EMP10235,54,Female,IT,IT Support Specialist,Master's,Other,Divorced,Noida,Part-Time,2020-03-29,8,6,7,27,3,21600,3,3,1,No,Travel_Rarely,3,2,218,88,3.3,Company Website,23,No
EMP10236,38,Male,Operations,Process Associate,Bachelor's,Business,Single,Hyderabad,Full-Time,2023-05-05,7,2,3,18,3,20000,5,5,3,Yes,Non-Travel,21,5,151,12,4.0,Employee Referral,24,Yes
EMP10237,27,Female,HR,HR Analyst,Bachelor's,Computer Science,Single,Bengaluru,Full-Time,2019-11-21,2,0,5,2,1,36300,4,4,3,No,Travel_Frequently,8,7,173,81,3.7,LinkedIn,39,No
EMP10238,49,Female,IT,Software Engineer,Bachelor's,Business,Single,Gurugram,Full-Time,2018-01-19,3,1,3,29,2,36000,4,5,3,Yes,Travel_Frequently,1,3,173,20,4.7,Company Website,12,Yes
EMP10239,51,Female,Marketing,Marketing Executive,Diploma,Finance,Single,Kolkata,Contract,2022-09-09,12,8,4,30,5,49100,3,5,3,No,Travel_Frequently,18,3,166,55,3.7,Recruitment Agency,13,No
EMP10240,45,Female,IT,Data Analyst,Bachelor's,Human Resources,Single,Pune,Full-Time,2020-05-09,10,7,2,25,4,18000,5,4,3,Yes,Travel_Rarely,13,7,136,51,4.0,Company Website,33,No
EMP10241,58,Female,Engineering,Mechanical Engineer,Bachelor's,Other,Single,Chennai,Full-Time,2021-05-01,11,5,1,32,4,26700,4,4,4,No,Travel_Rarely,7,3,153,26,4.3,LinkedIn,16,No
EMP10242,34,Male,Engineering,Project Engineer,Bachelor's,Marketing,Married,Ahmedabad,Contract,2018-11-11,4,4,6,10,2,22200,3,3,3,Yes,Travel_Rarely,13,5,199,56,3.0,Naukri,17,No
EMP10243,28,Female,Engineering,Engineering Manager,Bachelor's,Marketing,Single,Ahmedabad,Full-Time,2025-05-04,2,0,0,2,1,25600,4,1,3,Yes,Travel_Rarely,17,6,200,39,2.7,Naukri,20,No
EMP10244,47,Male,Finance,Accountant,Bachelor's,Other,Single,Chennai,Full-Time,2017-05-09,7,1,2,23,3,18000,2,2,3,No,Travel_Rarely,13,4,275,52,3.0,Naukri,34,No
EMP10245,22,Female,IT,System Administrator,Bachelor's,Computer Science,Married,Bengaluru,Full-Time,2025-07-06,2,2,0,2,1,18000,2,4,4,Yes,Travel_Rarely,29,2,201,17,3.0,Naukri,31,No
EMP10246,37,Male,Engineering,Project Engineer,Diploma,Finance,Single,Hyderabad,Part-Time,2019-05-11,8,2,2,10,3,21600,3,1,3,No,Travel_Rarely,13,2,189,49,2.3,Naukri,23,No
EMP10247,57,Female,Sales,Sales Executive,Bachelor's,Computer Science,Married,Kolkata,Full-Time,2024-02-21,13,0,2,30,5,18000,4,3,2,No,Travel_Frequently,30,4,174,80,3.0,Naukri,28,No
EMP10248,34,Male,Engineering,Electrical Engineer,PhD,Computer Science,Married,Chennai,Contract,2018-08-07,9,7,3,9,4,33600,3,5,2,No,Non-Travel,30,6,266,29,4.0,LinkedIn,27,No
EMP10249,45,Male,Engineering,Project Engineer,Bachelor's,Engineering,Single,Pune,Full-Time,2019-10-01,11,6,6,18,4,18000,1,3,3,No,Travel_Rarely,11,7,245,85,2.3,Recruitment Agency,15,No
EMP10250,50,Male,Engineering,Electrical Engineer,Master's,Computer Science,Married,Kolkata,Full-Time,2018-11-04,3,3,4,26,2,18000,3,3,4,No,Travel_Rarely,14,2,159,94,3.0,Employee Referral,16,No
EMP10251,49,Female,HR,Recruiter,Master's,Business,Married,Gurugram,Full-Time,2018-11-19,3,3,4,26,2,18300,3,4,3,No,Travel_Rarely,21,6,156,37,3.3,Employee Referral,6,No
EMP10252,40,Male,Finance,Financial Analyst,Master's,Engineering,Married,Kolkata,Contract,2024-06-27,12,3,0,16,5,18000,2,2,3,No,Travel_Rarely,10,7,261,37,2.0,Employee Referral,37,No
EMP10253,41,Male,Engineering,Project Engineer,Bachelor's,Engineering,Single,Kolkata,Full-Time,2020-11-22,7,0,1,15,3,46800,2,4,4,Yes,Travel_Rarely,8,7,212,68,3.0,Naukri,18,No
EMP10254,42,Female,Finance,Finance Manager,Master's,Other,Divorced,Hyderabad,Contract,2022-01-16,0,0,4,22,1,20300,4,5,3,Yes,Travel_Frequently,6,7,227,71,4.3,Campus Hiring,24,No
EMP10255,55,Female,IT,Data Analyst,Bachelor's,Computer Science,Married,Gurugram,Full-Time,2020-07-10,7,0,1,30,3,18000,3,4,3,Yes,Travel_Rarely,19,2,199,89,4.0,Recruitment Agency,29,No
EMP10256,57,Female,Sales,Sales Representative,Bachelor's,Engineering,Single,Ahmedabad,Full-Time,2023-06-10,4,0,0,35,2,27200,3,5,2,No,Travel_Rarely,23,3,208,83,3.3,LinkedIn,15,No
EMP10257,36,Male,Engineering,Engineering Manager,Bachelor's,Marketing,Single,Kolkata,Full-Time,2017-09-11,11,3,1,11,4,32800,4,4,3,No,Travel_Rarely,19,3,267,63,4.3,LinkedIn,16,No
EMP10258,37,Male,Operations,Operations Manager,Bachelor's,Human Resources,Married,Pune,Part-Time,2017-09-18,12,0,2,12,5,24200,5,2,3,No,Travel_Rarely,12,1,247,95,3.0,Employee Referral,16,No
EMP10259,36,Male,Marketing,Digital Marketing Specialist,Bachelor's,Engineering,Married,Hyderabad,Contract,2016-09-28,10,1,2,11,4,21400,4,1,3,No,Travel_Rarely,21,1,235,16,2.7,Naukri,5,No
EMP10260,22,Male,IT,Data Analyst,Master's,Engineering,Single,Ahmedabad,Part-Time,2017-02-23,0,0,0,0,1,18000,2,2,5,No,Travel_Frequently,7,2,165,77,2.0,Recruitment Agency,23,No
EMP10261,24,Female,Marketing,Digital Marketing Specialist,PhD,Other,Single,Delhi,Full-Time,2021-08-09,3,3,1,3,2,29300,2,4,1,No,Travel_Rarely,18,3,175,33,3.0,Employee Referral,45,No
EMP10262,41,Female,Engineering,Project Engineer,Bachelor's,Business,Single,Bengaluru,Contract,2023-12-07,1,1,7,15,1,41700,3,3,3,No,Travel_Frequently,26,6,233,50,3.7,Naukri,19,No
EMP10263,59,Female,IT,IT Support Specialist,Bachelor's,Marketing,Married,Ahmedabad,Full-Time,2017-05-03,3,3,7,39,2,20000,2,1,3,No,Travel_Rarely,20,1,263,63,2.7,Naukri,19,Yes
EMP10264,54,Male,Sales,Business Development Executive,Bachelor's,Engineering,Single,Mumbai,Full-Time,2022-02-01,7,6,7,33,3,18000,4,3,3,No,Non-Travel,18,1,237,23,3.7,Employee Referral,21,No
EMP10265,50,Male,Engineering,Project Engineer,Master's,Business,Married,Noida,Full-Time,2025-01-15,4,4,6,28,2,23900,3,2,4,Yes,Travel_Rarely,23,3,233,53,3.0,LinkedIn,27,No
EMP10266,26,Male,Operations,Operations Manager,Diploma,Marketing,Married,Hyderabad,Contract,2018-03-06,0,0,6,5,1,22100,4,1,3,No,Travel_Rarely,3,6,199,58,2.3,Recruitment Agency,32,No
EMP10267,37,Male,Operations,Operations Executive,Bachelor's,Engineering,Single,Kolkata,Full-Time,2019-09-03,6,3,1,17,3,18000,4,4,5,No,Travel_Rarely,9,1,218,72,3.3,LinkedIn,16,No
EMP10268,59,Female,Operations,Process Associate,Diploma,Computer Science,Single,Kolkata,Full-Time,2023-09-10,0,0,0,33,1,18000,3,3,3,Yes,Travel_Rarely,27,4,132,90,3.0,Recruitment Agency,28,No
EMP10269,45,Female,Finance,Accountant,Bachelor's,Engineering,Married,Mumbai,Full-Time,2017-04-11,8,3,6,19,3,49300,5,4,2,No,Travel_Rarely,6,7,171,54,4.7,LinkedIn,23,No
EMP10270,25,Male,HR,HR Analyst,Bachelor's,Human Resources,Single,Bengaluru,Full-Time,2017-03-15,2,2,4,5,1,18000,2,5,2,Yes,Travel_Rarely,1,6,239,81,4.0,Employee Referral,27,Yes
EMP10271,25,Male,Engineering,Electrical Engineer,Bachelor's,Marketing,Married,Gurugram,Full-Time,2024-07-24,3,3,3,3,2,18000,1,1,3,No,Travel_Frequently,10,4,247,86,1.3,LinkedIn,28,No
EMP10272,40,Female,Engineering,Electrical Engineer,Bachelor's,Human Resources,Single,Ahmedabad,Full-Time,2019-09-16,2,2,7,20,1,18000,1,3,3,Yes,Travel_Frequently,8,3,184,16,3.0,Naukri,15,Yes
EMP10273,36,Male,Engineering,Mechanical Engineer,Bachelor's,Engineering,Married,Bengaluru,Full-Time,2016-09-29,14,2,4,14,5,18000,1,2,4,No,Travel_Rarely,29,3,268,12,2.3,Employee Referral,19,No
EMP10274,57,Female,Engineering,Project Engineer,Bachelor's,Human Resources,Married,Hyderabad,Full-Time,2023-07-12,14,1,5,35,5,18000,2,2,3,No,Travel_Rarely,23,1,243,97,2.0,LinkedIn,28,No
EMP10275,60,Female,Sales,Business Development Executive,Master's,Marketing,Single,Bengaluru,Full-Time,2018-11-10,5,0,3,40,2,27000,5,2,4,No,Travel_Frequently,17,2,159,56,3.7,Naukri,23,No
EMP10276,29,Male,Sales,Sales Manager,Bachelor's,Computer Science,Married,Mumbai,Full-Time,2022-01-21,5,0,1,5,2,39700,4,2,3,No,Travel_Rarely,3,5,237,97,3.0,Naukri,31,No
EMP10277,25,Male,Operations,Operations Analyst,Bachelor's,Engineering,Married,Delhi,Full-Time,2020-02-24,0,0,3,0,1,24100,3,3,3,No,Travel_Rarely,3,4,210,70,3.3,Company Website,22,No
EMP10278,22,Female,Marketing,Marketing Manager,Bachelor's,Marketing,Single,Bengaluru,Full-Time,2024-01-09,0,0,6,0,1,18000,5,5,3,No,Non-Travel,30,4,146,80,4.0,Company Website,33,No
EMP10279,29,Male,Operations,Operations Manager,Master's,Other,Divorced,Kolkata,Full-Time,2025-07-21,9,8,3,9,4,44000,1,2,3,No,Travel_Rarely,3,6,162,39,2.3,Campus Hiring,6,No
EMP10280,56,Female,Operations,Operations Analyst,Bachelor's,Human Resources,Married,Gurugram,Full-Time,2024-04-27,10,1,1,29,4,18000,2,2,4,Yes,Non-Travel,7,6,231,14,2.7,LinkedIn,27,No
EMP10281,42,Male,Engineering,Electrical Engineer,Bachelor's,Business,Single,Kolkata,Full-Time,2018-08-13,10,6,2,18,4,29800,2,2,2,No,Non-Travel,22,3,150,94,2.0,LinkedIn,12,No
EMP10282,42,Female,Finance,Financial Analyst,Bachelor's,Human Resources,Married,Ahmedabad,Full-Time,2019-07-14,5,0,3,16,2,18000,3,5,4,No,Travel_Frequently,11,7,240,81,3.7,Naukri,34,No
EMP10283,42,Female,Finance,Financial Analyst,Bachelor's,Engineering,Married,Pune,Full-Time,2025-05-02,12,1,6,20,5,21500,4,1,3,No,Travel_Rarely,28,2,139,16,3.0,Recruitment Agency,23,No
EMP10284,54,Male,IT,Software Engineer,Bachelor's,Human Resources,Married,Pune,Full-Time,2021-04-03,0,0,6,28,1,28400,5,2,4,Yes,Travel_Frequently,18,3,232,48,3.0,Campus Hiring,21,Yes
EMP10285,49,Female,Marketing,Digital Marketing Specialist,Bachelor's,Other,Married,Gurugram,Full-Time,2024-01-11,4,4,7,25,2,18000,5,2,4,Yes,Travel_Rarely,5,1,168,11,3.7,Company Website,17,No
EMP10286,58,Male,IT,IT Support Specialist,Bachelor's,Human Resources,Single,Pune,Full-Time,2016-07-06,11,7,0,32,4,23500,5,2,3,No,Travel_Rarely,22,2,207,52,3.7,Recruitment Agency,30,No
EMP10287,53,Male,Sales,Sales Executive,Master's,Human Resources,Divorced,Hyderabad,Full-Time,2020-02-07,5,1,4,30,2,24300,4,1,3,No,Non-Travel,28,1,215,21,3.3,Campus Hiring,29,No
EMP10288,38,Female,Sales,Sales Manager,PhD,Computer Science,Single,Kolkata,Full-Time,2016-07-26,7,0,1,13,3,42500,4,2,1,Yes,Travel_Frequently,2,4,181,37,3.3,Naukri,21,Yes
EMP10289,27,Female,HR,HR Executive,Diploma,Business,Married,Delhi,Full-Time,2016-03-14,4,4,1,4,2,74700,4,1,3,No,Non-Travel,14,3,170,28,2.7,LinkedIn,30,No
EMP10290,21,Female,Marketing,Marketing Manager,PhD,Human Resources,Single,Chennai,Full-Time,2023-06-14,0,0,3,0,1,18000,3,1,2,Yes,Travel_Rarely,1,6,216,37,2.7,Naukri,26,No
EMP10291,53,Male,IT,System Administrator,Master's,Engineering,Married,Noida,Full-Time,2017-11-03,4,4,2,31,2,41700,2,4,3,No,Non-Travel,4,3,217,85,2.7,Naukri,25,No
EMP10292,21,Female,IT,Software Engineer,PhD,Marketing,Single,Chennai,Full-Time,2025-06-27,1,1,2,1,1,21700,1,4,2,No,Travel_Rarely,14,5,166,99,2.3,Employee Referral,31,No
EMP10293,44,Female,Engineering,Electrical Engineer,Bachelor's,Other,Single,Ahmedabad,Full-Time,2022-12-12,1,1,4,23,1,18000,4,2,5,No,Travel_Rarely,15,2,252,79,3.7,Company Website,40,No
EMP10294,24,Other,Finance,Financial Analyst,Master's,Finance,Single,Gurugram,Full-Time,2023-03-04,4,4,4,4,2,26000,2,3,3,Yes,Travel_Rarely,28,7,193,28,3.3,Company Website,27,Yes
EMP10295,24,Female,IT,Software Engineer,PhD,Human Resources,Single,Gurugram,Full-Time,2018-11-15,0,0,6,0,1,18000,4,4,4,Yes,Travel_Frequently,20,4,248,73,4.0,LinkedIn,27,No
EMP10296,38,Female,Sales,Sales Representative,Master's,Business,Single,Pune,Part-Time,2018-05-23,6,6,2,17,3,18000,1,4,1,No,Travel_Rarely,20,5,279,100,3.3,Campus Hiring,32,No
EMP10297,47,Other,Operations,Process Associate,PhD,Marketing,Single,Hyderabad,Full-Time,2025-11-17,9,6,5,26,4,18000,4,3,3,No,Travel_Rarely,17,5,253,18,3.3,Naukri,15,Yes
EMP10298,52,Female,HR,HR Analyst,Bachelor's,Business,Married,Noida,Full-Time,2020-11-28,6,1,2,26,3,28200,2,5,3,No,Travel_Frequently,3,3,165,50,4.0,Company Website,22,No
EMP10299,53,Female,Marketing,Marketing Executive,Bachelor's,Other,Single,Kolkata,Full-Time,2021-02-24,4,4,2,27,2,25500,3,2,3,No,Travel_Rarely,23,2,175,59,2.3,Recruitment Agency,21,Yes
EMP10300,48,Male,IT,Data Analyst,Bachelor's,Engineering,Married,Mumbai,Part-Time,2017-05-29,11,8,3,26,4,18000,1,5,4,No,Travel_Frequently,4,3,151,19,3.7,Naukri,27,No
EMP10301,56,Male,IT,Software Engineer,Bachelor's,Computer Science,Married,Noida,Full-Time,2020-12-28,15,6,6,32,5,43700,2,5,5,Yes,Travel_Rarely,18,2,164,83,3.3,Naukri,26,No
EMP10302,26,Female,Sales,Sales Representative,Diploma,Human Resources,Single,Chennai,Full-Time,2025-02-10,0,0,0,0,1,18000,5,1,3,Yes,Travel_Frequently,24,5,242,91,3.0,Employee Referral,40,Yes
EMP10303,36,Female,Sales,Sales Manager,Diploma,Computer Science,Married,Bengaluru,Full-Time,2016-10-06,8,8,4,16,3,39200,5,1,4,No,Travel_Rarely,27,1,162,63,3.7,Recruitment Agency,37,No
EMP10304,54,Male,Marketing,Content Strategist,Master's,Human Resources,Divorced,Mumbai,Full-Time,2023-11-05,4,3,5,30,2,23300,5,2,3,No,Non-Travel,1,4,270,19,4.0,LinkedIn,10,No
EMP10305,43,Female,Operations,Process Associate,Bachelor's,Human Resources,Divorced,Delhi,Full-Time,2024-03-05,1,1,5,20,1,18000,3,3,5,No,Non-Travel,29,5,185,16,3.7,Employee Referral,27,No
EMP10306,44,Male,Engineering,Electrical Engineer,Bachelor's,Business,Divorced,Mumbai,Part-Time,2018-01-29,2,2,7,22,1,20900,4,1,3,No,Travel_Rarely,25,3,196,41,2.3,Recruitment Agency,30,No
EMP10307,33,Female,Sales,Sales Representative,Master's,Finance,Single,Pune,Full-Time,2017-07-09,3,3,1,11,2,18000,4,4,5,Yes,Travel_Rarely,5,7,142,63,3.3,Naukri,25,No
EMP10308,38,Female,Finance,Finance Manager,Bachelor's,Engineering,Single,Delhi,Full-Time,2018-11-22,11,3,2,11,4,24300,4,2,4,No,Travel_Rarely,18,7,179,79,3.0,Naukri,19,No
EMP10309,33,Male,Operations,Process Associate,Bachelor's,Marketing,Married,Gurugram,Full-Time,2025-03-19,4,4,2,10,2,22300,3,5,2,No,Travel_Rarely,13,4,157,92,4.3,Employee Referral,36,Yes
EMP10310,57,Female,HR,Recruiter,Bachelor's,Engineering,Single,Hyderabad,Full-Time,2025-04-02,12,7,7,37,5,27900,5,2,3,No,Travel_Frequently,14,5,233,72,3.7,Naukri,27,Yes
EMP10311,59,Male,Sales,Business Development Executive,Master's,Finance,Single,Bengaluru,Full-Time,2016-10-17,2,2,0,34,1,32700,4,1,3,No,Travel_Rarely,20,2,227,43,2.7,Naukri,15,No
EMP10312,37,Female,IT,IT Support Specialist,Master's,Other,Married,Ahmedabad,Full-Time,2018-02-23,11,5,6,14,4,23200,3,3,3,No,Travel_Rarely,3,7,225,52,2.7,Recruitment Agency,33,Yes
EMP10313,35,Male,IT,Software Engineer,Bachelor's,Other,Divorced,Mumbai,Contract,2023-11-13,13,7,2,15,5,18000,3,5,4,Yes,Travel_Rarely,23,3,216,14,3.7,Company Website,28,Yes
EMP10314,38,Female,Engineering,Project Engineer,Bachelor's,Marketing,Single,Delhi,Full-Time,2025-03-29,6,6,7,17,3,33500,2,3,4,No,Travel_Rarely,6,7,217,28,2.3,LinkedIn,18,No
EMP10315,43,Female,Engineering,Engineering Manager,Master's,Finance,Married,Gurugram,Full-Time,2024-07-11,4,4,4,17,2,22200,4,2,4,Yes,Travel_Rarely,27,5,254,63,3.3,Naukri,17,Yes
EMP10316,50,Male,Operations,Operations Analyst,Bachelor's,Engineering,Married,Kolkata,Full-Time,2025-12-06,4,3,5,28,2,18000,5,3,3,No,Travel_Rarely,28,2,210,23,4.3,Employee Referral,17,No
EMP10317,54,Female,Sales,Sales Representative,PhD,Engineering,Married,Bengaluru,Full-Time,2024-04-06,5,1,2,34,2,25300,1,3,2,Yes,Travel_Rarely,11,2,136,19,3.0,Company Website,35,Yes
EMP10318,24,Female,IT,IT Support Specialist,Bachelor's,Business,Married,Bengaluru,Full-Time,2020-06-10,0,0,0,0,1,26200,3,2,3,Yes,Travel_Rarely,9,2,203,58,3.3,Employee Referral,29,Yes
EMP10319,23,Female,IT,Data Analyst,Diploma,Human Resources,Single,Kolkata,Part-Time,2018-01-11,0,0,7,0,1,18700,2,5,4,Yes,Travel_Rarely,20,7,212,20,3.7,Employee Referral,33,No
EMP10320,27,Female,HR,HR Manager,Bachelor's,Other,Single,Noida,Part-Time,2025-09-21,1,1,3,1,1,20200,1,3,2,Yes,Travel_Rarely,28,4,153,40,2.7,Company Website,26,Yes
EMP10321,38,Female,Sales,Sales Manager,Master's,Finance,Married,Kolkata,Full-Time,2016-03-23,14,3,4,14,5,18000,3,3,3,No,Travel_Rarely,19,3,266,75,3.3,Recruitment Agency,18,Yes
EMP10322,27,Female,Operations,Operations Analyst,Bachelor's,Computer Science,Single,Mumbai,Full-Time,2024-12-19,1,1,3,1,1,26600,2,2,3,No,Travel_Rarely,7,2,243,19,2.7,Recruitment Agency,17,No
EMP10323,60,Female,Operations,Operations Executive,PhD,Finance,Married,Noida,Full-Time,2021-07-04,8,1,1,38,3,23500,4,4,2,No,Non-Travel,22,5,144,30,3.3,LinkedIn,34,Yes
EMP10324,26,Female,HR,HR Executive,Bachelor's,Finance,Married,Gurugram,Full-Time,2023-05-13,3,3,0,3,2,18000,2,3,3,No,Travel_Rarely,21,2,242,10,2.7,Naukri,28,No
EMP10325,42,Male,Engineering,Engineering Manager,Bachelor's,Other,Married,Hyderabad,Full-Time,2019-03-07,3,3,1,17,2,45600,3,1,2,Yes,Travel_Rarely,10,3,251,55,2.7,Naukri,22,Yes
EMP10326,21,Male,Operations,Operations Analyst,Diploma,Marketing,Single,Ahmedabad,Full-Time,2016-03-23,0,0,7,0,1,18000,4,5,5,No,Travel_Rarely,7,6,215,84,3.7,LinkedIn,24,No
EMP10327,24,Male,Sales,Business Development Executive,Bachelor's,Human Resources,Married,Hyderabad,Full-Time,2020-09-06,4,3,1,4,2,18000,5,3,3,Yes,Travel_Rarely,5,6,274,83,3.7,Naukri,33,Yes
EMP10328,49,Male,Marketing,Content Strategist,Master's,Marketing,Married,Mumbai,Full-Time,2017-10-09,4,4,5,22,2,18000,2,2,4,Yes,Travel_Rarely,25,4,148,29,2.3,Naukri,29,No
EMP10329,41,Male,Sales,Sales Executive,Diploma,Other,Married,Mumbai,Full-Time,2023-04-20,7,7,1,18,3,35000,1,1,2,Yes,Travel_Rarely,28,2,138,30,2.0,LinkedIn,23,Yes
EMP10330,46,Male,HR,HR Analyst,Bachelor's,Business,Single,Hyderabad,Full-Time,2016-05-30,8,4,1,24,3,20100,4,2,4,No,Non-Travel,4,5,193,46,3.3,LinkedIn,24,No
EMP10331,34,Male,Finance,Accountant,Bachelor's,Computer Science,Married,Hyderabad,Full-Time,2018-08-01,6,5,0,7,3,18000,4,3,3,Yes,Travel_Rarely,17,3,167,23,3.3,LinkedIn,19,No
EMP10332,29,Male,Operations,Process Associate,Master's,Other,Single,Pune,Full-Time,2020-10-23,9,2,7,9,4,18000,5,1,4,No,Travel_Rarely,26,7,265,67,3.0,LinkedIn,24,No
EMP10333,32,Female,IT,System Administrator,Master's,Engineering,Married,Ahmedabad,Full-Time,2018-05-09,4,0,3,11,2,18000,2,5,4,No,Travel_Rarely,28,2,263,66,3.0,Company Website,21,No
EMP10334,26,Male,IT,System Administrator,Bachelor's,Computer Science,Single,Ahmedabad,Full-Time,2022-06-24,2,2,2,3,1,18000,1,5,3,No,Travel_Rarely,5,7,231,66,3.3,Naukri,24,No
EMP10335,40,Male,IT,IT Support Specialist,Master's,Computer Science,Married,Ahmedabad,Full-Time,2021-02-11,0,0,1,17,1,19600,5,5,4,No,Non-Travel,17,4,278,78,4.3,Recruitment Agency,19,No
EMP10336,44,Female,IT,Software Engineer,Bachelor's,Computer Science,Married,Kolkata,Full-Time,2025-01-31,10,2,5,19,4,27500,2,4,3,No,Non-Travel,28,1,222,79,3.0,LinkedIn,12,No
EMP10337,47,Other,Engineering,Project Engineer,Master's,Other,Single,Kolkata,Part-Time,2024-07-05,8,3,6,27,3,23300,1,2,4,No,Non-Travel,29,6,163,33,2.7,Recruitment Agency,33,No
EMP10338,58,Female,Operations,Operations Manager,Bachelor's,Business,Divorced,Noida,Full-Time,2025-02-21,4,4,2,34,2,23800,1,3,3,Yes,Travel_Rarely,17,5,269,89,2.7,LinkedIn,29,No
EMP10339,28,Female,Sales,Sales Representative,Bachelor's,Business,Married,Chennai,Part-Time,2016-04-24,5,1,5,5,2,49100,3,1,4,No,Travel_Rarely,17,6,168,69,2.0,Employee Referral,22,Yes
EMP10340,21,Male,IT,Data Analyst,Master's,Other,Single,Ahmedabad,Full-Time,2024-08-18,0,0,7,0,1,32400,1,2,4,Yes,Travel_Frequently,1,2,225,32,1.7,Naukri,21,No
EMP10341,44,Male,Sales,Sales Representative,Master's,Computer Science,Married,Pune,Full-Time,2023-07-15,14,5,2,21,5,31200,2,3,3,No,Travel_Rarely,24,2,135,56,3.3,Campus Hiring,12,No
EMP10342,27,Female,Sales,Sales Executive,Bachelor's,Engineering,Married,Hyderabad,Full-Time,2017-12-26,2,2,1,2,1,18000,5,4,3,No,Travel_Rarely,2,1,210,47,4.3,LinkedIn,34,Yes
EMP10343,39,Female,IT,Software Engineer,Bachelor's,Engineering,Single,Mumbai,Full-Time,2020-03-30,12,0,7,18,5,18000,5,3,4,No,Travel_Frequently,25,3,161,89,3.3,Recruitment Agency,35,No
EMP10344,42,Female,Sales,Sales Representative,Master's,Other,Married,Hyderabad,Full-Time,2025-04-30,13,3,4,17,5,18000,3,2,4,No,Travel_Rarely,23,7,265,61,3.3,LinkedIn,23,No
EMP10345,55,Male,Finance,Accountant,Master's,Engineering,Single,Noida,Full-Time,2019-01-12,3,0,6,32,2,18000,2,3,5,Yes,Travel_Rarely,30,7,276,22,2.3,Naukri,27,No
EMP10346,50,Male,Marketing,Marketing Executive,Master's,Business,Single,Delhi,Full-Time,2018-06-05,4,1,2,23,2,31500,1,1,3,No,Travel_Rarely,27,7,138,17,1.3,Company Website,15,Yes
EMP10347,49,Male,Marketing,Marketing Manager,Bachelor's,Marketing,Married,Bengaluru,Full-Time,2023-09-26,3,3,7,25,2,18500,3,4,3,No,Travel_Rarely,19,1,191,41,4.0,Employee Referral,25,No
EMP10348,42,Female,IT,Software Engineer,Bachelor's,Other,Single,Hyderabad,Full-Time,2018-03-20,1,1,4,16,1,35700,4,1,3,No,Travel_Frequently,9,7,243,95,2.7,Recruitment Agency,18,Yes
EMP10349,31,Female,Finance,Financial Analyst,Bachelor's,Engineering,Married,Noida,Full-Time,2022-01-10,8,8,3,8,3,30100,2,4,3,Yes,Travel_Frequently,20,3,148,26,3.0,Naukri,18,Yes
EMP10350,40,Female,Marketing,Marketing Executive,Diploma,Marketing,Married,Bengaluru,Full-Time,2021-01-14,0,0,2,20,1,22500,3,4,3,No,Travel_Frequently,23,2,162,14,3.0,Employee Referral,21,No
EMP10351,49,Female,Sales,Sales Representative,Master's,Computer Science,Married,Hyderabad,Full-Time,2016-09-09,7,2,0,26,3,36100,5,3,3,No,Travel_Frequently,15,1,193,81,4.0,Employee Referral,20,No
EMP10352,54,Female,Engineering,Engineering Manager,Bachelor's,Other,Single,Delhi,Full-Time,2022-12-24,3,3,5,30,2,40700,3,1,3,No,Travel_Rarely,19,6,155,59,2.7,Company Website,23,No
EMP10353,21,Male,Marketing,Marketing Executive,Bachelor's,Engineering,Married,Delhi,Part-Time,2022-10-31,1,1,6,1,1,27000,4,4,3,No,Travel_Rarely,5,7,130,92,4.0,Employee Referral,34,No
EMP10354,51,Male,IT,Data Analyst,Bachelor's,Computer Science,Single,Ahmedabad,Full-Time,2019-07-20,5,5,7,29,2,24400,2,4,2,No,Non-Travel,13,6,206,21,3.7,LinkedIn,5,Yes
EMP10355,50,Female,IT,IT Support Specialist,Bachelor's,Computer Science,Married,Bengaluru,Full-Time,2024-02-25,13,2,7,23,5,29300,3,3,4,No,Travel_Rarely,4,7,232,98,2.7,Naukri,19,No
EMP10356,38,Female,Marketing,Content Strategist,Master's,Human Resources,Single,Noida,Full-Time,2018-04-04,7,4,3,18,3,18000,1,2,3,No,Travel_Rarely,13,2,225,53,2.7,Campus Hiring,30,No
EMP10357,37,Female,IT,Software Engineer,PhD,Other,Married,Chennai,Full-Time,2023-12-11,10,1,3,12,4,20900,2,2,3,No,Travel_Rarely,6,1,205,86,2.7,Company Website,26,No
EMP10358,58,Male,Marketing,Content Strategist,Master's,Finance,Married,Pune,Full-Time,2017-05-21,7,6,7,37,3,21800,3,5,3,No,Travel_Frequently,12,2,162,77,4.3,Campus Hiring,17,No
EMP10359,34,Female,Engineering,Engineering Manager,Master's,Computer Science,Single,Gurugram,Part-Time,2021-12-19,6,6,6,9,3,18700,3,5,2,No,Travel_Rarely,29,6,211,68,3.7,Campus Hiring,43,No
EMP10360,43,Female,Marketing,Content Strategist,Master's,Computer Science,Single,Gurugram,Full-Time,2020-09-30,3,3,4,17,2,18000,2,4,4,Yes,Non-Travel,9,6,198,19,3.3,Campus Hiring,48,Yes
EMP10361,45,Female,Finance,Finance Executive,Bachelor's,Human Resources,Married,Hyderabad,Full-Time,2025-04-19,5,5,7,25,2,34500,5,2,3,No,Travel_Rarely,15,2,212,57,3.7,LinkedIn,24,No
EMP10362,35,Female,Marketing,Marketing Manager,Bachelor's,Business,Married,Ahmedabad,Full-Time,2016-12-16,13,1,7,13,5,23800,1,4,4,No,Travel_Rarely,21,7,235,37,2.7,Naukri,15,Yes
EMP10363,42,Female,Sales,Sales Executive,Diploma,Computer Science,Married,Chennai,Full-Time,2019-01-11,3,2,1,19,2,24800,2,1,3,No,Travel_Rarely,15,2,231,14,2.0,LinkedIn,22,No
EMP10364,23,Male,Sales,Sales Executive,Bachelor's,Engineering,Single,Delhi,Contract,2021-06-10,0,0,5,0,1,41800,1,2,4,Yes,Travel_Rarely,17,4,243,53,1.7,Recruitment Agency,14,Yes
EMP10365,39,Female,Engineering,Engineering Manager,PhD,Other,Single,Ahmedabad,Full-Time,2018-03-28,13,0,0,19,5,20200,1,2,3,No,Travel_Rarely,29,1,272,40,2.7,Naukri,28,No
EMP10366,54,Female,Finance,Finance Manager,Bachelor's,Other,Single,Ahmedabad,Full-Time,2021-12-13,6,6,6,29,3,18500,2,2,3,No,Travel_Rarely,5,4,175,25,2.0,Naukri,29,Yes
EMP10367,55,Female,Engineering,Engineering Manager,Master's,Business,Single,Kolkata,Full-Time,2024-12-29,11,5,6,35,4,40600,3,5,4,No,Travel_Rarely,5,2,249,32,3.3,Naukri,33,No
EMP10368,21,Female,Engineering,Project Engineer,Bachelor's,Finance,Single,Pune,Full-Time,2018-04-14,1,1,0,1,1,18000,5,3,3,Yes,Travel_Rarely,25,5,177,30,3.3,LinkedIn,28,Yes
EMP10369,41,Male,IT,System Administrator,Bachelor's,Finance,Single,Gurugram,Full-Time,2021-06-10,11,6,4,21,4,22500,1,3,4,Yes,Travel_Rarely,24,6,197,11,2.0,Naukri,26,Yes
EMP10370,49,Male,IT,Data Analyst,Diploma,Computer Science,Married,Ahmedabad,Full-Time,2018-06-14,15,3,4,27,5,18000,1,5,3,No,Travel_Rarely,5,3,212,32,3.0,LinkedIn,15,No
EMP10371,26,Female,IT,IT Support Specialist,Master's,Marketing,Married,Ahmedabad,Full-Time,2024-03-21,0,0,3,0,1,25100,3,5,4,No,Travel_Frequently,21,1,214,89,3.7,Naukri,13,No
EMP10372,57,Male,IT,Software Engineer,Bachelor's,Finance,Married,Delhi,Full-Time,2022-11-14,12,2,6,33,5,28500,2,5,4,No,Travel_Frequently,14,1,255,20,4.0,Recruitment Agency,6,No
EMP10373,21,Male,IT,Software Engineer,Bachelor's,Finance,Married,Hyderabad,Full-Time,2023-04-26,0,0,4,0,1,29200,5,3,5,No,Travel_Rarely,2,6,250,82,4.3,Employee Referral,25,No
EMP10374,21,Other,Operations,Operations Executive,PhD,Human Resources,Married,Mumbai,Full-Time,2021-11-22,1,1,1,1,1,35000,1,4,3,No,Travel_Frequently,9,3,258,11,3.3,Employee Referral,32,Yes
EMP10375,47,Male,IT,IT Support Specialist,Diploma,Finance,Single,Mumbai,Full-Time,2025-06-04,13,8,3,25,5,19700,1,5,3,No,Non-Travel,14,4,149,91,3.0,Company Website,34,Yes
EMP10376,41,Male,Finance,Accountant,Bachelor's,Engineering,Married,Mumbai,Full-Time,2016-03-03,0,0,3,19,1,20200,2,4,5,Yes,Travel_Frequently,27,3,279,22,3.3,Campus Hiring,32,Yes
EMP10377,36,Male,Engineering,Engineering Manager,Bachelor's,Marketing,Married,Mumbai,Full-Time,2024-03-29,4,4,7,10,2,27900,3,4,4,Yes,Non-Travel,15,5,194,54,3.7,Recruitment Agency,21,No
EMP10378,60,Male,IT,System Administrator,Bachelor's,Other,Single,Gurugram,Full-Time,2018-01-20,14,0,3,40,5,32800,4,1,2,No,Travel_Rarely,4,2,272,81,3.3,Recruitment Agency,41,No
EMP10379,46,Male,Engineering,Mechanical Engineer,Bachelor's,Computer Science,Divorced,Chennai,Full-Time,2025-09-10,13,3,0,21,5,18000,3,3,3,No,Travel_Rarely,23,3,190,19,3.3,LinkedIn,15,No
EMP10380,36,Female,HR,HR Executive,Bachelor's,Human Resources,Married,Kolkata,Full-Time,2016-01-26,9,1,7,11,4,25400,1,4,3,No,Travel_Rarely,26,7,208,100,2.3,Campus Hiring,15,No
EMP10381,48,Male,IT,IT Support Specialist,Master's,Human Resources,Married,Mumbai,Full-Time,2016-01-01,11,7,5,27,4,18400,1,3,5,No,Travel_Rarely,6,3,143,90,3.0,Naukri,31,No
EMP10382,21,Female,Operations,Operations Analyst,Bachelor's,Other,Married,Delhi,Full-Time,2021-11-11,0,0,5,0,1,22900,5,3,2,No,Non-Travel,14,2,198,97,4.0,Naukri,37,No
EMP10383,56,Male,Marketing,Marketing Manager,Bachelor's,Human Resources,Single,Gurugram,Full-Time,2024-01-09,14,4,0,36,5,18800,3,1,3,No,Travel_Rarely,5,6,251,30,2.0,Naukri,40,No
EMP10384,30,Male,Engineering,Project Engineer,Bachelor's,Computer Science,Married,Ahmedabad,Full-Time,2022-11-04,9,3,3,9,4,18000,4,3,3,No,Non-Travel,27,1,178,10,3.0,Employee Referral,33,No
EMP10385,37,Female,Operations,Process Associate,Bachelor's,Business,Divorced,Bengaluru,Part-Time,2021-04-21,12,4,1,12,5,18000,5,4,4,Yes,Travel_Rarely,11,6,263,25,3.7,Company Website,31,No
EMP10386,43,Male,Engineering,Mechanical Engineer,Bachelor's,Engineering,Married,Bengaluru,Full-Time,2024-06-10,3,3,2,18,2,20600,4,2,4,No,Travel_Rarely,21,7,245,52,2.7,LinkedIn,31,No
EMP10387,27,Female,HR,HR Manager,Bachelor's,Human Resources,Single,Gurugram,Full-Time,2020-08-28,7,4,3,7,3,25900,5,4,3,No,Travel_Rarely,14,5,219,15,4.3,Campus Hiring,21,No
EMP10388,27,Female,IT,Data Analyst,Bachelor's,Marketing,Married,Pune,Full-Time,2016-10-24,6,2,4,6,3,18000,3,4,3,No,Travel_Rarely,7,6,218,85,3.3,Naukri,17,No
EMP10389,35,Male,Operations,Operations Analyst,Bachelor's,Business,Married,Gurugram,Full-Time,2025-07-23,12,6,6,14,5,37600,1,3,5,No,Travel_Rarely,14,3,246,20,2.0,LinkedIn,26,No
EMP10390,54,Female,Engineering,Mechanical Engineer,Bachelor's,Marketing,Married,Mumbai,Full-Time,2021-06-07,8,2,7,34,3,66600,4,4,4,No,Non-Travel,13,3,251,91,4.3,Naukri,9,Yes
EMP10391,24,Male,Engineering,Electrical Engineer,Master's,Other,Single,Ahmedabad,Full-Time,2024-11-12,0,0,6,0,1,26500,3,2,3,No,Travel_Rarely,18,1,144,75,3.0,Company Website,21,No
EMP10392,34,Male,Sales,Sales Representative,Master's,Finance,Divorced,Kolkata,Full-Time,2022-04-20,3,2,7,8,2,21600,4,3,4,No,Travel_Rarely,25,5,136,58,3.0,LinkedIn,19,Yes
EMP10393,34,Female,Finance,Finance Executive,Master's,Marketing,Single,Mumbai,Full-Time,2020-05-13,13,2,7,13,5,18000,3,5,3,Yes,Travel_Rarely,2,2,183,29,4.3,LinkedIn,29,No
EMP10394,36,Male,Operations,Process Associate,Bachelor's,Human Resources,Married,Kolkata,Contract,2025-03-19,8,7,5,10,3,26000,5,4,4,No,Non-Travel,9,2,133,30,3.7,Recruitment Agency,26,No
EMP10395,27,Male,Finance,Financial Analyst,Bachelor's,Business,Married,Ahmedabad,Full-Time,2024-10-20,4,3,6,4,2,42800,3,4,3,Yes,Travel_Rarely,11,4,130,45,3.3,Campus Hiring,37,No
EMP10396,52,Male,Engineering,Mechanical Engineer,Master's,Engineering,Married,Chennai,Full-Time,2016-07-27,8,2,2,25,3,52900,5,1,3,No,Travel_Rarely,20,5,234,47,2.7,LinkedIn,31,No
EMP10397,39,Female,Engineering,Mechanical Engineer,Master's,Human Resources,Single,Pune,Full-Time,2025-01-10,7,4,0,14,3,41300,1,5,4,No,Travel_Rarely,29,5,195,65,3.0,Company Website,18,No
EMP10398,22,Female,Sales,Sales Executive,Master's,Other,Married,Noida,Full-Time,2020-01-21,0,0,0,0,1,32200,5,5,1,No,Travel_Rarely,26,3,210,100,5.0,Naukri,30,No
EMP10399,30,Male,Operations,Operations Executive,Bachelor's,Engineering,Married,Noida,Full-Time,2018-06-25,3,3,2,3,2,26500,2,2,3,Yes,Travel_Rarely,11,4,267,20,2.7,Company Website,8,No
EMP10400,37,Male,Operations,Operations Analyst,Bachelor's,Finance,Married,Hyderabad,Full-Time,2016-10-10,10,7,5,11,4,18000,1,5,3,No,Non-Travel,26,2,197,27,2.7,Company Website,31,Yes
EMP10401,57,Female,IT,IT Support Specialist,Bachelor's,Computer Science,Single,Noida,Full-Time,2025-09-27,6,6,5,31,3,21100,3,1,3,No,Travel_Rarely,6,7,231,90,2.3,LinkedIn,17,Yes
EMP10402,32,Male,Engineering,Mechanical Engineer,Bachelor's,Business,Married,Bengaluru,Part-Time,2024-09-17,4,4,7,6,2,20000,3,2,4,Yes,Non-Travel,1,5,180,54,3.3,Naukri,19,Yes
EMP10403,26,Male,Sales,Sales Manager,Bachelor's,Computer Science,Divorced,Bengaluru,Full-Time,2016-12-15,4,4,4,4,2,21100,2,5,3,No,Travel_Rarely,5,5,159,35,3.0,LinkedIn,36,Yes
EMP10404,42,Female,Engineering,Project Engineer,Bachelor's,Other,Married,Noida,Full-Time,2019-09-18,3,3,0,15,2,18000,3,2,2,No,Travel_Rarely,22,1,168,68,2.3,Company Website,28,No
EMP10405,52,Male,Finance,Accountant,Master's,Other,Single,Delhi,Full-Time,2024-08-17,4,4,0,31,2,31000,1,5,3,No,Travel_Frequently,25,2,267,15,2.7,Recruitment Agency,22,No
EMP10406,40,Male,Engineering,Mechanical Engineer,Master's,Other,Married,Gurugram,Full-Time,2025-06-19,4,0,3,19,2,19500,1,5,3,No,Travel_Rarely,14,1,192,52,3.0,Recruitment Agency,33,No
EMP10407,21,Other,Finance,Accountant,Bachelor's,Finance,Single,Mumbai,Part-Time,2025-07-07,0,0,1,0,1,18800,5,5,2,No,Travel_Rarely,25,4,190,61,4.7,Recruitment Agency,37,Yes
EMP10408,26,Male,IT,Software Engineer,Bachelor's,Marketing,Married,Delhi,Full-Time,2021-07-05,5,5,4,5,2,18000,4,4,4,Yes,Travel_Rarely,16,5,194,71,4.3,Recruitment Agency,15,No
EMP10409,39,Female,Engineering,Electrical Engineer,Bachelor's,Marketing,Single,Chennai,Full-Time,2020-11-08,8,6,3,17,3,24500,3,5,3,No,Non-Travel,9,4,210,26,3.7,LinkedIn,18,No
EMP10410,38,Female,IT,IT Support Specialist,Master's,Finance,Single,Hyderabad,Full-Time,2019-09-13,11,1,6,12,4,43200,2,4,4,No,Travel_Rarely,30,6,141,86,3.3,Employee Referral,31,No
EMP10411,26,Male,Finance,Financial Analyst,Master's,Engineering,Married,Noida,Part-Time,2019-08-10,6,6,1,6,3,21900,1,3,3,No,Travel_Rarely,19,1,253,55,3.0,Naukri,27,No
EMP10412,53,Female,Engineering,Engineering Manager,PhD,Business,Single,Bengaluru,Full-Time,2020-02-26,8,5,6,26,3,25000,1,1,3,No,Travel_Rarely,29,2,131,50,1.7,Campus Hiring,7,No
EMP10413,43,Female,Engineering,Project Engineer,Master's,Finance,Married,Mumbai,Full-Time,2016-07-02,5,4,0,20,2,52600,1,2,2,No,Travel_Rarely,20,5,202,22,2.0,Campus Hiring,40,No
EMP10414,43,Female,Marketing,Marketing Manager,Bachelor's,Finance,Married,Hyderabad,Full-Time,2021-07-23,13,3,7,17,5,37900,4,2,2,No,Travel_Rarely,8,6,205,15,3.3,Naukri,20,No
EMP10415,46,Female,Marketing,Content Strategist,Bachelor's,Business,Married,Hyderabad,Contract,2016-07-30,3,0,1,23,2,28700,4,3,4,No,Travel_Rarely,8,6,154,95,4.0,Company Website,15,No
EMP10416,33,Male,Sales,Sales Representative,Master's,Human Resources,Married,Hyderabad,Part-Time,2019-06-28,8,1,0,8,3,28200,3,5,2,No,Travel_Rarely,16,2,247,42,4.0,Naukri,24,No
EMP10417,27,Female,HR,HR Executive,Diploma,Engineering,Divorced,Bengaluru,Contract,2016-06-15,1,1,5,1,1,18000,2,1,2,No,Travel_Rarely,18,4,237,13,2.3,Naukri,32,Yes
EMP10418,35,Male,Finance,Finance Executive,Bachelor's,Engineering,Single,Noida,Full-Time,2025-11-23,11,2,3,11,4,18000,4,3,4,No,Travel_Rarely,8,6,228,87,3.3,Recruitment Agency,34,No
EMP10419,47,Female,Operations,Operations Analyst,Master's,Business,Single,Pune,Full-Time,2021-02-14,2,2,7,26,1,23500,5,3,3,Yes,Travel_Rarely,23,3,151,59,4.0,Recruitment Agency,25,No
EMP10420,46,Female,Operations,Operations Executive,Bachelor's,Computer Science,Single,Hyderabad,Full-Time,2019-03-31,1,1,0,22,1,23700,4,2,2,No,Travel_Rarely,9,2,185,57,2.7,LinkedIn,47,Yes
EMP10421,53,Male,Operations,Operations Executive,Diploma,Human Resources,Single,Pune,Part-Time,2025-02-26,4,4,1,33,2,18000,1,4,5,Yes,Travel_Rarely,5,6,278,36,2.3,Naukri,49,Yes
EMP10422,35,Male,Operations,Operations Manager,Master's,Marketing,Single,Noida,Part-Time,2018-05-24,5,5,3,12,2,30200,2,4,2,No,Travel_Rarely,2,2,184,15,2.7,LinkedIn,28,No
EMP10423,56,Male,IT,Software Engineer,Bachelor's,Business,Single,Hyderabad,Full-Time,2025-11-16,10,4,1,29,4,19400,3,5,4,No,Travel_Rarely,21,2,169,67,3.3,Recruitment Agency,23,No
EMP10424,47,Female,Sales,Sales Manager,Diploma,Engineering,Single,Ahmedabad,Full-Time,2019-12-13,4,1,1,21,2,36600,4,5,2,Yes,Travel_Rarely,14,5,279,72,4.7,Recruitment Agency,21,No
EMP10425,25,Male,IT,Software Engineer,PhD,Human Resources,Single,Pune,Full-Time,2020-07-11,0,0,2,0,1,21500,1,3,3,No,Travel_Frequently,18,4,250,10,2.7,Company Website,23,Yes
EMP10426,22,Female,Sales,Business Development Executive,Bachelor's,Computer Science,Married,Chennai,Full-Time,2017-02-10,2,0,0,2,1,20600,5,5,3,Yes,Travel_Frequently,13,4,133,37,4.7,Employee Referral,37,No
EMP10427,53,Male,Sales,Sales Representative,Bachelor's,Finance,Single,Chennai,Full-Time,2025-06-25,4,1,0,33,2,18000,5,4,3,No,Travel_Rarely,12,5,155,38,3.7,Employee Referral,27,No
EMP10428,36,Male,Engineering,Engineering Manager,Master's,Finance,Single,Noida,Full-Time,2022-10-21,8,0,1,15,3,18000,3,1,3,No,Travel_Rarely,15,2,241,37,3.0,Naukri,32,No
EMP10429,43,Female,Finance,Finance Executive,Master's,Finance,Single,Ahmedabad,Full-Time,2024-08-24,3,3,6,23,2,39900,3,2,3,Yes,Travel_Rarely,21,2,242,100,3.0,Recruitment Agency,30,No
EMP10430,58,Female,IT,System Administrator,Diploma,Marketing,Single,Bengaluru,Full-Time,2017-02-08,11,3,5,32,4,24900,4,4,4,No,Non-Travel,15,3,152,83,3.3,Company Website,29,No
EMP10431,36,Male,IT,IT Support Specialist,Bachelor's,Human Resources,Married,Gurugram,Contract,2016-10-01,9,4,0,10,4,26200,3,5,4,No,Travel_Rarely,29,6,187,91,3.7,LinkedIn,34,Yes
EMP10432,34,Male,Operations,Operations Executive,Master's,Other,Married,Pune,Full-Time,2019-12-09,1,1,4,7,1,45300,1,2,3,No,Non-Travel,25,2,137,77,2.3,Naukri,31,Yes
EMP10433,49,Male,Marketing,Marketing Executive,Master's,Engineering,Single,Delhi,Part-Time,2023-02-22,2,2,5,22,1,18000,1,2,3,No,Travel_Rarely,23,6,245,50,2.0,Employee Referral,28,Yes
EMP10434,46,Female,IT,IT Support Specialist,Bachelor's,Computer Science,Single,Hyderabad,Full-Time,2025-04-21,2,2,5,23,1,29800,1,3,3,No,Travel_Rarely,23,1,180,64,2.7,Naukri,41,No
EMP10435,55,Female,IT,System Administrator,PhD,Engineering,Single,Hyderabad,Full-Time,2021-11-29,8,5,5,29,3,18000,4,5,4,Yes,Non-Travel,1,6,130,41,4.3,Employee Referral,12,No
EMP10436,35,Male,Operations,Operations Executive,Master's,Human Resources,Married,Gurugram,Part-Time,2018-03-02,3,2,0,11,2,18100,4,3,3,No,Travel_Rarely,25,2,249,78,3.7,Recruitment Agency,27,No
EMP10437,23,Other,IT,Data Analyst,Master's,Marketing,Single,Ahmedabad,Full-Time,2022-06-07,0,0,5,0,1,18000,3,2,3,No,Travel_Rarely,22,3,159,31,2.7,Employee Referral,19,No
EMP10438,43,Male,Engineering,Mechanical Engineer,Bachelor's,Marketing,Single,Kolkata,Part-Time,2016-05-15,14,7,5,22,5,32400,4,3,3,No,Travel_Rarely,7,1,146,66,4.0,Employee Referral,32,No
EMP10439,49,Female,Operations,Operations Analyst,Master's,Human Resources,Married,Bengaluru,Full-Time,2016-11-28,0,0,3,26,1,18000,1,5,5,Yes,Travel_Rarely,13,3,280,31,3.0,Company Website,9,Yes
EMP10440,54,Male,IT,System Administrator,Master's,Business,Single,Ahmedabad,Full-Time,2018-10-23,0,0,0,32,1,19900,2,4,3,No,Travel_Rarely,28,6,231,75,2.7,Naukri,26,Yes
EMP10441,53,Male,IT,Data Analyst,Master's,Human Resources,Single,Delhi,Contract,2024-11-07,14,6,5,26,5,18000,1,1,3,No,Non-Travel,18,3,251,50,2.3,Company Website,28,No
EMP10442,43,Male,Engineering,Electrical Engineer,Diploma,Other,Married,Gurugram,Full-Time,2020-03-15,6,3,6,19,3,18000,2,4,3,No,Travel_Rarely,1,6,215,52,3.0,Naukri,35,No
EMP10443,27,Female,Finance,Accountant,Bachelor's,Engineering,Married,Kolkata,Full-Time,2021-10-25,0,0,4,0,1,18000,3,2,4,No,Travel_Rarely,11,4,198,43,2.7,Recruitment Agency,20,No
EMP10444,23,Male,Finance,Accountant,Bachelor's,Other,Married,Hyderabad,Full-Time,2022-02-10,1,1,5,1,1,39900,5,4,4,No,Travel_Rarely,13,6,218,11,3.7,Recruitment Agency,49,No
EMP10445,52,Male,Engineering,Mechanical Engineer,Master's,Finance,Married,Pune,Part-Time,2023-03-02,8,8,1,30,3,18900,4,3,4,No,Travel_Rarely,20,5,200,68,3.3,LinkedIn,19,No
EMP10446,51,Female,Engineering,Electrical Engineer,Master's,Business,Single,Hyderabad,Full-Time,2025-09-21,8,8,7,26,3,47900,4,5,4,No,Travel_Frequently,28,3,187,45,4.7,Campus Hiring,14,No
EMP10447,38,Female,Engineering,Mechanical Engineer,Master's,Other,Married,Hyderabad,Full-Time,2019-04-01,4,3,7,12,2,52700,1,4,3,No,Travel_Rarely,9,2,279,17,2.7,Employee Referral,29,No
EMP10448,27,Male,Operations,Operations Analyst,Bachelor's,Engineering,Single,Bengaluru,Full-Time,2018-11-10,6,4,0,6,3,57000,1,4,3,No,Travel_Rarely,30,4,188,42,3.3,Recruitment Agency,23,No
EMP10449,21,Female,Finance,Finance Executive,Master's,Business,Married,Ahmedabad,Full-Time,2025-12-27,1,1,7,1,1,21500,2,5,4,No,Travel_Rarely,25,7,166,42,3.0,Company Website,41,No
EMP10450,34,Male,IT,System Administrator,Master's,Business,Married,Hyderabad,Full-Time,2020-05-20,2,1,3,12,1,24200,4,3,3,No,Travel_Frequently,30,1,229,77,4.0,Employee Referral,10,No
EMP10451,52,Male,Operations,Operations Analyst,Bachelor's,Human Resources,Single,Kolkata,Full-Time,2018-08-10,2,1,4,29,1,26100,3,1,3,Yes,Travel_Rarely,16,6,242,27,2.3,Company Website,24,No
EMP10452,26,Male,Sales,Sales Manager,Bachelor's,Computer Science,Married,Noida,Part-Time,2025-03-23,6,4,2,6,3,18700,1,4,4,Yes,Non-Travel,11,5,149,73,2.3,LinkedIn,31,No
EMP10453,59,Female,Sales,Sales Representative,Bachelor's,Business,Single,Chennai,Full-Time,2022-06-04,2,0,1,36,1,26700,4,2,4,No,Travel_Rarely,3,4,146,70,3.7,LinkedIn,18,Yes
EMP10454,30,Female,Engineering,Electrical Engineer,Bachelor's,Human Resources,Single,Kolkata,Full-Time,2025-03-07,3,3,1,3,2,18000,5,3,5,No,Travel_Rarely,17,3,133,92,4.3,LinkedIn,11,No
EMP10455,27,Male,IT,Data Analyst,Bachelor's,Other,Married,Mumbai,Full-Time,2021-06-09,3,3,7,4,2,18000,2,3,5,Yes,Non-Travel,2,7,179,19,3.0,Naukri,37,No
EMP10456,46,Female,Sales,Sales Manager,Bachelor's,Marketing,Married,Hyderabad,Full-Time,2017-04-16,7,1,1,26,3,30400,1,4,3,No,Travel_Rarely,9,7,211,59,3.0,Naukri,16,No
EMP10457,54,Female,IT,System Administrator,Bachelor's,Other,Divorced,Kolkata,Full-Time,2022-09-23,14,8,7,34,5,18800,1,5,4,No,Travel_Rarely,9,4,179,31,3.0,Employee Referral,33,No
EMP10458,50,Female,Sales,Sales Manager,Bachelor's,Finance,Married,Gurugram,Full-Time,2025-06-25,12,1,4,24,5,18000,3,4,2,No,Travel_Rarely,16,2,145,48,3.7,Employee Referral,16,No
EMP10459,56,Male,IT,System Administrator,Master's,Computer Science,Married,Delhi,Full-Time,2023-06-27,10,6,0,33,4,18000,1,4,4,No,Travel_Rarely,28,2,201,74,2.7,Recruitment Agency,21,No
EMP10460,41,Female,IT,Data Analyst,Bachelor's,Business,Single,Kolkata,Full-Time,2016-06-13,12,7,0,20,5,43600,4,5,3,No,Travel_Rarely,1,2,190,39,3.7,Naukri,31,No
EMP10461,37,Female,IT,Software Engineer,Bachelor's,Computer Science,Married,Ahmedabad,Contract,2021-06-14,10,5,5,11,4,27100,4,2,3,Yes,Travel_Rarely,25,5,173,14,3.7,Recruitment Agency,27,Yes
EMP10462,53,Female,Marketing,Digital Marketing Specialist,PhD,Human Resources,Single,Mumbai,Full-Time,2024-08-19,10,6,7,29,4,18000,4,5,4,No,Travel_Rarely,17,7,275,35,3.7,Employee Referral,16,No
EMP10463,30,Male,Operations,Process Associate,Master's,Finance,Single,Delhi,Full-Time,2023-05-29,4,0,7,5,2,18000,5,4,3,No,Travel_Rarely,10,4,179,72,3.7,Company Website,29,No
EMP10464,32,Male,Marketing,Content Strategist,Bachelor's,Finance,Married,Mumbai,Full-Time,2020-10-05,0,0,5,8,1,19300,5,1,3,No,Non-Travel,20,4,209,55,3.3,Employee Referral,5,No
EMP10465,36,Female,Engineering,Electrical Engineer,Bachelor's,Computer Science,Married,Ahmedabad,Full-Time,2016-06-12,8,6,0,15,3,27300,1,5,3,No,Travel_Rarely,5,7,159,40,3.7,Employee Referral,13,No
EMP10466,52,Male,Finance,Finance Executive,Bachelor's,Engineering,Married,Chennai,Part-Time,2016-04-13,0,0,6,26,1,18000,5,2,2,Yes,Travel_Frequently,8,3,178,50,3.0,LinkedIn,40,No
EMP10467,35,Male,HR,HR Analyst,Master's,Finance,Married,Mumbai,Full-Time,2024-10-06,5,0,7,10,2,20400,5,5,3,No,Travel_Rarely,13,1,227,21,5.0,Employee Referral,22,No
EMP10468,47,Male,Engineering,Project Engineer,Bachelor's,Marketing,Married,Delhi,Full-Time,2017-08-18,0,0,7,21,1,23200,3,5,3,No,Travel_Rarely,21,2,278,26,4.3,Employee Referral,30,No
EMP10469,48,Male,HR,Recruiter,Bachelor's,Marketing,Single,Pune,Full-Time,2016-04-29,2,2,5,28,1,23400,5,3,3,No,Travel_Rarely,5,1,279,27,3.3,Recruitment Agency,30,No
EMP10470,37,Female,Engineering,Project Engineer,Bachelor's,Business,Married,Mumbai,Full-Time,2022-04-25,12,2,6,12,5,18000,2,3,3,Yes,Travel_Frequently,4,7,154,75,3.3,Recruitment Agency,21,Yes
EMP10471,22,Female,IT,IT Support Specialist,Bachelor's,Engineering,Single,Hyderabad,Full-Time,2019-02-01,0,0,0,0,1,24300,2,4,4,No,Travel_Rarely,25,7,185,97,3.0,Employee Referral,25,No
EMP10472,56,Male,Engineering,Electrical Engineer,Master's,Engineering,Single,Gurugram,Full-Time,2016-12-29,4,4,7,33,2,18000,2,4,2,Yes,Travel_Rarely,29,1,133,48,3.7,Employee Referral,13,Yes
EMP10473,27,Female,IT,IT Support Specialist,Bachelor's,Human Resources,Single,Ahmedabad,Full-Time,2020-04-18,3,2,1,3,2,19400,1,5,3,No,Non-Travel,8,2,141,83,3.0,Recruitment Agency,25,Yes
EMP10474,33,Female,Engineering,Electrical Engineer,Bachelor's,Business,Single,Chennai,Contract,2017-01-03,8,4,2,8,3,18000,4,1,4,No,Travel_Rarely,25,2,274,42,2.7,Recruitment Agency,20,Yes
EMP10475,35,Female,Sales,Business Development Executive,Master's,Finance,Single,Gurugram,Full-Time,2018-08-15,6,4,1,12,3,18000,3,4,3,No,Travel_Frequently,23,3,165,97,3.3,Campus Hiring,43,Yes
EMP10476,45,Female,Engineering,Engineering Manager,Master's,Other,Married,Pune,Full-Time,2025-04-20,13,8,6,19,5,32200,1,5,3,No,Travel_Frequently,7,5,145,84,2.7,Employee Referral,18,No
EMP10477,43,Male,IT,System Administrator,Bachelor's,Computer Science,Married,Mumbai,Full-Time,2020-11-02,9,3,5,22,4,18000,4,5,4,No,Travel_Rarely,5,2,280,17,4.0,LinkedIn,29,No
EMP10478,42,Female,Sales,Sales Manager,Bachelor's,Engineering,Single,Delhi,Full-Time,2019-04-23,7,0,2,17,3,18000,3,5,4,Yes,Travel_Rarely,10,1,250,100,4.3,Campus Hiring,22,No
EMP10479,46,Female,Engineering,Mechanical Engineer,Bachelor's,Engineering,Married,Gurugram,Full-Time,2022-09-07,11,4,7,23,4,32700,3,5,4,No,Travel_Rarely,17,7,266,35,4.0,Naukri,31,No
EMP10480,53,Male,Sales,Sales Executive,Master's,Other,Single,Delhi,Full-Time,2025-05-08,8,0,2,27,3,18000,3,5,5,No,Non-Travel,28,3,207,85,4.0,Company Website,12,No
EMP10481,31,Female,Marketing,Content Strategist,Master's,Human Resources,Single,Ahmedabad,Part-Time,2023-01-21,5,5,0,5,2,18000,2,3,2,Yes,Travel_Rarely,6,4,184,44,3.0,Naukri,23,No
EMP10482,30,Female,Operations,Operations Executive,Bachelor's,Finance,Married,Kolkata,Full-Time,2025-07-20,4,4,3,4,2,19500,2,2,5,Yes,Travel_Frequently,10,7,202,66,2.3,Naukri,29,No
EMP10483,45,Female,Sales,Sales Representative,Bachelor's,Human Resources,Married,Hyderabad,Full-Time,2019-06-08,14,0,4,24,5,28100,2,2,5,No,Travel_Rarely,16,3,193,88,2.0,Naukri,26,Yes
EMP10484,57,Male,Marketing,Marketing Executive,Master's,Computer Science,Single,Chennai,Full-Time,2016-05-14,10,3,3,37,4,42200,3,5,4,No,Travel_Rarely,22,2,219,30,3.7,Campus Hiring,28,No
EMP10485,58,Female,Marketing,Content Strategist,Bachelor's,Marketing,Single,Chennai,Part-Time,2021-09-23,8,8,2,37,3,18000,3,4,3,No,Travel_Rarely,10,7,267,46,3.7,Employee Referral,17,No
EMP10486,44,Male,Engineering,Project Engineer,Bachelor's,Engineering,Married,Bengaluru,Full-Time,2023-04-25,7,0,3,23,3,18000,2,1,4,No,Travel_Frequently,4,6,218,14,2.7,Company Website,21,No
EMP10487,60,Male,IT,Data Analyst,Master's,Human Resources,Single,Delhi,Full-Time,2020-02-24,8,8,5,33,3,19500,3,5,3,No,Travel_Rarely,2,2,133,26,3.7,Employee Referral,24,No
EMP10488,53,Male,HR,HR Manager,Master's,Other,Married,Chennai,Contract,2024-02-20,9,7,2,29,4,24400,2,1,4,No,Travel_Rarely,1,5,159,99,2.3,Recruitment Agency,31,No
EMP10489,37,Male,Engineering,Project Engineer,Master's,Finance,Married,Ahmedabad,Full-Time,2017-08-17,3,3,1,11,2,18000,2,3,3,Yes,Travel_Rarely,3,3,268,91,3.3,Naukri,37,No
EMP10490,44,Male,Engineering,Electrical Engineer,Bachelor's,Human Resources,Married,Pune,Part-Time,2019-12-16,8,5,5,21,3,30000,2,2,4,No,Travel_Rarely,27,2,180,34,2.0,Company Website,7,No
EMP10491,57,Male,Sales,Sales Executive,Diploma,Engineering,Married,Hyderabad,Full-Time,2025-12-01,14,6,1,32,5,18000,4,3,3,No,Travel_Rarely,13,1,276,70,4.0,Company Website,21,No
EMP10492,22,Female,Marketing,Marketing Executive,Bachelor's,Marketing,Single,Kolkata,Full-Time,2018-02-04,0,0,5,0,1,18000,3,4,2,No,Travel_Frequently,29,1,270,46,3.0,Recruitment Agency,18,No
EMP10493,52,Male,HR,Recruiter,Bachelor's,Other,Single,Hyderabad,Full-Time,2021-04-28,4,4,0,26,2,28000,1,4,4,No,Travel_Rarely,25,3,260,93,3.3,Naukri,17,No
EMP10494,44,Male,IT,Data Analyst,Bachelor's,Business,Married,Delhi,Full-Time,2024-10-21,4,4,6,22,2,29500,2,5,3,No,Travel_Rarely,12,7,241,75,3.0,Recruitment Agency,26,No
EMP10495,29,Male,Sales,Sales Manager,Master's,Human Resources,Divorced,Ahmedabad,Full-Time,2019-09-02,0,0,5,8,1,35200,1,4,3,No,Travel_Rarely,1,5,207,22,2.3,Naukri,24,Yes
EMP10496,24,Male,Finance,Financial Analyst,Bachelor's,Finance,Single,Chennai,Full-Time,2020-05-05,1,1,4,2,1,18000,4,4,3,No,Travel_Rarely,21,6,156,49,3.3,LinkedIn,14,No
EMP10497,37,Other,Marketing,Digital Marketing Specialist,Bachelor's,Other,Single,Noida,Part-Time,2022-05-29,9,1,7,11,4,18000,3,3,4,No,Travel_Rarely,10,3,217,51,3.0,LinkedIn,13,No
EMP10498,37,Male,IT,Software Engineer,Bachelor's,Computer Science,Married,Delhi,Contract,2017-06-19,2,2,1,13,1,19700,2,1,3,Yes,Travel_Rarely,6,5,267,93,2.7,Naukri,28,Yes
EMP10499,50,Male,Engineering,Electrical Engineer,Bachelor's,Other,Married,Kolkata,Full-Time,2017-09-25,13,2,5,27,5,48600,2,2,3,No,Travel_Frequently,9,1,247,79,2.0,Employee Referral,14,No
EMP10500,60,Male,Engineering,Mechanical Engineer,Diploma,Other,Married,Ahmedabad,Full-Time,2022-11-18,13,6,4,36,5,20500,2,4,3,Yes,Travel_Rarely,1,2,136,84,3.7,Company Website,18,No
EMP10501,31,Female,Operations,Process Associate,Master's,Business,Single,Mumbai,Part-Time,2021-09-27,4,3,7,4,2,18000,1,4,4,Yes,Travel_Rarely,12,4,244,34,2.7,Naukri,32,No
EMP10502,41,Male,Sales,Sales Manager,Bachelor's,Human Resources,Single,Noida,Full-Time,2017-10-22,5,0,7,18,2,25200,4,3,3,No,Travel_Rarely,5,2,221,51,3.7,Company Website,26,No
EMP10503,41,Male,Finance,Financial Analyst,Diploma,Computer Science,Married,Gurugram,Full-Time,2017-04-03,11,5,0,18,4,39700,3,2,3,No,Travel_Rarely,1,1,219,19,3.0,Campus Hiring,38,No
EMP10504,38,Other,Engineering,Engineering Manager,Bachelor's,Other,Married,Gurugram,Full-Time,2023-07-07,9,5,5,12,4,36100,4,3,3,No,Travel_Rarely,2,6,211,52,3.0,Campus Hiring,23,No
EMP10505,49,Female,Operations,Operations Executive,Master's,Marketing,Single,Delhi,Full-Time,2023-09-10,10,6,6,29,4,28400,2,1,3,No,Travel_Rarely,14,7,142,77,2.0,Employee Referral,44,Yes
EMP10506,44,Female,IT,Software Engineer,Bachelor's,Other,Married,Ahmedabad,Full-Time,2022-10-08,12,7,4,18,5,24800,4,3,4,Yes,Travel_Rarely,2,1,201,98,4.0,Recruitment Agency,22,No
EMP10507,30,Other,Engineering,Engineering Manager,Bachelor's,Computer Science,Married,Delhi,Full-Time,2020-08-07,9,2,6,9,4,18000,1,2,4,Yes,Non-Travel,27,2,220,37,1.7,Company Website,35,No
EMP10508,37,Female,Engineering,Mechanical Engineer,Bachelor's,Engineering,Married,Ahmedabad,Full-Time,2018-01-24,13,5,5,13,5,22300,5,2,3,Yes,Travel_Frequently,5,2,271,33,3.7,LinkedIn,16,Yes
EMP10509,38,Male,Engineering,Mechanical Engineer,Bachelor's,Marketing,Married,Hyderabad,Full-Time,2024-01-03,4,1,1,15,2,23900,5,4,3,No,Travel_Frequently,10,6,234,50,4.0,Naukri,18,No
EMP10510,40,Male,Operations,Operations Manager,Diploma,Other,Single,Mumbai,Full-Time,2021-03-08,12,8,7,14,5,20500,3,1,3,Yes,Travel_Rarely,20,6,173,70,2.7,Naukri,39,No
EMP10511,57,Female,Marketing,Marketing Manager,Master's,Business,Divorced,Ahmedabad,Full-Time,2023-06-01,0,0,1,31,1,30300,3,5,4,Yes,Travel_Rarely,6,1,213,14,3.7,Company Website,18,Yes
EMP10512,38,Male,Sales,Business Development Executive,Master's,Other,Divorced,Hyderabad,Full-Time,2021-10-16,11,2,3,14,4,20300,4,4,1,No,Travel_Rarely,5,2,157,20,4.0,Recruitment Agency,22,No
EMP10513,37,Male,Engineering,Electrical Engineer,Diploma,Engineering,Single,Chennai,Full-Time,2017-05-23,10,1,3,13,4,18700,3,3,4,Yes,Travel_Frequently,2,7,152,17,2.7,Campus Hiring,18,No
EMP10514,29,Female,Engineering,Mechanical Engineer,Master's,Human Resources,Single,Bengaluru,Full-Time,2018-01-05,2,2,5,2,1,35200,1,3,3,Yes,Travel_Rarely,9,4,141,30,2.0,Naukri,34,Yes
EMP10515,34,Female,IT,IT Support Specialist,Bachelor's,Engineering,Single,Ahmedabad,Full-Time,2022-03-07,8,0,3,11,3,18300,2,2,3,No,Travel_Rarely,29,4,180,73,2.0,Company Website,13,No
EMP10516,49,Male,IT,Software Engineer,PhD,Marketing,Single,Bengaluru,Full-Time,2023-07-14,2,2,5,24,1,22700,2,2,1,No,Travel_Rarely,10,3,237,14,2.7,Employee Referral,36,No
EMP10517,51,Female,Finance,Financial Analyst,Bachelor's,Other,Married,Delhi,Full-Time,2019-08-16,2,0,7,24,1,33000,4,2,4,No,Travel_Rarely,8,4,279,43,3.7,Recruitment Agency,26,Yes
EMP10518,24,Female,Engineering,Electrical Engineer,Bachelor's,Computer Science,Married,Pune,Full-Time,2021-12-11,1,1,7,2,1,18000,2,5,4,No,Travel_Rarely,25,1,191,18,3.7,LinkedIn,26,No
EMP10519,38,Male,Engineering,Mechanical Engineer,Master's,Human Resources,Married,Noida,Full-Time,2023-10-14,3,3,5,17,2,18000,4,5,2,No,Travel_Rarely,27,1,155,47,4.3,Company Website,23,No
EMP10520,40,Male,IT,IT Support Specialist,Bachelor's,Computer Science,Divorced,Chennai,Contract,2016-10-18,11,7,6,19,4,40600,3,4,3,Yes,Travel_Rarely,6,3,187,52,4.0,Recruitment Agency,35,Yes
EMP10521,29,Female,Marketing,Content Strategist,Bachelor's,Business,Divorced,Hyderabad,Full-Time,2017-02-24,1,1,4,4,1,18000,3,5,3,No,Travel_Rarely,5,7,272,19,3.3,Recruitment Agency,22,Yes
EMP10522,33,Male,Finance,Accountant,Bachelor's,Marketing,Single,Chennai,Full-Time,2021-04-02,13,1,1,13,5,30100,1,2,4,No,Travel_Rarely,21,5,197,21,2.3,Naukri,18,Yes
EMP10523,35,Female,Engineering,Mechanical Engineer,Bachelor's,Business,Single,Bengaluru,Full-Time,2018-03-22,8,7,7,8,3,18000,2,4,3,No,Travel_Rarely,18,7,135,27,3.3,LinkedIn,29,No
EMP10524,47,Female,Engineering,Project Engineer,Bachelor's,Other,Married,Bengaluru,Contract,2021-09-28,8,4,0,22,3,18000,1,4,3,No,Non-Travel,27,3,240,96,2.3,Company Website,23,No
EMP10525,35,Female,Engineering,Mechanical Engineer,Master's,Finance,Single,Noida,Full-Time,2021-07-02,11,0,2,15,4,25900,5,1,2,No,Travel_Rarely,20,5,259,21,3.3,Campus Hiring,42,Yes
EMP10526,48,Male,Sales,Sales Executive,Bachelor's,Marketing,Married,Kolkata,Full-Time,2016-07-01,9,6,1,28,4,20800,1,5,4,No,Non-Travel,18,5,153,40,3.7,Naukri,32,No
EMP10527,57,Female,Sales,Sales Executive,Master's,Finance,Married,Delhi,Full-Time,2016-09-03,6,5,7,32,3,26100,4,3,3,No,Travel_Frequently,2,2,164,20,3.3,Recruitment Agency,27,No
EMP10528,39,Male,HR,Recruiter,PhD,Business,Single,Hyderabad,Full-Time,2024-08-25,7,4,3,18,3,51200,4,3,1,No,Travel_Rarely,12,6,176,36,3.7,Naukri,37,No
EMP10529,46,Male,IT,Software Engineer,Master's,Finance,Married,Ahmedabad,Contract,2017-10-11,2,0,5,24,1,18000,1,1,3,No,Travel_Rarely,8,4,160,30,2.3,Employee Referral,11,No
EMP10530,46,Male,Engineering,Project Engineer,Master's,Finance,Married,Pune,Full-Time,2023-02-10,5,0,3,25,2,22400,3,2,4,No,Travel_Rarely,4,7,218,83,2.3,Employee Referral,29,No
EMP10531,45,Male,Engineering,Mechanical Engineer,Bachelor's,Engineering,Married,Mumbai,Full-Time,2017-07-14,14,5,4,19,5,42800,5,1,3,No,Non-Travel,28,5,205,22,3.0,Naukri,25,Yes
EMP10532,46,Male,Engineering,Project Engineer,Master's,Engineering,Single,Ahmedabad,Full-Time,2021-10-20,9,6,3,25,4,18000,1,2,3,Yes,Travel_Rarely,30,2,247,54,1.7,Naukri,22,No
EMP10533,46,Male,Engineering,Mechanical Engineer,Master's,Business,Single,Bengaluru,Full-Time,2018-02-08,5,0,4,25,2,18000,3,5,3,No,Travel_Frequently,20,3,259,56,3.3,Company Website,21,Yes
EMP10534,48,Female,Sales,Sales Manager,Bachelor's,Business,Single,Pune,Full-Time,2017-07-09,12,8,0,21,5,18000,1,5,3,Yes,Travel_Rarely,23,3,233,34,2.7,Campus Hiring,34,Yes
EMP10535,38,Male,Operations,Operations Manager,Bachelor's,Computer Science,Single,Gurugram,Full-Time,2025-03-16,0,0,5,13,1,60300,2,4,3,Yes,Travel_Rarely,4,7,188,86,3.0,LinkedIn,7,No
EMP10536,52,Male,Engineering,Mechanical Engineer,Master's,Human Resources,Married,Bengaluru,Full-Time,2017-05-18,5,4,3,27,2,18000,4,4,5,No,Travel_Rarely,9,7,225,73,4.3,Employee Referral,28,No
EMP10537,23,Female,Engineering,Mechanical Engineer,Master's,Finance,Single,Bengaluru,Full-Time,2017-09-19,0,0,4,0,1,31600,2,4,3,No,Travel_Rarely,9,5,192,79,3.7,Employee Referral,11,No
EMP10538,22,Female,HR,HR Analyst,Master's,Other,Single,Chennai,Full-Time,2023-06-01,0,0,3,0,1,18000,2,4,3,Yes,Travel_Frequently,12,7,274,37,3.7,Company Website,22,No
EMP10539,53,Female,Sales,Business Development Executive,Master's,Human Resources,Single,Gurugram,Full-Time,2025-04-07,13,1,4,26,5,18000,5,3,3,No,Travel_Rarely,14,2,183,29,4.3,Recruitment Agency,24,No
EMP10540,39,Female,IT,Data Analyst,Master's,Computer Science,Single,Delhi,Contract,2025-03-13,2,2,6,14,1,35600,3,4,3,No,Travel_Rarely,30,1,254,93,3.3,Employee Referral,39,No
EMP10541,37,Female,Engineering,Engineering Manager,Bachelor's,Computer Science,Single,Noida,Full-Time,2020-10-19,10,8,5,16,4,18000,4,4,3,No,Travel_Rarely,3,7,278,50,3.3,Employee Referral,19,No
EMP10542,53,Male,Marketing,Marketing Manager,Bachelor's,Marketing,Married,Noida,Full-Time,2022-12-30,15,1,5,31,5,29500,2,4,4,Yes,Travel_Rarely,6,6,151,13,3.3,Company Website,24,No
EMP10543,32,Male,HR,HR Executive,Master's,Computer Science,Married,Bengaluru,Full-Time,2018-12-30,2,2,1,12,1,41000,4,2,3,No,Travel_Rarely,15,6,254,93,3.0,Employee Referral,13,No
EMP10544,23,Male,Operations,Operations Analyst,Bachelor's,Computer Science,Single,Bengaluru,Full-Time,2016-06-09,0,0,4,0,1,24100,3,4,5,No,Travel_Rarely,23,4,226,78,3.0,LinkedIn,29,No
EMP10545,46,Male,Marketing,Marketing Manager,Bachelor's,Finance,Single,Kolkata,Full-Time,2020-12-13,9,6,2,26,4,32900,1,1,3,No,Travel_Rarely,19,5,245,95,2.0,Recruitment Agency,12,Yes
EMP10546,55,Male,Finance,Financial Analyst,Bachelor's,Computer Science,Single,Ahmedabad,Full-Time,2021-12-14,10,5,0,29,4,22800,2,4,3,No,Non-Travel,4,1,158,33,2.7,LinkedIn,8,No
EMP10547,28,Female,IT,System Administrator,Master's,Finance,Single,Delhi,Full-Time,2025-08-28,2,2,1,2,1,23300,3,4,3,No,Travel_Rarely,30,4,278,26,4.0,Employee Referral,10,Yes
EMP10548,56,Female,Operations,Process Associate,Master's,Human Resources,Single,Delhi,Full-Time,2020-09-01,10,8,0,36,4,18000,4,3,3,Yes,Travel_Rarely,1,1,131,14,3.3,Employee Referral,21,No
EMP10549,27,Female,Sales,Sales Executive,Bachelor's,Finance,Single,Mumbai,Full-Time,2020-04-01,3,3,1,3,2,52500,3,4,3,No,Travel_Rarely,27,6,171,66,3.3,Naukri,22,No
EMP10550,56,Male,Operations,Operations Executive,Diploma,Computer Science,Single,Chennai,Full-Time,2019-08-20,9,0,3,35,4,30800,1,2,3,No,Non-Travel,9,2,181,35,2.3,LinkedIn,34,No
EMP10551,36,Male,Sales,Sales Executive,Bachelor's,Finance,Married,Gurugram,Full-Time,2022-12-12,10,1,4,14,4,27900,3,5,3,Yes,Non-Travel,23,7,167,81,3.7,LinkedIn,38,Yes
EMP10552,44,Female,Engineering,Electrical Engineer,PhD,Business,Married,Ahmedabad,Full-Time,2022-04-05,7,7,3,22,3,31200,4,4,3,No,Travel_Rarely,26,5,260,82,3.3,Naukri,37,No
EMP10553,21,Female,Sales,Business Development Executive,PhD,Business,Married,Delhi,Full-Time,2022-02-01,1,1,0,1,1,18000,2,4,3,No,Travel_Rarely,16,1,206,26,2.7,Recruitment Agency,34,Yes
EMP10554,45,Male,Marketing,Marketing Executive,Master's,Finance,Married,Delhi,Full-Time,2022-03-07,15,1,5,21,5,33500,2,4,3,No,Travel_Frequently,23,1,272,65,3.3,Campus Hiring,43,No
EMP10555,30,Male,Engineering,Project Engineer,Bachelor's,Other,Married,Mumbai,Full-Time,2021-07-12,3,3,7,3,2,44400,5,3,4,Yes,Travel_Frequently,9,1,234,17,4.0,LinkedIn,28,No
EMP10556,36,Male,Sales,Business Development Executive,Bachelor's,Human Resources,Married,Noida,Contract,2025-12-19,3,0,0,10,2,18000,4,5,3,No,Travel_Rarely,12,6,139,73,4.3,Naukri,28,No
EMP10557,36,Male,IT,IT Support Specialist,Bachelor's,Human Resources,Married,Hyderabad,Contract,2022-08-03,12,6,1,13,5,28100,5,3,3,Yes,Travel_Rarely,14,5,249,78,4.0,Recruitment Agency,40,No
EMP10558,28,Female,IT,Data Analyst,Bachelor's,Business,Married,Delhi,Full-Time,2019-04-27,7,3,0,7,3,22700,5,3,3,No,Travel_Rarely,15,2,256,19,4.3,Naukri,14,No
EMP10559,49,Male,Operations,Operations Executive,Master's,Marketing,Married,Gurugram,Full-Time,2025-10-20,8,7,7,22,3,18000,1,3,4,No,Travel_Frequently,22,2,243,59,2.0,Recruitment Agency,32,No
EMP10560,59,Male,Marketing,Content Strategist,Diploma,Human Resources,Married,Hyderabad,Full-Time,2025-12-06,0,0,4,39,1,18000,4,2,2,No,Travel_Rarely,24,1,198,64,2.7,Naukri,24,No
EMP10561,48,Female,Operations,Operations Analyst,PhD,Engineering,Married,Noida,Full-Time,2021-06-18,1,1,0,26,1,35400,2,5,4,No,Travel_Rarely,21,2,238,23,3.0,Employee Referral,36,Yes
EMP10562,26,Female,HR,HR Executive,Bachelor's,Business,Married,Gurugram,Full-Time,2017-09-25,0,0,3,0,1,24200,4,2,3,No,Travel_Rarely,16,4,173,100,2.7,Naukri,35,No
EMP10563,36,Female,IT,IT Support Specialist,Bachelor's,Computer Science,Married,Delhi,Contract,2021-06-29,4,4,5,9,2,20100,1,2,3,No,Travel_Rarely,8,2,149,36,2.7,LinkedIn,23,Yes
EMP10564,40,Male,IT,IT Support Specialist,Bachelor's,Business,Single,Mumbai,Full-Time,2018-11-22,13,5,4,13,5,28100,4,5,3,No,Travel_Rarely,28,1,236,14,4.3,Naukri,13,No
EMP10565,36,Male,Finance,Accountant,Bachelor's,Marketing,Single,Mumbai,Full-Time,2017-05-15,6,5,0,11,3,20800,4,2,5,Yes,Travel_Frequently,10,4,248,88,3.0,Employee Referral,36,Yes
EMP10566,27,Female,Marketing,Marketing Executive,Bachelor's,Marketing,Single,Pune,Contract,2022-06-17,0,0,2,2,1,18000,5,5,4,No,Travel_Rarely,14,5,238,37,4.0,Naukri,20,Yes
EMP10567,34,Female,Finance,Financial Analyst,Bachelor's,Marketing,Married,Pune,Part-Time,2020-04-12,10,5,2,10,4,23300,4,4,4,No,Non-Travel,17,3,137,14,3.7,Employee Referral,25,No
EMP10568,46,Female,Sales,Sales Manager,Bachelor's,Human Resources,Married,Chennai,Full-Time,2019-03-20,9,5,5,22,4,21800,5,3,3,No,Travel_Rarely,3,6,172,95,4.3,Naukri,14,No
EMP10569,46,Female,Engineering,Project Engineer,Bachelor's,Human Resources,Single,Mumbai,Full-Time,2020-05-17,11,3,3,26,4,18000,5,2,4,No,Travel_Rarely,4,2,267,21,4.0,Naukri,21,No
EMP10570,34,Male,Finance,Finance Executive,Master's,Business,Single,Gurugram,Full-Time,2025-10-30,4,4,1,7,2,18000,3,5,3,No,Travel_Rarely,16,7,170,17,4.0,Company Website,33,No
EMP10571,27,Female,Sales,Sales Executive,Master's,Other,Divorced,Delhi,Part-Time,2021-11-28,4,4,1,4,2,18000,1,1,4,No,Travel_Rarely,14,4,261,68,2.3,Naukri,27,No
EMP10572,53,Female,Operations,Operations Analyst,Master's,Engineering,Married,Kolkata,Contract,2021-06-07,11,2,5,31,4,18000,5,2,3,Yes,Travel_Rarely,27,3,261,74,3.7,LinkedIn,17,Yes
EMP10573,46,Female,Finance,Accountant,Bachelor's,Computer Science,Single,Pune,Full-Time,2024-10-08,2,2,0,26,1,27200,4,2,4,Yes,Travel_Rarely,25,5,153,69,3.0,Company Website,7,Yes
EMP10574,40,Female,Marketing,Marketing Executive,Bachelor's,Engineering,Single,Ahmedabad,Full-Time,2017-06-03,9,2,4,17,4,18000,5,5,4,No,Travel_Rarely,24,3,150,89,5.0,Employee Referral,30,No
EMP10575,23,Female,Engineering,Engineering Manager,Diploma,Human Resources,Married,Gurugram,Full-Time,2021-04-01,0,0,5,0,1,35200,5,1,3,No,Travel_Rarely,14,5,267,64,3.3,Recruitment Agency,20,No
EMP10576,24,Female,Engineering,Electrical Engineer,Bachelor's,Human Resources,Single,Gurugram,Full-Time,2019-08-21,0,0,1,0,1,18000,5,1,3,No,Travel_Rarely,16,1,175,52,3.0,Campus Hiring,26,No
EMP10577,46,Male,IT,IT Support Specialist,Master's,Business,Single,Mumbai,Full-Time,2024-06-27,13,0,2,21,5,19300,2,4,2,No,Travel_Rarely,8,1,250,50,2.7,LinkedIn,23,No
EMP10578,31,Female,Engineering,Engineering Manager,Bachelor's,Engineering,Single,Kolkata,Contract,2023-12-07,1,1,7,10,1,18000,2,2,3,No,Travel_Rarely,18,6,173,19,2.7,Naukri,20,Yes
EMP10579,22,Female,Sales,Business Development Executive,PhD,Finance,Married,Chennai,Full-Time,2021-01-20,0,0,1,0,1,18000,2,3,3,No,Travel_Rarely,7,6,229,84,3.0,LinkedIn,30,Yes
EMP10580,34,Male,HR,Recruiter,Diploma,Computer Science,Single,Bengaluru,Full-Time,2018-07-21,8,3,2,8,3,22100,2,2,4,No,Travel_Rarely,28,5,162,93,2.3,LinkedIn,16,No
EMP10581,50,Female,Sales,Business Development Executive,Bachelor's,Finance,Divorced,Delhi,Full-Time,2025-05-15,12,5,1,25,5,18000,3,3,3,Yes,Travel_Rarely,3,3,223,16,3.0,Naukri,25,No
EMP10582,32,Female,Engineering,Engineering Manager,PhD,Finance,Single,Kolkata,Part-Time,2020-03-21,3,3,3,10,2,24300,5,3,3,No,Travel_Rarely,6,6,165,30,3.7,LinkedIn,28,No
EMP10583,46,Male,Sales,Sales Representative,Master's,Engineering,Married,Bengaluru,Full-Time,2025-10-03,15,0,5,24,5,30500,3,5,3,No,Travel_Rarely,20,2,142,84,3.7,Naukri,36,No
EMP10584,53,Female,Finance,Accountant,Master's,Finance,Single,Delhi,Full-Time,2017-02-11,3,3,7,28,2,24800,4,2,3,No,Travel_Rarely,16,3,143,96,3.0,Naukri,24,No
EMP10585,33,Male,Marketing,Marketing Manager,Bachelor's,Computer Science,Single,Pune,Full-Time,2020-03-11,6,6,4,7,3,26300,1,5,3,No,Travel_Rarely,22,6,179,53,3.3,Naukri,13,No
EMP10586,34,Male,HR,HR Analyst,Bachelor's,Finance,Married,Gurugram,Full-Time,2017-09-15,9,2,7,9,4,35000,3,4,3,No,Travel_Frequently,4,3,197,91,3.3,LinkedIn,30,No
EMP10587,44,Female,IT,Software Engineer,Diploma,Business,Single,Noida,Full-Time,2024-09-11,15,2,5,21,5,21800,2,3,3,No,Travel_Rarely,19,7,130,97,2.3,Naukri,16,No
EMP10588,54,Male,IT,System Administrator,Bachelor's,Computer Science,Married,Pune,Full-Time,2023-07-29,9,1,6,34,4,18000,2,1,2,No,Non-Travel,2,2,132,95,2.0,Employee Referral,18,Yes
EMP10589,46,Male,IT,System Administrator,Diploma,Other,Single,Mumbai,Full-Time,2017-07-05,12,3,0,22,5,18000,4,3,4,No,Non-Travel,4,3,261,46,4.0,Naukri,20,Yes
EMP10590,41,Female,IT,IT Support Specialist,Bachelor's,Other,Married,Mumbai,Full-Time,2023-09-28,1,1,2,18,1,18000,5,4,3,No,Non-Travel,26,3,143,53,4.3,LinkedIn,22,No
EMP10591,48,Female,IT,System Administrator,Bachelor's,Other,Single,Bengaluru,Full-Time,2016-11-15,2,1,1,27,1,18000,1,3,5,Yes,Non-Travel,2,4,218,74,2.0,LinkedIn,36,No
EMP10592,56,Female,Marketing,Marketing Manager,Master's,Business,Divorced,Chennai,Full-Time,2018-12-05,2,0,0,31,1,31300,3,5,4,No,Travel_Rarely,7,5,232,15,4.0,Company Website,30,No
EMP10593,60,Male,IT,Software Engineer,Bachelor's,Business,Married,Hyderabad,Full-Time,2025-01-25,5,2,2,39,2,27900,5,2,3,No,Travel_Rarely,15,1,254,47,4.0,Campus Hiring,14,Yes
EMP10594,22,Female,Finance,Financial Analyst,PhD,Other,Married,Kolkata,Full-Time,2025-02-23,1,1,5,1,1,18000,5,1,3,No,Travel_Rarely,17,6,196,52,3.0,LinkedIn,38,No
EMP10595,29,Male,Engineering,Mechanical Engineer,Bachelor's,Human Resources,Married,Bengaluru,Full-Time,2017-10-28,6,6,2,6,3,18000,3,5,3,No,Non-Travel,14,7,136,66,4.0,Company Website,34,Yes
EMP10596,43,Female,Sales,Sales Representative,Bachelor's,Other,Married,Chennai,Part-Time,2017-09-19,4,4,3,19,2,18000,3,2,4,No,Travel_Rarely,11,6,137,84,3.0,Employee Referral,28,No
EMP10597,35,Female,Operations,Operations Analyst,Master's,Marketing,Single,Hyderabad,Full-Time,2024-07-05,3,2,7,9,2,25400,3,1,3,No,Travel_Rarely,17,6,173,89,2.3,Company Website,5,No
EMP10598,33,Female,IT,Software Engineer,Master's,Marketing,Divorced,Delhi,Full-Time,2024-12-20,2,2,1,11,1,35800,3,4,4,No,Travel_Rarely,5,5,264,79,3.7,Campus Hiring,16,Yes
EMP10599,43,Female,IT,Software Engineer,PhD,Business,Married,Delhi,Full-Time,2020-11-19,7,4,6,23,3,26900,2,3,1,No,Travel_Rarely,23,3,177,74,3.0,Campus Hiring,24,Yes
EMP10600,37,Female,IT,Data Analyst,Bachelor's,Human Resources,Married,Gurugram,Part-Time,2020-02-18,10,4,5,10,4,18000,5,1,2,No,Travel_Rarely,14,2,191,64,3.3,LinkedIn,39,Yes
EMP10601,22,Male,IT,IT Support Specialist,Bachelor's,Finance,Married,Bengaluru,Part-Time,2019-02-07,0,0,6,0,1,19100,5,4,3,No,Travel_Rarely,17,2,154,44,4.7,Naukri,36,No
EMP10602,40,Male,HR,HR Manager,Master's,Business,Single,Mumbai,Full-Time,2020-02-18,2,2,0,16,1,18000,2,2,2,No,Non-Travel,28,1,247,33,3.0,Employee Referral,15,No
EMP10603,40,Female,IT,System Administrator,Bachelor's,Business,Single,Delhi,Full-Time,2025-04-12,5,5,1,13,2,18000,5,1,3,No,Travel_Rarely,28,1,242,47,3.7,Recruitment Agency,9,No
EMP10604,23,Male,IT,Software Engineer,Bachelor's,Marketing,Single,Gurugram,Full-Time,2021-02-01,1,1,5,1,1,32200,3,4,2,No,Travel_Rarely,20,1,275,12,3.0,Campus Hiring,22,No
EMP10605,32,Male,IT,IT Support Specialist,Master's,Engineering,Single,Kolkata,Full-Time,2020-06-03,7,4,6,7,3,42200,1,2,4,No,Travel_Rarely,21,2,251,60,2.3,LinkedIn,25,No
EMP10606,60,Male,Sales,Sales Representative,Bachelor's,Engineering,Married,Delhi,Full-Time,2021-10-24,6,1,1,35,3,18000,5,5,4,No,Travel_Rarely,2,3,133,70,4.3,Naukri,13,No
EMP10607,22,Female,HR,HR Executive,Bachelor's,Human Resources,Married,Gurugram,Full-Time,2017-09-01,0,0,4,0,1,22500,1,3,3,No,Travel_Frequently,7,1,274,49,2.3,Employee Referral,16,No
EMP10608,56,Female,Finance,Finance Executive,Bachelor's,Other,Single,Delhi,Full-Time,2020-03-01,1,1,2,35,1,30500,1,4,3,No,Travel_Rarely,4,1,176,63,3.0,Company Website,43,No
EMP10609,34,Female,Sales,Sales Manager,Master's,Human Resources,Single,Ahmedabad,Full-Time,2017-04-23,7,3,6,7,3,18000,2,5,3,No,Non-Travel,8,7,247,75,3.3,Company Website,21,Yes
EMP10610,36,Male,Operations,Operations Manager,Bachelor's,Engineering,Married,Mumbai,Contract,2025-06-22,2,1,2,12,1,18000,4,2,4,No,Travel_Frequently,30,2,174,69,2.7,Employee Referral,21,No
EMP10611,39,Female,IT,Data Analyst,Bachelor's,Business,Single,Delhi,Full-Time,2017-08-10,11,2,4,15,4,54000,5,1,3,No,Travel_Rarely,30,6,218,24,3.0,LinkedIn,49,No
EMP10612,54,Male,Operations,Operations Analyst,Bachelor's,Business,Divorced,Mumbai,Part-Time,2017-08-15,9,8,4,32,4,18000,2,3,2,No,Travel_Rarely,1,3,132,95,3.3,Campus Hiring,21,Yes
EMP10613,26,Female,Marketing,Marketing Manager,PhD,Other,Single,Mumbai,Full-Time,2022-08-08,3,3,1,3,2,18700,2,2,3,Yes,Travel_Frequently,10,1,269,55,3.0,Campus Hiring,15,No
EMP10614,33,Female,IT,System Administrator,Bachelor's,Finance,Married,Pune,Part-Time,2016-11-04,11,7,2,11,4,18000,1,4,3,Yes,Travel_Rarely,1,3,274,64,3.3,Company Website,18,Yes
EMP10615,56,Male,Engineering,Project Engineer,Bachelor's,Human Resources,Married,Ahmedabad,Full-Time,2024-07-31,3,3,0,34,2,18000,5,3,5,No,Travel_Rarely,1,4,247,13,4.3,Employee Referral,27,No
EMP10616,42,Male,Engineering,Project Engineer,Bachelor's,Other,Divorced,Bengaluru,Part-Time,2016-09-23,6,6,3,18,3,22900,2,5,4,No,Travel_Rarely,4,6,151,33,3.3,Employee Referral,20,No
EMP10617,38,Female,IT,Data Analyst,Bachelor's,Marketing,Single,Delhi,Full-Time,2021-09-11,1,1,5,16,1,21800,3,3,3,Yes,Travel_Rarely,17,6,168,92,3.3,LinkedIn,23,No
EMP10618,32,Male,HR,HR Manager,Bachelor's,Human Resources,Single,Ahmedabad,Contract,2021-01-06,2,2,4,11,1,23900,2,5,4,No,Travel_Rarely,5,1,168,95,3.0,LinkedIn,24,No
EMP10619,50,Male,Engineering,Project Engineer,Master's,Business,Single,Mumbai,Part-Time,2021-09-18,6,0,0,28,3,21200,3,2,4,Yes,Travel_Rarely,14,1,236,49,2.3,LinkedIn,52,Yes
EMP10620,60,Female,Operations,Process Associate,Master's,Computer Science,Married,Hyderabad,Full-Time,2017-11-16,6,5,0,33,3,18000,4,1,1,No,Travel_Frequently,30,7,229,36,2.7,Recruitment Agency,30,Yes
EMP10621,27,Male,IT,System Administrator,Master's,Human Resources,Married,Noida,Full-Time,2022-04-26,6,6,1,6,3,18000,3,3,4,Yes,Travel_Rarely,6,2,145,88,3.0,Naukri,15,No
EMP10622,52,Female,HR,HR Analyst,Bachelor's,Computer Science,Single,Delhi,Part-Time,2023-08-15,14,7,4,28,5,18000,3,1,3,No,Travel_Rarely,7,6,247,61,3.0,LinkedIn,22,No
EMP10623,39,Male,Finance,Accountant,Bachelor's,Other,Single,Pune,Full-Time,2022-05-03,9,2,0,16,4,18000,1,1,3,No,Travel_Rarely,8,7,158,46,2.0,Company Website,31,No
EMP10624,26,Female,Sales,Sales Manager,Bachelor's,Marketing,Married,Mumbai,Part-Time,2021-06-23,1,0,3,1,1,18000,2,3,3,No,Travel_Rarely,24,4,200,10,3.3,LinkedIn,34,No
EMP10625,40,Male,Marketing,Content Strategist,Bachelor's,Other,Single,Gurugram,Full-Time,2017-10-28,11,1,7,13,4,18000,4,3,5,No,Travel_Rarely,18,4,206,85,3.7,LinkedIn,10,No
EMP10626,47,Male,Finance,Finance Manager,Bachelor's,Computer Science,Married,Mumbai,Full-Time,2020-08-11,0,0,7,26,1,28500,2,1,3,No,Travel_Rarely,28,4,278,18,2.7,Company Website,11,No
EMP10627,57,Female,Sales,Sales Manager,Bachelor's,Computer Science,Married,Hyderabad,Full-Time,2025-01-09,11,6,0,34,4,25300,3,4,4,No,Travel_Rarely,4,5,261,92,3.0,Company Website,28,No
EMP10628,27,Male,Operations,Operations Analyst,Bachelor's,Marketing,Married,Chennai,Full-Time,2019-11-07,2,2,3,4,1,22300,3,4,3,Yes,Non-Travel,23,2,255,27,3.7,Company Website,18,Yes
EMP10629,25,Female,IT,IT Support Specialist,Bachelor's,Human Resources,Married,Kolkata,Full-Time,2020-03-01,4,1,6,4,2,52800,2,3,3,No,Travel_Rarely,25,2,228,48,2.3,Employee Referral,17,No
EMP10630,31,Female,HR,Recruiter,Master's,Business,Single,Ahmedabad,Full-Time,2023-05-10,6,6,3,7,3,18000,4,1,5,No,Travel_Rarely,25,1,245,84,3.3,Employee Referral,26,No
EMP10631,35,Male,Operations,Operations Analyst,Bachelor's,Business,Single,Hyderabad,Full-Time,2024-06-03,3,3,3,15,2,36400,4,1,4,No,Travel_Rarely,27,2,144,84,2.3,Naukri,31,No
EMP10632,23,Female,Engineering,Engineering Manager,Diploma,Finance,Married,Hyderabad,Full-Time,2018-10-17,0,0,4,0,1,19600,1,2,3,Yes,Travel_Rarely,3,1,219,39,2.0,Employee Referral,22,Yes
EMP10633,25,Female,Sales,Sales Executive,Diploma,Business,Married,Noida,Full-Time,2017-03-21,2,2,6,2,1,23600,3,1,3,No,Travel_Rarely,28,7,264,29,2.0,Naukri,7,Yes
EMP10634,43,Male,Sales,Sales Executive,Bachelor's,Other,Married,Delhi,Full-Time,2016-10-14,10,0,3,19,4,29800,3,4,2,No,Travel_Rarely,23,1,275,24,3.0,Naukri,19,No
EMP10635,57,Male,IT,System Administrator,PhD,Computer Science,Single,Pune,Full-Time,2018-12-17,10,3,4,33,4,18000,1,2,3,No,Travel_Rarely,4,5,218,73,2.7,Naukri,14,No
EMP10636,29,Female,Sales,Sales Manager,Bachelor's,Other,Single,Pune,Full-Time,2024-08-09,7,3,6,7,3,18000,2,4,4,Yes,Travel_Frequently,25,7,278,34,2.7,Naukri,29,No
EMP10637,35,Female,Sales,Business Development Executive,PhD,Computer Science,Married,Delhi,Contract,2020-08-17,11,7,7,11,4,18000,3,5,3,No,Travel_Rarely,23,2,245,58,3.3,Naukri,42,Yes
EMP10638,23,Female,HR,Recruiter,PhD,Finance,Single,Chennai,Full-Time,2018-03-04,0,0,0,0,1,18000,2,3,3,No,Non-Travel,16,2,265,76,2.7,LinkedIn,27,No
EMP10639,49,Female,HR,HR Executive,Master's,Marketing,Single,Kolkata,Full-Time,2020-04-13,5,3,6,28,2,28900,4,5,3,Yes,Travel_Rarely,13,5,149,35,4.3,Company Website,28,No
EMP10640,26,Other,Finance,Finance Manager,Bachelor's,Other,Single,Noida,Contract,2024-08-19,1,1,3,6,1,28600,5,3,3,No,Travel_Rarely,29,5,211,54,4.0,Company Website,31,No
EMP10641,37,Female,IT,IT Support Specialist,Master's,Computer Science,Single,Mumbai,Full-Time,2018-02-13,11,6,6,11,4,44900,1,4,1,Yes,Travel_Rarely,22,7,246,15,2.3,Naukri,36,Yes
EMP10642,46,Female,Finance,Finance Manager,Master's,Business,Single,Hyderabad,Part-Time,2016-10-03,2,2,2,24,1,26500,3,4,3,Yes,Travel_Rarely,25,7,196,41,3.7,Recruitment Agency,19,No
EMP10643,41,Male,HR,HR Executive,Bachelor's,Business,Single,Gurugram,Contract,2021-06-22,3,3,0,15,2,29600,1,5,4,No,Non-Travel,23,2,191,84,3.3,Company Website,24,No
EMP10644,28,Female,Finance,Finance Manager,Diploma,Other,Single,Delhi,Contract,2018-08-20,5,2,5,7,2,21200,4,3,4,No,Travel_Rarely,11,2,147,86,3.0,Recruitment Agency,33,No
EMP10645,41,Female,IT,System Administrator,Diploma,Other,Single,Chennai,Full-Time,2020-03-25,5,5,6,21,2,27200,4,3,3,No,Travel_Rarely,24,7,220,26,4.0,Company Website,16,No
EMP10646,31,Female,Engineering,Mechanical Engineer,Diploma,Other,Single,Bengaluru,Full-Time,2025-12-24,6,5,6,11,3,36000,4,2,1,No,Travel_Frequently,11,1,239,55,2.7,LinkedIn,10,Yes
EMP10647,58,Female,Marketing,Digital Marketing Specialist,Bachelor's,Business,Single,Bengaluru,Full-Time,2018-01-05,4,2,6,38,2,23900,4,1,3,No,Travel_Rarely,5,3,185,62,3.0,Recruitment Agency,20,No
EMP10648,28,Other,Operations,Operations Analyst,Bachelor's,Computer Science,Single,Delhi,Full-Time,2024-10-12,3,3,2,3,2,18000,5,2,4,No,Travel_Rarely,20,6,214,13,3.3,Recruitment Agency,35,No
EMP10649,44,Male,Operations,Operations Executive,Bachelor's,Engineering,Married,Gurugram,Full-Time,2023-08-15,1,1,2,23,1,19900,2,4,3,Yes,Travel_Rarely,1,1,279,87,3.3,Company Website,25,No
EMP10650,55,Male,Sales,Business Development Executive,Master's,Computer Science,Single,Pune,Full-Time,2016-04-23,0,0,1,28,1,30900,2,5,3,No,Travel_Rarely,14,4,137,37,4.0,Naukri,20,No
EMP10651,34,Female,IT,Software Engineer,Bachelor's,Computer Science,Married,Delhi,Full-Time,2018-02-10,11,5,4,12,4,18000,5,3,5,No,Travel_Rarely,24,4,268,80,3.3,Naukri,33,No
EMP10652,34,Male,Sales,Sales Representative,Bachelor's,Engineering,Married,Pune,Full-Time,2022-01-13,9,3,1,12,4,32900,2,2,3,No,Travel_Rarely,22,3,236,25,2.7,Campus Hiring,29,Yes
EMP10653,30,Female,Marketing,Content Strategist,Bachelor's,Engineering,Married,Pune,Full-Time,2019-11-20,7,6,4,10,3,52000,4,5,3,No,Travel_Rarely,20,6,141,87,4.3,LinkedIn,17,No
EMP10654,32,Male,Operations,Process Associate,Bachelor's,Business,Married,Kolkata,Full-Time,2018-10-09,0,0,1,11,1,33000,2,5,3,No,Non-Travel,19,5,232,48,3.3,Employee Referral,22,Yes
EMP10655,58,Female,Sales,Sales Representative,Bachelor's,Other,Married,Ahmedabad,Full-Time,2025-01-13,11,3,0,33,4,30800,1,1,3,Yes,Travel_Rarely,5,4,192,100,2.3,Employee Referral,15,No
EMP10656,54,Female,IT,System Administrator,Master's,Business,Married,Bengaluru,Full-Time,2022-04-21,1,1,7,34,1,25800,2,3,3,Yes,Travel_Rarely,20,5,156,39,3.0,LinkedIn,25,No
EMP10657,30,Male,HR,HR Executive,Bachelor's,Business,Single,Kolkata,Part-Time,2024-11-24,6,3,2,6,3,18000,1,5,4,Yes,Non-Travel,27,5,164,88,3.3,Employee Referral,30,Yes
EMP10658,37,Male,Finance,Finance Executive,Bachelor's,Computer Science,Married,Gurugram,Full-Time,2019-06-06,10,3,0,10,4,18000,3,3,3,No,Travel_Rarely,27,1,259,66,2.7,Employee Referral,5,No
EMP10659,37,Male,Marketing,Marketing Executive,Bachelor's,Human Resources,Single,Ahmedabad,Contract,2025-05-31,9,8,4,11,4,18000,1,2,3,Yes,Non-Travel,23,5,265,65,2.7,Naukri,15,No
EMP10660,23,Female,Marketing,Content Strategist,Master's,Marketing,Married,Mumbai,Full-Time,2024-06-29,1,1,2,1,1,28300,1,5,3,No,Travel_Rarely,6,3,149,48,3.0,Company Website,39,Yes
EMP10661,51,Male,Finance,Finance Manager,Diploma,Human Resources,Married,Kolkata,Full-Time,2016-04-17,0,0,7,25,1,18500,4,5,4,No,Travel_Rarely,19,1,137,51,4.3,Campus Hiring,21,No
EMP10662,21,Male,Engineering,Engineering Manager,Bachelor's,Other,Single,Pune,Full-Time,2016-10-08,0,0,2,0,1,21700,4,2,4,No,Travel_Rarely,12,3,197,27,3.7,Company Website,39,Yes
EMP10663,32,Male,Marketing,Marketing Executive,Bachelor's,Finance,Single,Gurugram,Full-Time,2023-04-22,2,2,4,12,1,26600,4,3,2,No,Travel_Frequently,26,5,270,84,4.0,Employee Referral,13,No
EMP10664,59,Female,HR,HR Analyst,Master's,Marketing,Married,Gurugram,Full-Time,2022-09-03,6,6,0,35,3,18000,1,3,3,No,Travel_Rarely,29,4,215,31,3.0,Naukri,19,Yes
EMP10665,24,Female,IT,IT Support Specialist,Bachelor's,Engineering,Married,Hyderabad,Full-Time,2025-11-21,2,2,2,2,1,18000,5,5,3,No,Travel_Rarely,27,6,155,13,5.0,LinkedIn,26,No
EMP10666,33,Female,IT,System Administrator,Bachelor's,Computer Science,Single,Delhi,Full-Time,2023-01-20,7,6,5,7,3,25500,4,2,3,No,Travel_Rarely,28,5,210,12,3.3,Recruitment Agency,21,No
EMP10667,54,Male,HR,HR Executive,Master's,Human Resources,Married,Kolkata,Full-Time,2019-11-28,3,3,6,27,2,19300,4,4,3,Yes,Travel_Rarely,14,3,249,70,4.3,Company Website,35,Yes
EMP10668,41,Female,IT,IT Support Specialist,Bachelor's,Computer Science,Married,Chennai,Full-Time,2024-11-15,11,5,0,16,4,20200,1,3,3,Yes,Travel_Frequently,17,2,147,33,2.0,Naukri,23,Yes
EMP10669,42,Female,IT,System Administrator,Bachelor's,Finance,Married,Mumbai,Full-Time,2018-05-27,2,1,0,21,1,18000,3,4,5,No,Travel_Rarely,30,2,198,87,3.0,Employee Referral,30,No
EMP10670,24,Male,HR,Recruiter,Diploma,Other,Single,Hyderabad,Full-Time,2019-04-13,0,0,0,2,1,20300,3,5,3,No,Travel_Rarely,7,4,269,61,3.7,Employee Referral,14,No
EMP10671,38,Male,IT,Software Engineer,Bachelor's,Marketing,Married,Ahmedabad,Full-Time,2024-08-11,11,7,7,11,4,46300,2,4,3,No,Travel_Rarely,21,7,259,76,3.0,Naukri,26,No
EMP10672,25,Male,Engineering,Electrical Engineer,Bachelor's,Engineering,Married,Pune,Full-Time,2017-03-29,0,0,2,0,1,18000,3,4,3,Yes,Travel_Frequently,1,6,264,40,4.0,Campus Hiring,21,Yes
EMP10673,39,Male,IT,Software Engineer,Bachelor's,Finance,Married,Chennai,Contract,2017-05-23,9,8,3,18,4,18000,4,3,3,No,Travel_Rarely,17,3,176,62,3.3,LinkedIn,15,No
EMP10674,22,Female,Sales,Business Development Executive,Bachelor's,Computer Science,Married,Pune,Full-Time,2019-06-17,0,0,6,0,1,33900,5,5,3,No,Travel_Rarely,6,4,252,70,5.0,Employee Referral,28,No
EMP10675,32,Male,Sales,Sales Manager,Bachelor's,Finance,Married,Kolkata,Full-Time,2021-11-13,11,8,7,11,4,27900,2,4,1,No,Non-Travel,4,1,183,67,2.7,Company Website,36,No
EMP10676,37,Female,Engineering,Project Engineer,Bachelor's,Business,Single,Ahmedabad,Full-Time,2025-10-25,5,5,1,12,2,24200,5,3,3,No,Travel_Frequently,14,5,144,44,3.3,Naukri,19,No
EMP10677,30,Male,IT,IT Support Specialist,Diploma,Marketing,Single,Mumbai,Full-Time,2022-02-27,5,5,4,5,2,18000,5,4,4,Yes,Travel_Rarely,8,7,195,40,3.7,Campus Hiring,28,No
EMP10678,54,Female,Finance,Financial Analyst,Master's,Engineering,Married,Bengaluru,Full-Time,2024-07-05,0,0,0,34,1,18000,4,3,4,No,Travel_Frequently,18,1,210,66,3.0,Employee Referral,22,No
EMP10679,26,Male,Engineering,Engineering Manager,Bachelor's,Business,Single,Ahmedabad,Full-Time,2016-03-31,5,5,2,6,2,18000,1,5,3,Yes,Travel_Frequently,20,2,165,85,3.0,Employee Referral,25,No
EMP10680,28,Female,Engineering,Electrical Engineer,Bachelor's,Marketing,Single,Bengaluru,Part-Time,2016-08-20,6,2,4,6,3,26700,1,2,3,No,Travel_Rarely,28,5,146,19,2.0,Naukri,32,Yes
EMP10681,31,Female,Engineering,Engineering Manager,Bachelor's,Business,Single,Bengaluru,Full-Time,2017-10-20,4,4,3,6,2,34900,1,3,3,No,Travel_Rarely,13,1,131,93,3.0,Recruitment Agency,37,No
EMP10682,32,Female,HR,Recruiter,Bachelor's,Finance,Married,Chennai,Full-Time,2024-05-16,8,8,5,8,3,27200,3,3,3,No,Travel_Rarely,8,2,162,27,3.0,Naukri,35,No
EMP10683,29,Female,IT,Software Engineer,Bachelor's,Engineering,Married,Gurugram,Full-Time,2023-10-27,3,1,7,3,2,53000,1,4,3,No,Travel_Rarely,28,6,222,65,2.3,Company Website,17,No
EMP10684,22,Female,Operations,Operations Executive,Master's,Human Resources,Single,Pune,Full-Time,2018-06-30,0,0,3,0,1,18100,4,5,4,Yes,Travel_Rarely,24,1,253,45,3.7,Recruitment Agency,12,Yes
EMP10685,28,Female,Engineering,Electrical Engineer,Bachelor's,Finance,Married,Chennai,Full-Time,2022-04-19,2,2,2,2,1,19000,3,1,3,Yes,Travel_Rarely,16,5,263,60,3.0,LinkedIn,6,Yes
EMP10686,31,Male,Sales,Sales Representative,PhD,Finance,Married,Delhi,Full-Time,2025-06-04,5,5,0,9,2,23100,1,1,4,No,Travel_Rarely,5,1,229,70,1.3,LinkedIn,30,No
EMP10687,56,Female,Marketing,Digital Marketing Specialist,Master's,Other,Married,Ahmedabad,Full-Time,2023-08-03,13,8,3,30,5,19900,5,2,3,No,Travel_Frequently,3,7,217,28,3.0,Recruitment Agency,19,Yes
EMP10688,30,Female,HR,HR Manager,Bachelor's,Marketing,Married,Bengaluru,Full-Time,2020-01-07,7,4,6,7,3,27600,4,5,4,No,Travel_Rarely,13,7,140,90,4.7,Recruitment Agency,34,No
EMP10689,41,Male,Operations,Operations Analyst,Master's,Engineering,Single,Hyderabad,Contract,2017-03-16,7,4,7,20,3,18000,4,3,3,Yes,Travel_Rarely,15,5,134,20,4.0,Employee Referral,15,No
EMP10690,40,Female,IT,Software Engineer,Bachelor's,Engineering,Married,Noida,Full-Time,2018-09-22,4,4,3,14,2,18000,2,1,4,No,Non-Travel,4,1,159,14,2.3,Company Website,28,No
EMP10691,28,Male,Finance,Financial Analyst,Bachelor's,Finance,Divorced,Pune,Full-Time,2021-10-12,1,1,3,1,1,18000,4,2,2,Yes,Travel_Rarely,3,4,267,54,3.0,Company Website,8,No
EMP10692,56,Female,Sales,Sales Manager,Master's,Other,Married,Delhi,Full-Time,2016-01-05,11,6,6,35,4,27300,5,5,4,No,Non-Travel,27,6,220,54,4.3,Naukri,29,No
EMP10693,49,Female,Sales,Sales Representative,Bachelor's,Engineering,Married,Bengaluru,Full-Time,2021-10-20,11,7,5,29,4,18000,4,2,3,No,Travel_Rarely,2,1,220,57,3.7,Naukri,28,No
EMP10694,32,Female,HR,HR Manager,Master's,Computer Science,Single,Mumbai,Part-Time,2025-06-30,1,1,7,6,1,18000,2,1,3,No,Non-Travel,30,1,251,23,2.3,Naukri,14,No
EMP10695,34,Female,IT,System Administrator,Master's,Other,Single,Chennai,Full-Time,2017-09-08,7,2,7,7,3,18000,4,4,3,Yes,Travel_Rarely,4,7,247,37,3.7,LinkedIn,26,No
EMP10696,41,Male,Marketing,Marketing Manager,Master's,Engineering,Divorced,Pune,Full-Time,2022-07-05,15,6,2,17,5,53000,4,4,1,No,Travel_Rarely,25,7,190,18,3.3,Company Website,43,No
EMP10697,42,Male,HR,HR Analyst,Bachelor's,Finance,Married,Bengaluru,Part-Time,2025-11-28,4,4,4,15,2,18000,2,5,3,Yes,Travel_Rarely,6,4,231,68,4.0,Company Website,30,Yes
EMP10698,41,Male,Marketing,Marketing Executive,Master's,Computer Science,Single,Mumbai,Full-Time,2019-03-16,2,2,1,16,1,30600,4,2,3,Yes,Travel_Rarely,4,7,155,47,3.7,Employee Referral,51,No
EMP10699,50,Other,IT,System Administrator,PhD,Other,Single,Delhi,Full-Time,2025-07-18,9,0,2,25,4,26600,3,3,3,No,Travel_Frequently,17,2,238,34,3.0,Company Website,25,Yes
EMP10700,59,Male,Sales,Sales Executive,Master's,Computer Science,Married,Mumbai,Full-Time,2022-07-24,2,2,0,39,1,40300,4,1,3,No,Travel_Rarely,30,5,241,81,2.3,Campus Hiring,29,No
EMP10701,40,Male,Sales,Sales Manager,Bachelor's,Marketing,Married,Pune,Full-Time,2016-12-30,7,2,2,17,3,20800,1,4,3,Yes,Non-Travel,7,3,168,57,2.3,Naukri,20,No
EMP10702,44,Female,IT,Data Analyst,PhD,Finance,Single,Pune,Full-Time,2023-10-09,6,1,2,22,3,18000,1,4,4,No,Travel_Rarely,18,2,132,28,3.3,Naukri,26,No
EMP10703,43,Male,Finance,Accountant,Bachelor's,Engineering,Divorced,Kolkata,Full-Time,2022-09-29,0,0,5,21,1,34400,3,2,4,No,Non-Travel,28,5,167,11,3.3,Company Website,15,No
EMP10704,27,Female,IT,Data Analyst,Bachelor's,Human Resources,Single,Chennai,Full-Time,2017-09-16,3,3,1,3,2,19700,4,4,3,No,Travel_Rarely,22,1,171,15,3.3,Naukri,32,No
EMP10705,29,Female,IT,System Administrator,Master's,Computer Science,Married,Bengaluru,Full-Time,2017-05-21,9,8,1,9,4,39100,5,2,3,No,Travel_Rarely,10,2,177,39,4.0,Naukri,17,No
EMP10706,21,Male,Engineering,Electrical Engineer,Bachelor's,Finance,Single,Ahmedabad,Full-Time,2017-06-06,1,1,1,1,1,31800,4,1,4,No,Travel_Frequently,17,1,142,70,3.0,Employee Referral,39,No
EMP10707,46,Female,Finance,Finance Manager,Bachelor's,Marketing,Single,Bengaluru,Full-Time,2017-12-06,4,2,4,23,2,34500,1,2,4,No,Travel_Rarely,29,2,218,11,2.0,Naukri,12,No
EMP10708,58,Male,Engineering,Project Engineer,Bachelor's,Business,Married,Bengaluru,Full-Time,2020-10-25,15,5,7,32,5,63900,2,4,1,No,Travel_Rarely,23,2,217,60,2.7,Recruitment Agency,21,No
EMP10709,58,Female,HR,HR Analyst,Bachelor's,Business,Single,Gurugram,Full-Time,2016-09-06,8,0,2,36,3,25000,3,2,4,Yes,Travel_Rarely,4,3,185,92,2.7,Employee Referral,22,No
EMP10710,42,Female,Operations,Process Associate,Bachelor's,Engineering,Single,Kolkata,Full-Time,2018-06-19,3,3,5,16,2,42200,2,4,3,No,Travel_Rarely,27,4,192,22,3.3,LinkedIn,14,Yes
EMP10711,30,Male,Operations,Operations Executive,Bachelor's,Business,Single,Bengaluru,Part-Time,2016-09-05,0,0,7,10,1,18400,5,5,4,Yes,Travel_Rarely,19,2,209,58,5.0,Company Website,26,Yes
EMP10712,26,Male,Marketing,Digital Marketing Specialist,Bachelor's,Computer Science,Single,Delhi,Contract,2019-10-06,0,0,0,0,1,28100,4,4,3,No,Travel_Rarely,26,7,172,17,3.7,Employee Referral,19,No
EMP10713,37,Female,Sales,Sales Representative,Bachelor's,Human Resources,Married,Gurugram,Contract,2019-07-16,4,4,1,12,2,18000,5,4,3,No,Travel_Frequently,7,1,204,18,4.0,Employee Referral,37,Yes
EMP10714,58,Female,Sales,Sales Representative,Bachelor's,Computer Science,Married,Ahmedabad,Full-Time,2023-12-11,1,1,6,34,1,27300,2,4,3,No,Travel_Rarely,13,3,186,32,3.7,Recruitment Agency,17,No
EMP10715,44,Male,Finance,Finance Manager,Bachelor's,Finance,Single,Mumbai,Full-Time,2022-10-31,14,0,7,22,5,26100,4,5,3,No,Travel_Frequently,3,2,278,81,4.0,Employee Referral,28,No
EMP10716,30,Female,Engineering,Project Engineer,Bachelor's,Engineering,Single,Noida,Full-Time,2020-12-31,7,2,1,7,3,18000,5,3,3,Yes,Travel_Rarely,8,7,192,82,3.7,LinkedIn,23,Yes
EMP10717,28,Female,Engineering,Electrical Engineer,Master's,Human Resources,Single,Noida,Full-Time,2021-10-31,0,0,6,4,1,18000,1,4,4,Yes,Travel_Rarely,11,4,255,25,3.0,LinkedIn,22,No
EMP10718,41,Female,Engineering,Project Engineer,Master's,Finance,Married,Kolkata,Full-Time,2025-11-21,13,6,7,20,5,24400,1,3,3,No,Travel_Frequently,16,1,254,25,2.3,Employee Referral,25,No
EMP10719,26,Female,IT,Data Analyst,Bachelor's,Human Resources,Single,Gurugram,Full-Time,2025-07-10,1,1,2,1,1,18000,3,1,1,No,Travel_Rarely,20,3,130,21,3.0,Naukri,30,Yes
EMP10720,41,Male,Operations,Operations Analyst,Bachelor's,Finance,Married,Kolkata,Full-Time,2022-07-14,11,0,0,18,4,21100,1,2,1,No,Travel_Rarely,19,5,221,98,2.7,Company Website,7,No
EMP10721,59,Male,Engineering,Engineering Manager,Diploma,Other,Single,Delhi,Full-Time,2019-01-08,11,7,5,32,4,34700,1,3,3,No,Travel_Rarely,23,6,248,20,3.0,Campus Hiring,24,No
EMP10722,44,Male,IT,Software Engineer,Bachelor's,Engineering,Single,Bengaluru,Contract,2021-11-12,2,2,1,20,1,39500,2,1,4,No,Travel_Rarely,23,4,161,91,1.7,Company Website,17,No
EMP10723,53,Male,IT,System Administrator,PhD,Human Resources,Single,Hyderabad,Full-Time,2024-02-07,8,1,2,33,3,18000,1,2,4,No,Travel_Rarely,9,7,255,22,2.3,Naukri,17,No
EMP10724,38,Female,Operations,Operations Analyst,Bachelor's,Human Resources,Single,Bengaluru,Full-Time,2016-09-15,0,0,3,17,1,40700,1,4,3,Yes,Travel_Frequently,10,5,155,44,2.7,Employee Referral,26,No
EMP10725,48,Male,Marketing,Digital Marketing Specialist,Bachelor's,Finance,Married,Gurugram,Full-Time,2016-05-01,3,3,5,25,2,37900,2,4,3,No,Non-Travel,23,5,190,91,3.0,LinkedIn,34,Yes
EMP10726,52,Male,Engineering,Mechanical Engineer,Bachelor's,Human Resources,Single,Noida,Full-Time,2019-02-21,7,0,6,32,3,18000,1,4,3,Yes,Travel_Frequently,6,3,241,52,3.3,Employee Referral,38,No
EMP10727,32,Female,IT,IT Support Specialist,Bachelor's,Business,Single,Pune,Part-Time,2023-01-26,7,3,4,7,3,23200,1,5,5,No,Travel_Frequently,3,3,274,39,3.7,Employee Referral,19,No
EMP10728,47,Female,Operations,Operations Manager,Bachelor's,Marketing,Single,Pune,Full-Time,2024-03-19,9,4,5,20,4,24400,3,5,3,No,Travel_Rarely,20,3,198,69,4.3,Company Website,5,No
EMP10729,30,Female,HR,Recruiter,Bachelor's,Finance,Single,Hyderabad,Full-Time,2018-06-23,9,2,2,9,4,43600,1,5,3,No,Travel_Frequently,8,7,158,76,3.7,Naukri,25,Yes
EMP10730,52,Male,IT,IT Support Specialist,Diploma,Human Resources,Married,Pune,Full-Time,2018-08-04,10,1,7,30,4,25100,1,5,3,No,Travel_Rarely,6,7,192,38,2.7,Campus Hiring,8,No
EMP10731,46,Male,IT,Data Analyst,Bachelor's,Computer Science,Single,Pune,Full-Time,2025-03-14,12,5,1,19,5,41200,3,1,4,No,Travel_Rarely,25,5,263,34,2.7,Company Website,28,No
EMP10732,45,Female,Engineering,Mechanical Engineer,Master's,Other,Married,Hyderabad,Full-Time,2025-09-03,10,7,5,25,4,18000,2,1,2,No,Travel_Rarely,8,6,234,75,2.3,LinkedIn,16,No
EMP10733,31,Female,Operations,Operations Executive,Bachelor's,Computer Science,Single,Pune,Full-Time,2021-11-09,7,6,0,7,3,18000,1,4,3,No,Travel_Rarely,14,1,244,14,2.3,Recruitment Agency,27,No
EMP10734,43,Male,Sales,Sales Representative,Master's,Other,Married,Noida,Full-Time,2018-11-13,9,0,6,17,4,18000,5,2,3,Yes,Non-Travel,8,3,150,14,3.3,Employee Referral,16,No
EMP10735,54,Male,Finance,Financial Analyst,Diploma,Business,Married,Kolkata,Full-Time,2024-09-13,15,3,3,31,5,44800,2,5,3,No,Travel_Rarely,11,4,216,94,3.3,Company Website,14,Yes
EMP10736,60,Male,Engineering,Engineering Manager,Bachelor's,Finance,Single,Noida,Full-Time,2016-02-21,7,2,0,39,3,33400,2,2,2,Yes,Travel_Rarely,10,3,164,58,2.7,Naukri,14,Yes
EMP10737,43,Male,Finance,Finance Manager,Bachelor's,Other,Single,Delhi,Full-Time,2023-07-21,15,5,0,23,5,62600,1,1,3,No,Non-Travel,26,6,181,35,2.0,Recruitment Agency,28,No
EMP10738,49,Male,Engineering,Mechanical Engineer,Bachelor's,Finance,Single,Kolkata,Part-Time,2016-10-20,3,3,0,27,2,18000,3,5,3,Yes,Travel_Frequently,23,3,175,80,3.7,Employee Referral,12,No
EMP10739,51,Female,Sales,Sales Representative,Bachelor's,Engineering,Single,Bengaluru,Full-Time,2022-06-05,7,7,2,25,3,35200,2,1,4,Yes,Travel_Rarely,10,6,186,39,1.7,Company Website,29,Yes
EMP10740,27,Male,Finance,Accountant,Master's,Finance,Married,Mumbai,Full-Time,2022-07-20,4,4,2,4,2,30900,3,1,3,Yes,Travel_Rarely,11,3,171,37,2.0,Employee Referral,40,No
EMP10741,60,Male,Sales,Sales Executive,Master's,Finance,Divorced,Ahmedabad,Full-Time,2019-11-06,6,6,5,37,3,19400,5,3,3,Yes,Travel_Rarely,1,5,206,23,3.7,Naukri,39,No
EMP10742,53,Male,Finance,Finance Executive,Master's,Computer Science,Married,Kolkata,Full-Time,2020-05-10,13,7,6,33,5,31200,3,1,4,No,Travel_Rarely,15,6,227,27,2.0,LinkedIn,10,No
EMP10743,41,Female,Operations,Process Associate,Bachelor's,Engineering,Single,Mumbai,Full-Time,2022-02-19,11,4,4,19,4,23500,4,4,4,No,Travel_Rarely,5,1,145,66,4.3,Naukri,12,No
EMP10744,22,Female,Sales,Sales Manager,Bachelor's,Finance,Single,Ahmedabad,Part-Time,2025-12-07,0,0,6,0,1,27100,3,1,4,Yes,Non-Travel,14,3,262,90,2.7,Naukri,28,No
EMP10745,38,Female,HR,Recruiter,Bachelor's,Human Resources,Married,Kolkata,Full-Time,2022-10-19,8,6,3,12,3,29900,2,5,4,No,Travel_Frequently,23,5,130,34,3.3,Employee Referral,14,No
EMP10746,53,Male,Engineering,Electrical Engineer,Bachelor's,Business,Divorced,Pune,Part-Time,2022-08-29,10,4,5,28,4,34200,3,4,2,No,Travel_Rarely,26,4,279,79,4.0,LinkedIn,30,Yes
EMP10747,57,Male,Finance,Finance Executive,Bachelor's,Other,Single,Chennai,Full-Time,2018-05-04,7,7,0,36,3,22900,3,1,3,No,Travel_Rarely,25,1,177,14,3.0,Employee Referral,9,No
EMP10748,54,Female,Sales,Sales Executive,Bachelor's,Finance,Single,Noida,Full-Time,2018-01-20,12,6,5,34,5,49000,4,4,3,No,Non-Travel,28,5,251,62,3.3,Company Website,23,No
EMP10749,40,Male,Engineering,Project Engineer,Master's,Engineering,Married,Noida,Full-Time,2019-10-27,4,4,6,14,2,20000,4,1,4,No,Travel_Frequently,20,6,155,94,2.3,Naukri,32,No
EMP10750,55,Male,Marketing,Content Strategist,Bachelor's,Business,Married,Hyderabad,Full-Time,2022-06-25,14,0,1,34,5,51400,1,4,3,No,Travel_Rarely,8,2,163,48,3.0,Naukri,10,No
EMP10751,38,Male,IT,System Administrator,Bachelor's,Business,Married,Hyderabad,Full-Time,2016-08-26,11,8,5,11,4,18000,2,2,2,No,Travel_Rarely,17,4,243,66,2.7,Company Website,23,No
EMP10752,44,Male,Engineering,Engineering Manager,Bachelor's,Business,Single,Pune,Full-Time,2022-09-05,2,2,6,19,1,18000,1,3,3,No,Travel_Rarely,4,4,187,93,2.3,Naukri,23,No
EMP10753,28,Female,Marketing,Content Strategist,Master's,Computer Science,Married,Kolkata,Full-Time,2021-07-10,1,0,5,1,1,18000,4,4,4,No,Travel_Rarely,4,2,264,20,4.0,Naukri,29,No
EMP10754,50,Male,Finance,Finance Executive,Bachelor's,Computer Science,Single,Ahmedabad,Full-Time,2021-05-16,13,0,6,23,5,33900,3,5,4,No,Non-Travel,18,5,154,78,4.3,Employee Referral,18,No
EMP10755,30,Male,IT,Data Analyst,Bachelor's,Business,Married,Delhi,Full-Time,2023-05-19,4,4,0,4,2,18000,4,3,4,No,Travel_Rarely,27,5,269,34,3.7,Employee Referral,11,No
EMP10756,43,Male,Operations,Process Associate,Bachelor's,Human Resources,Single,Gurugram,Full-Time,2025-03-10,14,7,5,20,5,43100,5,3,3,Yes,Travel_Rarely,27,7,156,39,4.3,Employee Referral,5,No
EMP10757,31,Female,Marketing,Marketing Manager,Bachelor's,Computer Science,Married,Gurugram,Full-Time,2021-08-22,1,1,7,10,1,18000,3,1,3,Yes,Travel_Rarely,19,6,215,11,3.0,Employee Referral,36,Yes
EMP10758,22,Male,Sales,Sales Representative,Bachelor's,Business,Married,Noida,Full-Time,2025-06-18,0,0,3,0,1,26400,1,4,3,No,Travel_Rarely,3,4,247,93,2.7,Campus Hiring,32,No
EMP10759,46,Male,Engineering,Mechanical Engineer,Bachelor's,Business,Single,Chennai,Full-Time,2017-06-24,2,2,0,24,1,29400,3,3,3,No,Travel_Rarely,9,7,210,45,2.7,Naukri,24,No
EMP10760,56,Female,Operations,Process Associate,Bachelor's,Marketing,Divorced,Bengaluru,Full-Time,2023-06-30,11,5,2,32,4,18000,5,5,1,No,Travel_Rarely,7,5,204,46,4.7,Recruitment Agency,24,No
EMP10761,53,Female,IT,System Administrator,Master's,Computer Science,Single,Gurugram,Full-Time,2019-08-09,15,5,2,28,5,18000,4,5,3,Yes,Travel_Rarely,2,2,222,11,4.0,Company Website,28,No
EMP10762,33,Male,Finance,Financial Analyst,Master's,Marketing,Married,Noida,Full-Time,2022-04-23,8,3,5,8,3,25000,2,5,3,No,Travel_Frequently,9,7,163,56,3.7,Employee Referral,33,Yes
EMP10763,60,Other,HR,HR Manager,Bachelor's,Human Resources,Married,Gurugram,Full-Time,2016-04-17,3,3,5,38,2,19400,2,1,4,Yes,Travel_Frequently,24,5,244,100,2.7,Employee Referral,6,Yes
EMP10764,45,Male,Operations,Process Associate,Bachelor's,Human Resources,Married,Mumbai,Full-Time,2020-05-23,3,1,3,19,2,27600,2,2,2,Yes,Travel_Frequently,6,4,242,68,2.7,Company Website,8,Yes
EMP10765,24,Female,IT,Software Engineer,Bachelor's,Business,Married,Gurugram,Full-Time,2021-03-23,0,0,7,0,1,18000,4,4,4,No,Travel_Rarely,6,5,241,13,3.3,Recruitment Agency,7,No
EMP10766,39,Female,Marketing,Marketing Executive,Bachelor's,Business,Married,Noida,Full-Time,2022-02-08,4,2,6,13,2,18800,2,3,3,Yes,Non-Travel,28,1,189,100,3.0,Naukri,21,Yes
EMP10767,38,Male,Operations,Operations Manager,Bachelor's,Marketing,Single,Chennai,Contract,2017-01-01,2,2,7,17,1,20300,5,4,3,No,Travel_Frequently,16,2,155,76,4.3,Naukri,26,No
EMP10768,57,Female,Engineering,Electrical Engineer,Diploma,Engineering,Married,Kolkata,Part-Time,2024-05-25,8,4,6,37,3,18000,4,3,3,Yes,Non-Travel,2,2,255,55,4.0,LinkedIn,33,Yes
EMP10769,50,Female,Finance,Accountant,Bachelor's,Business,Divorced,Gurugram,Full-Time,2018-04-10,14,5,4,23,5,34500,2,1,3,No,Travel_Rarely,29,3,174,100,2.3,LinkedIn,5,No
EMP10770,39,Female,Engineering,Mechanical Engineer,Master's,Human Resources,Divorced,Pune,Full-Time,2025-11-14,2,2,0,16,1,18000,1,4,3,No,Travel_Rarely,16,5,161,45,2.3,Employee Referral,12,No
EMP10771,43,Female,IT,Software Engineer,Master's,Human Resources,Married,Pune,Full-Time,2023-12-19,1,1,3,19,1,43200,4,1,3,No,Travel_Rarely,3,6,200,74,3.0,LinkedIn,25,No
EMP10772,36,Male,Engineering,Engineering Manager,Bachelor's,Computer Science,Single,Kolkata,Full-Time,2025-11-03,11,7,5,16,4,18000,4,1,4,No,Non-Travel,22,2,152,65,3.3,Recruitment Agency,26,Yes
EMP10773,21,Male,IT,IT Support Specialist,Master's,Finance,Single,Gurugram,Full-Time,2025-03-10,1,1,7,1,1,18000,3,4,4,No,Travel_Rarely,30,5,192,85,3.3,Employee Referral,22,No
EMP10774,32,Male,Finance,Finance Executive,PhD,Other,Married,Hyderabad,Contract,2023-12-31,10,3,7,10,4,18000,2,4,3,Yes,Non-Travel,16,1,199,44,3.7,Naukri,14,Yes
EMP10775,44,Female,Operations,Operations Executive,Bachelor's,Human Resources,Married,Kolkata,Full-Time,2025-02-12,5,5,7,23,2,36900,1,3,4,Yes,Non-Travel,12,7,183,91,3.0,Naukri,18,No
EMP10776,54,Male,IT,System Administrator,Bachelor's,Finance,Single,Chennai,Full-Time,2016-06-21,0,0,5,29,1,27000,5,5,3,No,Travel_Rarely,3,4,156,32,5.0,LinkedIn,23,No
EMP10777,28,Female,HR,HR Manager,Master's,Finance,Divorced,Pune,Part-Time,2020-10-06,3,0,7,3,2,41400,4,1,5,No,Travel_Rarely,11,4,222,87,2.7,Recruitment Agency,9,No
EMP10778,38,Male,Operations,Operations Analyst,Master's,Marketing,Single,Ahmedabad,Full-Time,2023-09-08,11,8,5,16,4,20100,5,2,3,Yes,Travel_Frequently,11,3,208,53,3.0,Employee Referral,16,No
EMP10779,25,Male,Operations,Operations Analyst,Master's,Business,Single,Noida,Full-Time,2023-09-19,4,2,7,4,2,21600,5,3,5,Yes,Travel_Frequently,23,3,165,10,4.3,Naukri,12,Yes
EMP10780,46,Male,Marketing,Marketing Manager,Diploma,Human Resources,Married,Kolkata,Contract,2019-09-15,5,1,5,24,2,18000,5,3,4,Yes,Travel_Rarely,30,6,262,100,4.3,LinkedIn,29,Yes
EMP10781,50,Male,Operations,Operations Analyst,Master's,Human Resources,Single,Delhi,Full-Time,2017-03-27,9,8,1,25,4,18000,3,5,4,No,Travel_Frequently,16,2,161,97,3.3,Naukri,16,Yes
EMP10782,33,Male,Sales,Sales Executive,Master's,Engineering,Divorced,Kolkata,Full-Time,2021-08-06,2,2,5,13,1,23800,5,5,1,Yes,Travel_Rarely,5,6,278,75,4.0,LinkedIn,12,No
EMP10783,39,Male,HR,HR Manager,Bachelor's,Computer Science,Single,Ahmedabad,Full-Time,2017-04-15,3,3,5,16,2,26200,2,1,3,Yes,Travel_Rarely,20,2,146,21,2.3,Campus Hiring,19,Yes
EMP10784,49,Male,Finance,Accountant,Master's,Finance,Single,Pune,Full-Time,2019-01-09,5,5,1,22,2,50000,2,3,3,Yes,Travel_Rarely,8,2,151,22,2.3,Employee Referral,31,No
EMP10785,23,Other,IT,IT Support Specialist,Diploma,Other,Married,Kolkata,Full-Time,2016-11-16,0,0,4,0,1,18000,1,3,2,No,Travel_Frequently,11,1,170,36,2.3,Company Website,24,No
EMP10786,46,Female,Engineering,Engineering Manager,Master's,Finance,Married,Pune,Full-Time,2017-03-16,14,0,6,25,5,24400,1,2,3,Yes,Travel_Rarely,11,3,188,29,2.7,Recruitment Agency,34,No
EMP10787,60,Male,Marketing,Marketing Manager,Diploma,Computer Science,Single,Noida,Full-Time,2022-09-12,8,3,2,33,3,18600,5,1,5,No,Travel_Rarely,18,3,204,15,3.7,LinkedIn,33,No
EMP10788,32,Female,Sales,Sales Manager,Bachelor's,Finance,Married,Noida,Full-Time,2022-02-13,5,5,5,8,2,22800,5,1,3,No,Travel_Rarely,19,4,251,17,3.0,Company Website,17,No
EMP10789,22,Male,Sales,Sales Executive,Bachelor's,Marketing,Single,Kolkata,Full-Time,2025-08-10,0,0,6,0,1,23100,3,5,3,No,Travel_Rarely,10,3,139,30,4.0,Employee Referral,25,No
EMP10790,31,Male,Engineering,Project Engineer,Bachelor's,Business,Single,Pune,Full-Time,2018-06-03,6,2,5,11,3,20200,5,1,3,Yes,Travel_Rarely,28,3,216,30,3.7,LinkedIn,34,No
EMP10791,48,Male,IT,System Administrator,Bachelor's,Business,Single,Noida,Full-Time,2021-04-05,14,4,3,26,5,18000,5,2,2,No,Travel_Rarely,4,1,134,54,4.0,Naukri,20,No
EMP10792,38,Male,Marketing,Marketing Executive,Bachelor's,Engineering,Married,Pune,Full-Time,2023-12-07,13,6,0,16,5,18000,5,1,3,Yes,Travel_Rarely,28,6,184,79,3.3,Company Website,26,No
EMP10793,33,Female,Sales,Sales Representative,Bachelor's,Marketing,Single,Hyderabad,Full-Time,2025-08-20,4,4,3,8,2,19600,4,4,3,Yes,Travel_Rarely,10,2,155,53,4.0,Naukri,16,No
EMP10794,57,Male,Marketing,Digital Marketing Specialist,Bachelor's,Engineering,Single,Delhi,Full-Time,2018-01-12,13,5,7,37,5,18000,4,4,3,No,Travel_Rarely,14,6,133,68,4.0,Company Website,22,No
EMP10795,42,Female,IT,Data Analyst,Diploma,Finance,Married,Pune,Contract,2020-02-02,11,2,5,17,4,20900,3,2,4,No,Travel_Rarely,6,7,236,39,2.7,Employee Referral,22,No
EMP10796,32,Female,Engineering,Engineering Manager,Bachelor's,Human Resources,Married,Hyderabad,Full-Time,2025-11-20,7,6,7,7,3,19700,3,5,2,Yes,Travel_Rarely,5,7,156,19,3.7,Naukri,30,No
EMP10797,22,Male,Engineering,Project Engineer,Bachelor's,Other,Married,Delhi,Full-Time,2023-12-19,0,0,4,0,1,18000,2,3,4,No,Travel_Rarely,15,1,255,84,2.3,LinkedIn,21,No
EMP10798,57,Male,Marketing,Marketing Executive,PhD,Business,Single,Ahmedabad,Full-Time,2025-09-02,3,2,3,32,2,52600,3,1,5,No,Travel_Frequently,5,5,132,10,2.7,LinkedIn,26,No
EMP10799,27,Male,Operations,Operations Analyst,Diploma,Other,Married,Delhi,Full-Time,2021-08-01,0,0,4,0,1,22800,2,5,1,No,Travel_Frequently,23,4,179,19,3.3,Company Website,27,No
EMP10800,46,Male,Engineering,Mechanical Engineer,Master's,Engineering,Married,Pune,Full-Time,2023-01-06,10,6,4,20,4,18000,5,5,4,No,Travel_Rarely,24,4,254,34,4.3,LinkedIn,17,No
EMP10801,46,Male,Operations,Process Associate,Bachelor's,Other,Single,Kolkata,Full-Time,2019-06-14,5,3,5,21,2,24600,3,1,3,Yes,Travel_Rarely,6,4,155,89,2.0,Recruitment Agency,20,Yes
EMP10802,44,Male,IT,Data Analyst,Master's,Engineering,Single,Delhi,Contract,2016-06-29,4,4,4,20,2,20100,3,3,3,Yes,Non-Travel,30,6,275,92,3.0,Campus Hiring,28,No
EMP10803,32,Female,Marketing,Marketing Manager,Bachelor's,Marketing,Married,Gurugram,Full-Time,2017-02-13,0,0,3,6,1,18000,3,1,3,No,Travel_Rarely,19,2,264,83,3.0,Naukri,41,Yes
EMP10804,36,Female,Marketing,Content Strategist,Master's,Other,Married,Kolkata,Full-Time,2023-01-07,4,0,1,14,2,25300,2,3,3,No,Travel_Frequently,20,2,246,23,2.7,Campus Hiring,13,No
EMP10805,43,Male,Sales,Business Development Executive,Bachelor's,Human Resources,Married,Ahmedabad,Full-Time,2018-06-30,12,1,0,22,5,18000,2,2,5,No,Non-Travel,30,2,174,12,2.7,Company Website,29,Yes
EMP10806,60,Female,Operations,Process Associate,Master's,Finance,Married,Hyderabad,Full-Time,2023-12-17,4,3,4,37,2,24000,1,3,3,No,Non-Travel,17,4,270,77,2.0,LinkedIn,35,Yes
EMP10807,29,Male,Engineering,Project Engineer,Bachelor's,Computer Science,Married,Gurugram,Full-Time,2024-08-09,4,4,6,4,2,18000,2,5,3,No,Travel_Rarely,14,4,135,49,3.7,Employee Referral,25,Yes
EMP10808,52,Female,Engineering,Mechanical Engineer,Diploma,Marketing,Single,Delhi,Full-Time,2022-02-07,8,2,5,25,3,18000,2,2,3,No,Non-Travel,11,6,182,42,2.7,Employee Referral,16,No
EMP10809,35,Male,Sales,Sales Manager,Bachelor's,Marketing,Single,Hyderabad,Full-Time,2021-11-21,0,0,2,9,1,21900,4,4,3,No,Non-Travel,14,6,133,93,3.3,LinkedIn,24,No
EMP10810,57,Female,IT,IT Support Specialist,Bachelor's,Finance,Married,Ahmedabad,Full-Time,2025-02-25,14,5,4,36,5,18000,3,2,4,Yes,Travel_Frequently,5,7,189,88,3.3,Naukri,15,No
EMP10811,33,Female,Engineering,Engineering Manager,Master's,Computer Science,Single,Mumbai,Full-Time,2022-05-23,4,4,6,9,2,21200,2,3,3,No,Non-Travel,13,4,201,16,2.3,LinkedIn,19,No
EMP10812,25,Female,Engineering,Mechanical Engineer,Master's,Marketing,Married,Ahmedabad,Full-Time,2021-11-04,4,4,7,4,2,29600,3,2,3,No,Non-Travel,12,5,204,12,3.3,Naukri,27,No
EMP10813,31,Female,IT,Data Analyst,Bachelor's,Engineering,Married,Hyderabad,Full-Time,2017-01-20,6,3,3,8,3,39000,3,2,3,No,Travel_Rarely,26,5,195,100,3.3,Naukri,23,No
EMP10814,30,Male,Engineering,Project Engineer,Bachelor's,Engineering,Divorced,Mumbai,Full-Time,2024-08-10,3,3,4,3,2,35900,4,4,3,No,Travel_Rarely,24,7,151,46,4.0,Employee Referral,26,No
EMP10815,33,Male,Engineering,Mechanical Engineer,Bachelor's,Engineering,Single,Bengaluru,Full-Time,2017-08-25,5,5,2,12,2,40500,3,3,2,Yes,Travel_Rarely,19,6,269,35,3.3,LinkedIn,13,Yes
EMP10816,35,Female,Sales,Sales Manager,Bachelor's,Human Resources,Married,Delhi,Full-Time,2025-04-04,5,1,6,8,2,18000,2,5,3,No,Travel_Rarely,10,4,180,100,3.7,LinkedIn,19,No
EMP10817,27,Male,Marketing,Content Strategist,Bachelor's,Human Resources,Married,Ahmedabad,Full-Time,2023-07-09,1,1,1,1,1,18000,3,2,2,No,Travel_Rarely,13,2,274,34,3.0,Naukri,30,Yes
EMP10818,60,Male,Finance,Finance Executive,Master's,Other,Married,Bengaluru,Full-Time,2017-03-18,15,1,3,39,5,31800,1,1,4,No,Travel_Rarely,15,2,222,49,1.3,Campus Hiring,9,No
EMP10819,48,Female,IT,IT Support Specialist,Bachelor's,Engineering,Married,Noida,Full-Time,2021-04-25,6,6,3,21,3,18000,1,5,3,Yes,Non-Travel,20,5,178,52,3.0,Naukri,12,Yes
EMP10820,52,Female,Finance,Finance Manager,Diploma,Computer Science,Single,Gurugram,Full-Time,2025-01-20,5,3,5,31,2,22100,4,2,4,Yes,Non-Travel,13,5,145,53,2.7,Naukri,21,No
EMP10821,55,Male,Engineering,Mechanical Engineer,Bachelor's,Other,Single,Chennai,Full-Time,2023-03-17,4,4,3,34,2,30800,2,5,5,No,Travel_Rarely,4,4,173,93,3.3,Company Website,19,No
EMP10822,35,Female,IT,Software Engineer,Bachelor's,Human Resources,Single,Delhi,Full-Time,2020-10-26,15,7,2,15,5,54700,4,1,4,Yes,Travel_Rarely,22,4,236,80,2.3,Employee Referral,31,Yes
EMP10823,56,Female,Finance,Financial Analyst,Diploma,Finance,Married,Noida,Full-Time,2025-01-14,9,7,6,31,4,27900,1,5,2,No,Travel_Rarely,9,2,279,38,3.3,Company Website,5,No
EMP10824,41,Male,Finance,Finance Executive,Bachelor's,Finance,Married,Bengaluru,Full-Time,2022-04-20,4,4,3,17,2,24200,2,5,4,No,Travel_Rarely,26,6,223,99,3.3,LinkedIn,23,No
EMP10825,26,Male,Sales,Business Development Executive,Bachelor's,Computer Science,Single,Kolkata,Full-Time,2024-03-18,3,3,1,3,2,18000,3,1,4,No,Travel_Rarely,19,3,137,100,2.0,Naukri,36,Yes
EMP10826,21,Female,Engineering,Project Engineer,Bachelor's,Finance,Married,Mumbai,Full-Time,2016-12-20,0,0,0,0,1,37300,2,1,4,Yes,Non-Travel,20,6,239,66,1.7,LinkedIn,27,No
EMP10827,24,Male,Finance,Finance Executive,Bachelor's,Engineering,Married,Kolkata,Full-Time,2020-11-20,4,4,0,4,2,26500,5,1,2,Yes,Travel_Frequently,22,7,147,18,3.7,Company Website,10,No
EMP10828,31,Female,Finance,Financial Analyst,Bachelor's,Computer Science,Married,Ahmedabad,Full-Time,2025-10-06,11,7,4,11,4,18800,2,4,3,No,Travel_Frequently,22,2,209,31,2.7,LinkedIn,46,No
EMP10829,46,Female,Operations,Operations Manager,Bachelor's,Engineering,Married,Mumbai,Full-Time,2022-09-23,11,8,0,20,4,18000,3,1,5,Yes,Travel_Rarely,7,6,247,85,2.7,Naukri,19,Yes
EMP10830,57,Male,Sales,Sales Representative,Bachelor's,Finance,Married,Mumbai,Full-Time,2024-12-14,14,1,2,37,5,18300,5,5,3,No,Travel_Rarely,15,2,201,79,4.0,Employee Referral,5,Yes
EMP10831,43,Other,HR,HR Analyst,Bachelor's,Other,Divorced,Hyderabad,Full-Time,2022-10-12,9,0,0,18,4,22500,4,1,3,Yes,Travel_Rarely,17,4,223,15,2.3,Naukri,31,No
EMP10832,49,Female,Sales,Sales Representative,PhD,Marketing,Married,Mumbai,Full-Time,2020-11-07,13,3,2,29,5,18000,2,2,3,No,Travel_Rarely,14,3,167,36,2.7,Employee Referral,17,No
EMP10833,41,Female,IT,IT Support Specialist,Bachelor's,Computer Science,Married,Noida,Full-Time,2017-04-19,3,3,2,20,2,38100,4,1,4,No,Travel_Rarely,14,3,210,92,2.7,Naukri,41,No
EMP10834,47,Female,IT,System Administrator,Master's,Business,Married,Bengaluru,Full-Time,2023-03-20,3,0,4,23,2,35100,2,1,3,No,Travel_Rarely,9,7,236,61,2.0,Recruitment Agency,30,No
EMP10835,59,Male,Sales,Business Development Executive,Bachelor's,Other,Divorced,Hyderabad,Contract,2024-04-12,9,4,0,37,4,20400,1,3,4,No,Travel_Rarely,16,4,259,79,2.7,Recruitment Agency,43,No
EMP10836,60,Female,Sales,Sales Executive,Bachelor's,Business,Married,Delhi,Full-Time,2024-02-12,4,4,4,37,2,18400,1,5,3,No,Travel_Rarely,2,1,171,58,3.0,Campus Hiring,15,Yes
EMP10837,33,Female,Engineering,Project Engineer,Master's,Human Resources,Married,Ahmedabad,Full-Time,2022-07-17,12,2,3,13,5,21800,3,5,3,No,Non-Travel,14,4,247,90,4.3,Recruitment Agency,36,No
EMP10838,43,Male,Finance,Accountant,Master's,Engineering,Married,Hyderabad,Full-Time,2022-11-26,12,6,7,19,5,23500,1,2,3,No,Travel_Rarely,4,5,150,32,1.7,Naukri,17,Yes
EMP10839,36,Male,Marketing,Digital Marketing Specialist,Bachelor's,Finance,Single,Hyderabad,Full-Time,2021-01-04,2,2,1,10,1,19200,5,4,3,Yes,Travel_Rarely,3,6,259,90,3.7,Employee Referral,27,No
EMP10840,50,Female,Marketing,Content Strategist,Bachelor's,Engineering,Divorced,Hyderabad,Full-Time,2022-09-10,14,3,6,30,5,34500,5,3,3,No,Travel_Frequently,3,3,134,30,3.7,Naukri,26,No
EMP10841,24,Female,IT,Data Analyst,Bachelor's,Human Resources,Single,Kolkata,Contract,2019-12-20,0,0,0,0,1,18000,2,2,3,No,Travel_Rarely,11,7,146,83,2.3,Employee Referral,36,No
EMP10842,60,Female,Operations,Process Associate,Master's,Human Resources,Single,Bengaluru,Full-Time,2018-12-04,6,4,3,40,3,18000,4,2,3,No,Travel_Rarely,5,4,153,17,3.0,Naukri,31,No
EMP10843,36,Female,IT,Data Analyst,Master's,Business,Married,Noida,Full-Time,2025-05-07,4,2,5,16,2,31200,5,5,3,No,Non-Travel,16,2,265,63,4.7,Naukri,20,No
EMP10844,51,Male,Engineering,Mechanical Engineer,Master's,Other,Single,Hyderabad,Full-Time,2023-07-01,9,8,6,24,4,25500,2,3,3,Yes,Travel_Rarely,23,2,279,23,3.3,Recruitment Agency,34,Yes
EMP10845,45,Female,IT,System Administrator,Bachelor's,Computer Science,Single,Delhi,Contract,2018-01-03,2,2,6,18,1,18000,4,5,3,No,Travel_Frequently,29,6,188,40,4.7,Naukri,23,No
EMP10846,32,Female,Sales,Business Development Executive,Bachelor's,Engineering,Divorced,Ahmedabad,Full-Time,2018-11-06,12,5,6,12,5,26400,1,4,2,Yes,Travel_Rarely,28,2,155,60,2.7,Employee Referral,30,Yes
EMP10847,46,Female,IT,System Administrator,PhD,Finance,Single,Bengaluru,Full-Time,2022-03-16,4,4,3,20,2,18000,2,5,2,No,Travel_Frequently,23,7,190,71,3.7,Employee Referral,27,No
EMP10848,57,Female,Engineering,Project Engineer,Bachelor's,Business,Single,Kolkata,Full-Time,2017-08-18,2,2,4,30,1,19200,4,1,3,Yes,Travel_Rarely,30,4,265,27,2.7,Naukri,22,No
EMP10849,53,Female,Sales,Sales Manager,Bachelor's,Computer Science,Married,Ahmedabad,Full-Time,2016-07-09,15,3,4,33,5,35200,3,5,4,No,Travel_Rarely,30,1,141,56,4.0,Company Website,12,No
EMP10850,48,Female,Marketing,Marketing Manager,Master's,Engineering,Married,Chennai,Part-Time,2025-06-24,9,1,6,25,4,33500,3,1,3,No,Non-Travel,23,7,143,91,2.7,LinkedIn,26,No
EMP10851,29,Female,IT,IT Support Specialist,Bachelor's,Computer Science,Single,Gurugram,Full-Time,2025-08-11,4,3,6,5,2,25100,5,2,2,No,Non-Travel,19,5,159,61,3.0,Recruitment Agency,18,No
EMP10852,32,Female,Operations,Operations Analyst,Bachelor's,Marketing,Single,Kolkata,Full-Time,2017-10-05,5,5,1,5,2,18000,4,4,3,No,Non-Travel,9,2,228,98,3.7,Recruitment Agency,13,Yes
EMP10853,25,Female,HR,HR Analyst,Bachelor's,Business,Single,Gurugram,Full-Time,2025-10-08,0,0,1,0,1,18600,3,1,3,No,Travel_Rarely,22,4,191,46,2.0,Employee Referral,31,No
EMP10854,48,Female,Engineering,Project Engineer,Bachelor's,Other,Single,Pune,Contract,2020-12-27,15,8,6,23,5,23000,5,4,3,No,Travel_Rarely,11,1,160,98,3.7,Campus Hiring,18,No
EMP10855,55,Female,HR,HR Manager,Bachelor's,Engineering,Divorced,Chennai,Full-Time,2016-04-03,5,0,1,35,2,42400,2,5,3,Yes,Travel_Rarely,12,3,156,39,4.0,LinkedIn,8,No
EMP10856,25,Male,IT,Software Engineer,Bachelor's,Computer Science,Married,Ahmedabad,Full-Time,2019-01-23,5,1,7,5,2,18000,2,5,3,No,Travel_Frequently,27,7,130,39,3.7,Naukri,24,No
EMP10857,54,Female,IT,Software Engineer,Bachelor's,Other,Married,Mumbai,Full-Time,2020-07-25,15,1,6,34,5,18000,4,2,3,No,Travel_Rarely,26,7,170,84,3.3,Naukri,23,Yes
EMP10858,54,Male,Sales,Sales Executive,Bachelor's,Engineering,Married,Kolkata,Full-Time,2019-01-10,15,5,1,34,5,36600,4,5,3,No,Travel_Rarely,27,7,271,57,4.3,Company Website,23,No
EMP10859,33,Female,Marketing,Digital Marketing Specialist,Diploma,Other,Married,Chennai,Contract,2016-12-05,3,3,6,6,2,40600,4,1,3,No,Travel_Frequently,8,7,203,48,3.0,LinkedIn,23,No
EMP10860,59,Male,IT,IT Support Specialist,Diploma,Finance,Single,Gurugram,Full-Time,2023-10-26,3,2,4,38,2,21300,4,2,3,No,Travel_Rarely,14,3,171,36,2.7,Company Website,15,Yes
EMP10861,34,Male,Operations,Operations Executive,Master's,Finance,Single,Noida,Full-Time,2022-08-04,13,8,7,13,5,44000,3,4,3,No,Travel_Rarely,30,6,169,25,3.7,Employee Referral,20,No
EMP10862,31,Male,Sales,Business Development Executive,Master's,Engineering,Married,Ahmedabad,Contract,2021-07-29,7,4,2,9,3,18000,3,2,5,No,Travel_Frequently,17,5,143,41,3.3,LinkedIn,33,No
EMP10863,58,Male,Sales,Sales Executive,Master's,Business,Married,Mumbai,Full-Time,2021-11-29,1,1,4,38,1,18000,5,4,3,No,Travel_Frequently,20,4,229,38,4.7,LinkedIn,32,Yes
EMP10864,24,Male,Sales,Sales Executive,Bachelor's,Human Resources,Divorced,Mumbai,Full-Time,2016-10-29,2,2,2,2,1,31400,3,3,4,No,Travel_Rarely,15,4,220,61,2.7,LinkedIn,21,No
EMP10865,53,Female,Sales,Sales Manager,Bachelor's,Engineering,Married,Pune,Full-Time,2021-01-15,14,8,4,30,5,39400,2,1,2,No,Travel_Rarely,15,2,268,83,1.7,Employee Referral,29,No
EMP10866,27,Male,Sales,Sales Manager,Bachelor's,Other,Married,Bengaluru,Full-Time,2021-04-26,1,1,5,5,1,39100,5,1,4,No,Travel_Rarely,23,1,235,84,3.0,Naukri,25,No
EMP10867,28,Female,IT,IT Support Specialist,PhD,Engineering,Divorced,Delhi,Full-Time,2016-02-20,0,0,4,4,1,18000,3,4,3,Yes,Travel_Rarely,12,5,178,24,3.3,Naukri,21,Yes
EMP10868,57,Male,IT,Data Analyst,Master's,Engineering,Married,Ahmedabad,Full-Time,2018-03-16,9,3,7,36,4,24100,4,5,3,Yes,Travel_Rarely,9,1,235,53,4.3,Employee Referral,35,No
EMP10869,30,Female,Engineering,Electrical Engineer,PhD,Engineering,Single,Bengaluru,Full-Time,2021-04-12,9,1,7,9,4,32100,3,5,2,Yes,Travel_Rarely,12,7,267,32,3.3,LinkedIn,16,No
EMP10870,35,Female,Engineering,Mechanical Engineer,Bachelor's,Business,Married,Noida,Full-Time,2017-12-01,12,8,1,15,5,25200,1,3,2,Yes,Travel_Rarely,19,7,136,57,2.0,Naukri,27,No
EMP10871,58,Male,Finance,Finance Executive,Master's,Marketing,Married,Ahmedabad,Full-Time,2017-10-22,2,2,2,31,1,42200,5,4,4,Yes,Travel_Rarely,12,7,210,32,4.7,Employee Referral,9,Yes
EMP10872,35,Male,HR,HR Executive,Master's,Marketing,Single,Kolkata,Full-Time,2020-12-05,11,3,3,15,4,18400,3,3,2,No,Travel_Rarely,11,5,269,80,3.7,Company Website,27,No
EMP10873,25,Female,Marketing,Marketing Manager,Bachelor's,Computer Science,Single,Hyderabad,Full-Time,2021-03-22,2,2,5,2,1,21300,3,4,2,No,Travel_Rarely,28,4,230,23,4.0,Company Website,18,Yes
EMP10874,49,Female,Sales,Business Development Executive,Master's,Business,Single,Gurugram,Full-Time,2019-07-28,5,5,3,24,2,24500,2,3,3,No,Travel_Rarely,6,4,184,82,2.3,LinkedIn,21,No
EMP10875,39,Female,IT,IT Support Specialist,Bachelor's,Business,Single,Chennai,Full-Time,2019-02-10,11,7,5,16,4,32000,4,4,2,No,Travel_Frequently,8,5,136,63,3.7,LinkedIn,21,Yes
EMP10876,30,Other,IT,IT Support Specialist,Bachelor's,Other,Married,Hyderabad,Full-Time,2016-02-05,6,3,3,6,3,20200,4,1,3,No,Travel_Rarely,11,1,163,79,2.3,Company Website,5,Yes
EMP10877,32,Male,Operations,Process Associate,Master's,Business,Married,Bengaluru,Full-Time,2017-09-14,1,1,1,12,1,33400,2,3,3,Yes,Travel_Frequently,3,6,255,52,2.3,LinkedIn,9,No
EMP10878,24,Female,Marketing,Content Strategist,Bachelor's,Finance,Single,Pune,Part-Time,2023-06-23,4,0,3,4,2,45300,2,3,3,Yes,Travel_Frequently,16,3,158,54,2.3,Campus Hiring,31,Yes
EMP10879,51,Female,IT,Data Analyst,Diploma,Business,Married,Bengaluru,Full-Time,2024-08-15,13,5,6,28,5,18000,1,4,3,No,Travel_Rarely,6,3,155,31,2.7,Naukri,25,No
EMP10880,38,Other,HR,Recruiter,Bachelor's,Other,Married,Gurugram,Full-Time,2023-12-06,7,5,4,15,3,20500,5,2,4,No,Travel_Rarely,9,7,203,70,4.0,Naukri,37,No
EMP10881,36,Female,HR,HR Analyst,Bachelor's,Other,Single,Chennai,Full-Time,2020-04-12,7,5,7,13,3,34000,4,2,4,No,Travel_Rarely,9,2,174,27,3.3,Naukri,12,No
EMP10882,60,Male,Operations,Process Associate,Bachelor's,Other,Married,Chennai,Full-Time,2024-03-26,3,1,1,39,2,52400,2,1,3,No,Travel_Frequently,6,2,146,53,2.3,Campus Hiring,32,Yes
EMP10883,56,Female,IT,Software Engineer,Diploma,Finance,Married,Noida,Full-Time,2021-09-23,5,5,6,34,2,29300,2,5,3,Yes,Travel_Rarely,5,6,192,95,3.7,Employee Referral,28,No
EMP10884,45,Female,IT,IT Support Specialist,Master's,Marketing,Married,Noida,Contract,2018-05-22,13,4,3,23,5,18000,5,5,3,No,Travel_Rarely,1,1,280,82,4.3,Naukri,34,No
EMP10885,43,Female,Operations,Operations Manager,Bachelor's,Marketing,Married,Gurugram,Full-Time,2024-03-18,4,4,1,23,2,24100,2,1,3,No,Travel_Rarely,3,6,222,27,2.0,Company Website,23,No
EMP10886,32,Female,IT,Software Engineer,Master's,Finance,Single,Pune,Full-Time,2019-08-20,8,1,4,11,3,33900,1,5,4,No,Travel_Rarely,3,4,195,66,3.3,Naukri,25,No
EMP10887,54,Male,Marketing,Content Strategist,Bachelor's,Other,Single,Pune,Full-Time,2019-11-16,7,3,1,31,3,18000,5,4,3,Yes,Travel_Rarely,12,1,221,94,4.3,Company Website,16,No
EMP10888,56,Male,HR,HR Executive,Bachelor's,Engineering,Married,Chennai,Full-Time,2023-05-25,1,1,3,36,1,18000,1,2,3,No,Travel_Rarely,4,5,246,24,2.0,Naukri,22,No
EMP10889,57,Male,IT,System Administrator,Diploma,Marketing,Single,Hyderabad,Full-Time,2021-08-24,11,8,1,36,4,18900,3,1,3,No,Travel_Rarely,21,7,171,82,2.7,Naukri,20,No
EMP10890,23,Male,HR,Recruiter,Diploma,Engineering,Single,Mumbai,Full-Time,2023-05-11,0,0,5,0,1,29600,4,4,4,No,Travel_Rarely,16,3,200,67,3.3,Naukri,12,No
EMP10891,29,Female,Operations,Process Associate,Bachelor's,Other,Married,Mumbai,Full-Time,2016-06-15,4,4,0,4,2,18000,2,1,4,No,Travel_Rarely,11,2,204,11,2.7,LinkedIn,25,No
EMP10892,38,Female,Engineering,Electrical Engineer,Bachelor's,Computer Science,Single,Mumbai,Full-Time,2020-08-15,6,3,7,17,3,18000,5,2,4,No,Travel_Frequently,8,1,200,23,3.3,LinkedIn,32,No
EMP10893,55,Male,Engineering,Mechanical Engineer,Diploma,Finance,Married,Mumbai,Full-Time,2016-03-03,15,0,3,29,5,24900,1,5,3,No,Travel_Rarely,29,1,172,30,3.7,LinkedIn,35,Yes
EMP10894,54,Female,Finance,Accountant,Bachelor's,Human Resources,Single,Pune,Full-Time,2025-12-21,6,1,4,34,3,36000,4,4,3,Yes,Travel_Rarely,27,5,184,52,4.0,Naukri,17,Yes
EMP10895,34,Other,Operations,Process Associate,Diploma,Other,Single,Mumbai,Full-Time,2016-07-21,7,0,2,7,3,25100,4,2,4,No,Travel_Frequently,9,7,185,54,3.3,Recruitment Agency,24,Yes
EMP10896,24,Male,HR,Recruiter,Master's,Computer Science,Divorced,Noida,Full-Time,2019-03-26,2,2,1,2,1,26100,2,1,3,Yes,Travel_Rarely,28,7,208,43,2.0,Employee Referral,23,Yes
EMP10897,49,Male,HR,HR Executive,Master's,Finance,Married,Hyderabad,Full-Time,2020-03-18,13,8,5,23,5,34600,4,3,3,Yes,Travel_Rarely,30,4,212,80,3.3,Recruitment Agency,37,Yes
EMP10898,35,Male,Engineering,Electrical Engineer,Master's,Computer Science,Single,Ahmedabad,Full-Time,2025-12-01,11,5,1,12,4,45200,2,4,3,Yes,Travel_Rarely,14,7,250,88,2.7,Naukri,40,Yes
EMP10899,48,Male,IT,IT Support Specialist,Master's,Computer Science,Married,Pune,Full-Time,2022-05-14,0,0,7,23,1,43000,3,1,3,No,Travel_Rarely,23,4,201,21,2.3,Naukri,12,No
EMP10900,36,Female,IT,System Administrator,Bachelor's,Business,Single,Mumbai,Full-Time,2019-01-29,0,0,3,9,1,18000,2,1,3,Yes,Travel_Rarely,29,7,130,16,2.7,Employee Referral,28,Yes
EMP10901,32,Female,HR,HR Analyst,Bachelor's,Other,Single,Delhi,Full-Time,2018-06-13,8,8,5,8,3,23000,1,2,4,Yes,Travel_Frequently,26,7,259,78,2.0,Company Website,29,Yes
EMP10902,25,Female,IT,Software Engineer,Master's,Other,Single,Kolkata,Full-Time,2019-04-07,0,0,3,0,1,33200,4,1,2,No,Travel_Rarely,22,3,222,96,2.3,Company Website,22,No
EMP10903,54,Male,IT,Data Analyst,Bachelor's,Other,Single,Chennai,Contract,2020-04-04,4,4,0,29,2,47300,4,4,4,No,Travel_Rarely,15,6,171,37,4.3,Company Website,13,No
EMP10904,21,Female,Marketing,Content Strategist,Bachelor's,Human Resources,Married,Pune,Full-Time,2022-09-16,0,0,4,0,1,29400,4,4,4,No,Non-Travel,19,6,203,34,4.0,Company Website,30,No
EMP10905,59,Female,Sales,Sales Manager,Bachelor's,Marketing,Single,Pune,Full-Time,2019-03-10,3,3,7,34,2,18000,2,1,4,No,Travel_Rarely,9,2,138,75,2.0,Employee Referral,35,No
EMP10906,52,Male,Engineering,Electrical Engineer,Bachelor's,Finance,Single,Mumbai,Contract,2022-07-22,6,1,5,31,3,18000,5,2,3,No,Travel_Rarely,26,4,243,60,3.7,Employee Referral,19,Yes
EMP10907,46,Male,Engineering,Electrical Engineer,Bachelor's,Marketing,Single,Gurugram,Full-Time,2018-02-25,15,6,5,26,5,18000,2,4,3,No,Travel_Rarely,17,4,160,82,2.7,Recruitment Agency,35,No
EMP10908,37,Female,Finance,Finance Manager,Bachelor's,Other,Married,Hyderabad,Full-Time,2018-09-02,10,8,1,10,4,25300,1,3,5,No,Travel_Frequently,9,4,225,43,2.3,Recruitment Agency,24,No
EMP10909,47,Female,HR,HR Analyst,PhD,Business,Single,Hyderabad,Full-Time,2018-04-13,2,2,1,20,1,18000,2,5,3,Yes,Travel_Rarely,3,6,131,55,3.0,Naukri,37,Yes
EMP10910,44,Female,Finance,Finance Executive,Master's,Marketing,Married,Gurugram,Contract,2016-07-11,6,4,7,24,3,18000,4,2,3,Yes,Travel_Rarely,25,1,153,56,3.3,LinkedIn,37,Yes
EMP10911,55,Other,Marketing,Marketing Executive,Bachelor's,Human Resources,Single,Hyderabad,Full-Time,2024-01-25,12,3,2,30,5,18000,3,2,3,No,Travel_Rarely,16,7,172,41,3.3,LinkedIn,24,No
EMP10912,59,Male,HR,HR Manager,Master's,Finance,Single,Delhi,Full-Time,2022-01-08,7,3,6,36,3,18000,1,5,2,Yes,Non-Travel,13,7,180,21,2.7,LinkedIn,28,Yes
EMP10913,46,Female,Marketing,Marketing Executive,Bachelor's,Other,Married,Hyderabad,Full-Time,2017-01-20,5,5,5,26,2,18000,3,5,3,No,Travel_Frequently,26,4,204,28,3.7,LinkedIn,18,No
EMP10914,58,Female,Sales,Sales Manager,Diploma,Business,Single,Ahmedabad,Full-Time,2021-05-29,5,0,1,33,2,18000,1,4,3,No,Travel_Rarely,17,6,228,56,2.7,Naukri,9,No
EMP10915,43,Female,Sales,Sales Executive,Master's,Engineering,Married,Delhi,Full-Time,2024-12-23,15,4,1,23,5,55400,1,1,3,Yes,Travel_Rarely,24,5,130,47,2.0,LinkedIn,26,No
EMP10916,42,Male,Sales,Sales Manager,Bachelor's,Business,Single,Chennai,Full-Time,2024-04-24,7,1,6,19,3,21900,4,1,1,No,Travel_Rarely,22,6,253,19,3.0,Employee Referral,11,Yes
EMP10917,24,Female,HR,HR Analyst,Bachelor's,Human Resources,Married,Mumbai,Full-Time,2025-11-29,0,0,0,0,1,18500,2,3,4,No,Non-Travel,30,3,246,19,3.0,LinkedIn,43,No
EMP10918,29,Male,Engineering,Mechanical Engineer,Bachelor's,Finance,Single,Kolkata,Contract,2019-11-12,3,3,2,3,2,29700,4,1,3,No,Travel_Rarely,25,4,216,50,3.0,Company Website,34,No
EMP10919,24,Female,Operations,Operations Executive,Bachelor's,Computer Science,Married,Ahmedabad,Contract,2019-01-06,0,0,7,0,1,36900,4,3,3,No,Travel_Rarely,4,2,258,64,3.3,LinkedIn,23,No
EMP10920,27,Female,IT,Data Analyst,Bachelor's,Marketing,Married,Hyderabad,Full-Time,2021-06-23,5,5,6,5,2,60400,4,3,5,Yes,Travel_Frequently,28,1,247,80,3.3,Campus Hiring,48,No
EMP10921,43,Female,Engineering,Electrical Engineer,Bachelor's,Human Resources,Divorced,Gurugram,Full-Time,2016-06-20,9,8,7,21,4,47400,3,2,3,No,Travel_Rarely,21,7,192,83,2.7,Employee Referral,18,No
EMP10922,22,Female,Sales,Sales Representative,Bachelor's,Computer Science,Married,Mumbai,Part-Time,2025-12-07,0,0,1,0,1,26800,1,2,4,No,Travel_Rarely,22,5,205,52,1.7,Naukri,20,No
EMP10923,44,Male,Engineering,Project Engineer,Bachelor's,Other,Single,Pune,Full-Time,2016-12-02,10,6,7,23,4,18000,5,4,3,No,Travel_Frequently,28,6,224,47,4.7,Recruitment Agency,20,No
EMP10924,60,Female,Operations,Operations Executive,Diploma,Engineering,Married,Gurugram,Full-Time,2024-01-18,15,6,1,36,5,18000,2,5,4,No,Travel_Rarely,9,3,164,36,4.0,LinkedIn,23,Yes
EMP10925,51,Male,Sales,Business Development Executive,Bachelor's,Computer Science,Married,Delhi,Full-Time,2019-12-25,12,8,4,30,5,18400,4,5,3,No,Travel_Rarely,22,1,221,41,4.7,Campus Hiring,21,No
EMP10926,51,Male,IT,IT Support Specialist,Bachelor's,Marketing,Single,Chennai,Full-Time,2017-08-27,12,7,5,25,5,27700,1,3,3,Yes,Non-Travel,9,5,214,80,2.0,Company Website,28,No
EMP10927,60,Male,HR,HR Manager,Bachelor's,Computer Science,Single,Mumbai,Full-Time,2022-12-11,5,0,1,38,2,23000,2,5,3,Yes,Travel_Rarely,18,1,268,57,3.7,Naukri,15,No
EMP10928,54,Female,Sales,Sales Executive,Bachelor's,Business,Single,Pune,Full-Time,2017-10-27,7,3,0,31,3,18000,5,3,3,No,Travel_Rarely,14,3,268,35,4.0,LinkedIn,25,No
EMP10929,44,Female,Marketing,Content Strategist,Diploma,Finance,Married,Delhi,Full-Time,2021-11-23,0,0,1,19,1,18000,5,5,3,No,Travel_Rarely,20,3,185,95,4.7,LinkedIn,19,No
EMP10930,46,Female,HR,HR Manager,Bachelor's,Human Resources,Single,Hyderabad,Full-Time,2023-12-27,4,4,5,20,2,24700,4,4,4,Yes,Travel_Rarely,3,4,136,67,3.7,Campus Hiring,25,No
EMP10931,36,Male,IT,System Administrator,Bachelor's,Other,Married,Bengaluru,Full-Time,2019-05-17,9,6,1,9,4,23200,5,2,3,No,Travel_Rarely,4,2,180,85,3.0,Employee Referral,14,No
EMP10932,33,Male,Engineering,Electrical Engineer,Master's,Human Resources,Married,Ahmedabad,Full-Time,2025-05-12,2,2,6,6,1,20000,5,2,4,No,Travel_Frequently,1,4,168,33,4.0,Naukri,16,No
EMP10933,35,Male,Engineering,Electrical Engineer,Master's,Computer Science,Married,Pune,Full-Time,2021-04-12,11,3,3,15,4,27400,2,3,3,Yes,Travel_Frequently,18,6,171,63,3.0,Company Website,43,No
EMP10934,47,Female,Sales,Sales Representative,Bachelor's,Finance,Married,Gurugram,Part-Time,2016-12-17,7,6,1,25,3,38600,2,5,3,No,Travel_Rarely,4,7,201,55,4.0,LinkedIn,16,No
EMP10935,24,Male,IT,IT Support Specialist,Master's,Finance,Single,Kolkata,Full-Time,2020-10-27,0,0,2,0,1,25300,4,1,5,Yes,Travel_Rarely,10,1,182,67,3.0,LinkedIn,29,Yes
EMP10936,36,Female,HR,HR Executive,Master's,Human Resources,Divorced,Pune,Full-Time,2023-12-05,5,5,5,14,2,18000,1,4,5,Yes,Travel_Frequently,4,4,220,41,3.3,Recruitment Agency,19,Yes
EMP10937,50,Other,IT,Software Engineer,PhD,Finance,Single,Kolkata,Full-Time,2021-09-26,13,5,7,26,5,52100,4,5,3,Yes,Travel_Frequently,21,3,278,25,4.0,Company Website,15,No
EMP10938,50,Male,Engineering,Electrical Engineer,Master's,Business,Married,Ahmedabad,Full-Time,2025-01-30,1,1,5,26,1,20300,3,1,4,No,Travel_Rarely,25,3,159,99,2.0,Naukri,25,Yes
EMP10939,56,Female,IT,Data Analyst,Bachelor's,Finance,Married,Hyderabad,Full-Time,2021-09-09,14,8,3,31,5,22500,5,4,3,No,Travel_Rarely,17,3,252,79,4.3,Recruitment Agency,16,No
EMP10940,23,Female,Marketing,Digital Marketing Specialist,Bachelor's,Human Resources,Married,Pune,Full-Time,2017-04-19,0,0,2,0,1,18000,1,4,2,Yes,Travel_Frequently,8,4,258,74,3.0,Naukri,29,No
EMP10941,42,Male,HR,HR Manager,Master's,Computer Science,Married,Kolkata,Full-Time,2022-11-29,6,6,2,21,3,18000,2,2,3,No,Travel_Frequently,19,7,153,22,2.7,Naukri,23,Yes
EMP10942,42,Male,Sales,Sales Representative,Master's,Human Resources,Single,Kolkata,Full-Time,2025-02-10,15,5,5,15,5,18000,3,3,5,No,Non-Travel,9,6,254,15,3.3,Naukri,36,No
EMP10943,32,Female,Marketing,Marketing Manager,Bachelor's,Finance,Married,Mumbai,Full-Time,2019-02-23,6,0,0,6,3,18000,3,5,5,No,Travel_Frequently,16,6,263,21,3.3,Company Website,12,Yes
EMP10944,41,Male,Engineering,Mechanical Engineer,Bachelor's,Business,Married,Pune,Contract,2022-03-16,12,0,7,18,5,18000,5,4,2,No,Travel_Rarely,27,5,135,18,3.7,Company Website,26,No
EMP10945,24,Male,HR,HR Analyst,PhD,Human Resources,Divorced,Gurugram,Full-Time,2022-04-11,2,2,1,2,1,20500,2,5,4,Yes,Travel_Frequently,24,4,256,93,3.7,LinkedIn,27,Yes
EMP10946,51,Female,IT,IT Support Specialist,Master's,Finance,Married,Delhi,Full-Time,2025-09-21,7,1,2,28,3,36200,1,4,4,Yes,Travel_Rarely,24,4,246,68,3.3,Employee Referral,15,No
EMP10947,51,Female,IT,IT Support Specialist,Bachelor's,Computer Science,Divorced,Hyderabad,Full-Time,2017-03-18,13,7,1,25,5,18000,2,2,3,No,Travel_Rarely,25,4,164,100,2.3,Campus Hiring,18,No
EMP10948,43,Female,Engineering,Project Engineer,Bachelor's,Business,Married,Gurugram,Contract,2020-08-01,4,0,7,23,2,69700,5,3,3,Yes,Travel_Rarely,15,4,257,76,4.0,Employee Referral,11,No
EMP10949,40,Female,Engineering,Engineering Manager,Diploma,Engineering,Married,Ahmedabad,Full-Time,2022-12-23,0,0,1,14,1,41100,3,1,3,No,Travel_Frequently,20,3,208,33,2.3,Campus Hiring,10,Yes
EMP10950,35,Male,Marketing,Marketing Manager,Master's,Engineering,Married,Mumbai,Part-Time,2025-01-11,8,7,7,13,3,21800,5,1,3,Yes,Travel_Rarely,16,7,164,24,3.7,Naukri,23,No
EMP10951,43,Male,Marketing,Digital Marketing Specialist,Bachelor's,Computer Science,Married,Delhi,Full-Time,2024-01-24,3,3,6,16,2,18000,4,2,4,No,Travel_Rarely,28,2,177,72,3.3,LinkedIn,31,No
EMP10952,48,Male,Operations,Process Associate,Bachelor's,Marketing,Married,Chennai,Full-Time,2023-09-17,12,1,0,25,5,18000,3,4,3,Yes,Non-Travel,21,4,243,59,3.7,Employee Referral,23,No
EMP10953,36,Female,IT,Data Analyst,Bachelor's,Finance,Single,Chennai,Full-Time,2016-09-11,1,1,0,13,1,20900,5,2,3,No,Travel_Rarely,12,4,234,30,3.3,LinkedIn,23,No
EMP10954,57,Male,Engineering,Electrical Engineer,Bachelor's,Human Resources,Single,Delhi,Part-Time,2016-03-10,3,3,2,32,2,22700,1,3,3,Yes,Travel_Rarely,23,2,201,10,2.7,LinkedIn,12,Yes
EMP10955,41,Female,Sales,Sales Manager,Bachelor's,Marketing,Married,Bengaluru,Full-Time,2022-11-07,13,4,2,16,5,20100,1,1,4,No,Non-Travel,18,4,172,20,2.3,LinkedIn,5,No
EMP10956,35,Female,Finance,Finance Manager,Master's,Business,Divorced,Ahmedabad,Full-Time,2017-07-31,9,4,5,9,4,35600,1,5,3,Yes,Travel_Rarely,7,7,164,76,2.7,Employee Referral,27,No
EMP10957,37,Male,Sales,Business Development Executive,Master's,Finance,Single,Gurugram,Part-Time,2024-05-31,8,7,6,11,3,43200,4,1,3,No,Travel_Rarely,16,2,262,31,2.7,LinkedIn,18,No
EMP10958,57,Female,IT,Data Analyst,Master's,Human Resources,Married,Kolkata,Full-Time,2017-05-09,1,1,6,37,1,27200,2,3,3,No,Travel_Rarely,28,3,160,83,2.3,Naukri,8,No
EMP10959,33,Male,IT,Data Analyst,Master's,Human Resources,Married,Gurugram,Full-Time,2022-06-30,9,8,3,9,4,27900,1,4,3,No,Travel_Rarely,19,5,235,97,2.7,LinkedIn,19,No
EMP10960,39,Male,Operations,Operations Executive,Bachelor's,Human Resources,Married,Delhi,Full-Time,2018-02-19,3,3,1,17,2,19100,4,2,4,Yes,Travel_Rarely,6,4,230,16,2.7,Employee Referral,26,No
EMP10961,50,Male,IT,Software Engineer,Bachelor's,Marketing,Single,Hyderabad,Full-Time,2022-09-16,1,1,7,25,1,22000,1,1,3,No,Travel_Rarely,29,5,137,58,2.3,Company Website,28,No
EMP10962,38,Female,Marketing,Digital Marketing Specialist,Bachelor's,Other,Single,Kolkata,Full-Time,2018-04-30,4,1,5,16,2,26500,4,1,3,Yes,Travel_Rarely,6,4,135,10,3.3,Naukri,26,No
EMP10963,34,Other,HR,HR Executive,Diploma,Computer Science,Divorced,Delhi,Full-Time,2021-01-12,2,2,1,14,1,19100,1,5,2,No,Non-Travel,6,1,216,74,3.3,Employee Referral,18,No
EMP10964,56,Male,Finance,Financial Analyst,Bachelor's,Business,Single,Hyderabad,Contract,2016-05-08,9,0,0,31,4,29700,2,2,3,No,Travel_Rarely,26,7,209,72,3.0,Employee Referral,29,No
EMP10965,56,Female,HR,Recruiter,Bachelor's,Finance,Single,Ahmedabad,Full-Time,2020-02-15,1,0,0,31,1,18000,5,5,4,No,Travel_Rarely,15,6,173,73,5.0,Company Website,24,No
EMP10966,40,Female,Finance,Accountant,Bachelor's,Engineering,Married,Noida,Full-Time,2022-01-02,13,6,6,16,5,18000,1,5,3,No,Travel_Rarely,2,1,265,35,3.3,Naukri,16,No
EMP10967,39,Male,Operations,Process Associate,PhD,Human Resources,Single,Noida,Full-Time,2020-07-06,8,4,5,17,3,18000,5,4,4,Yes,Travel_Rarely,9,3,193,26,4.0,Company Website,14,No
EMP10968,27,Female,HR,Recruiter,Master's,Human Resources,Single,Noida,Full-Time,2020-12-28,0,0,2,0,1,18000,1,1,2,No,Travel_Rarely,8,5,261,20,2.3,Recruitment Agency,26,No
EMP10969,24,Male,Marketing,Digital Marketing Specialist,Master's,Finance,Single,Ahmedabad,Full-Time,2024-09-02,2,2,3,2,1,19400,2,2,3,Yes,Travel_Rarely,7,5,161,76,3.0,LinkedIn,32,No
EMP10970,54,Male,Sales,Sales Manager,Bachelor's,Human Resources,Divorced,Hyderabad,Full-Time,2022-12-23,9,1,6,32,4,35000,5,4,4,Yes,Travel_Rarely,27,2,182,19,3.7,Naukri,29,Yes
EMP10971,22,Female,Operations,Process Associate,Bachelor's,Business,Single,Gurugram,Full-Time,2020-01-19,0,0,3,0,1,22400,4,4,3,No,Travel_Frequently,30,7,242,75,4.3,Naukri,25,No
EMP10972,25,Female,Engineering,Engineering Manager,Bachelor's,Engineering,Single,Bengaluru,Full-Time,2020-12-07,0,0,0,0,1,18000,1,4,3,No,Travel_Rarely,28,2,192,41,3.0,Employee Referral,30,No
EMP10973,30,Male,Operations,Process Associate,Diploma,Computer Science,Married,Kolkata,Full-Time,2019-11-28,5,5,0,10,2,18000,1,3,4,No,Travel_Rarely,28,4,243,25,3.0,Employee Referral,45,No
EMP10974,52,Male,HR,HR Analyst,Bachelor's,Finance,Married,Chennai,Full-Time,2016-01-08,12,1,3,30,5,18300,4,3,4,Yes,Travel_Rarely,16,2,206,35,3.0,Naukri,27,No
EMP10975,33,Male,IT,Data Analyst,Diploma,Marketing,Single,Noida,Full-Time,2016-08-07,6,6,3,10,3,32100,2,4,2,No,Travel_Frequently,15,2,151,83,3.7,Naukri,25,No
EMP10976,59,Female,HR,HR Manager,Bachelor's,Marketing,Single,Kolkata,Contract,2017-12-25,0,0,7,32,1,41400,3,3,3,Yes,Travel_Rarely,9,5,256,65,2.7,Recruitment Agency,29,No
EMP10977,25,Female,Marketing,Marketing Manager,Master's,Other,Single,Hyderabad,Full-Time,2016-04-11,0,0,2,0,1,18000,1,2,2,No,Travel_Frequently,20,1,160,18,2.7,Employee Referral,31,Yes
EMP10978,30,Male,IT,Software Engineer,Bachelor's,Other,Married,Pune,Full-Time,2020-08-28,6,1,3,6,3,26000,4,1,4,Yes,Travel_Rarely,15,5,153,14,2.7,Recruitment Agency,12,No
EMP10979,30,Male,Sales,Business Development Executive,Diploma,Computer Science,Single,Delhi,Full-Time,2023-09-22,9,1,1,9,4,18400,3,2,3,No,Travel_Rarely,2,7,132,16,3.0,Campus Hiring,26,Yes
EMP10980,58,Female,Marketing,Digital Marketing Specialist,Bachelor's,Other,Single,Ahmedabad,Full-Time,2021-08-11,13,8,3,38,5,19000,1,1,5,No,Travel_Rarely,20,2,162,74,2.3,Naukri,33,No
EMP10981,47,Female,Finance,Accountant,Master's,Business,Divorced,Gurugram,Full-Time,2025-10-01,13,7,4,24,5,18000,5,3,1,Yes,Travel_Rarely,14,4,180,100,3.7,LinkedIn,40,No
EMP10982,41,Male,Operations,Operations Executive,Bachelor's,Computer Science,Married,Mumbai,Full-Time,2023-07-05,7,7,3,19,3,19900,4,2,3,No,Travel_Rarely,28,1,159,21,3.0,Employee Referral,24,No
EMP10983,28,Female,IT,System Administrator,Bachelor's,Business,Single,Pune,Full-Time,2018-02-09,6,3,0,7,3,18000,5,5,2,Yes,Travel_Rarely,26,2,154,89,4.7,Naukri,20,No
EMP10984,21,Female,IT,System Administrator,PhD,Engineering,Married,Pune,Full-Time,2018-04-13,1,1,0,1,1,19500,2,4,3,No,Travel_Rarely,11,2,157,57,2.7,Naukri,25,Yes
EMP10985,48,Female,Operations,Process Associate,Bachelor's,Business,Married,Ahmedabad,Part-Time,2018-01-09,2,1,6,24,1,36900,3,1,3,Yes,Travel_Frequently,30,6,226,81,2.3,Naukri,18,No
EMP10986,59,Female,Sales,Sales Manager,Bachelor's,Engineering,Single,Hyderabad,Full-Time,2016-07-18,14,0,7,38,5,29300,4,1,3,No,Non-Travel,3,4,216,34,3.0,Recruitment Agency,38,Yes
EMP10987,34,Female,Operations,Process Associate,Master's,Finance,Married,Hyderabad,Full-Time,2021-06-15,9,3,4,9,4,52100,1,5,4,No,Travel_Rarely,2,4,155,22,3.7,LinkedIn,28,No
EMP10988,41,Female,Sales,Sales Representative,Diploma,Finance,Married,Mumbai,Full-Time,2016-01-26,13,7,1,15,5,27900,1,5,3,Yes,Travel_Frequently,18,2,249,50,2.7,LinkedIn,24,No
EMP10989,50,Male,HR,Recruiter,Bachelor's,Computer Science,Single,Bengaluru,Full-Time,2021-07-10,8,1,3,29,3,23800,3,4,3,No,Non-Travel,14,2,265,19,3.0,Employee Referral,34,Yes
EMP10990,41,Male,Engineering,Project Engineer,Bachelor's,Computer Science,Married,Ahmedabad,Full-Time,2018-08-01,13,7,3,15,5,28200,5,3,4,Yes,Travel_Rarely,24,5,230,49,3.3,Recruitment Agency,14,No
EMP10991,29,Female,Operations,Operations Manager,PhD,Finance,Single,Mumbai,Full-Time,2025-05-14,2,0,4,2,1,18000,5,2,5,No,Non-Travel,29,3,226,42,3.3,Recruitment Agency,5,No
EMP10992,37,Female,Operations,Process Associate,Master's,Marketing,Married,Delhi,Full-Time,2016-04-11,10,0,6,14,4,18000,4,2,3,Yes,Non-Travel,5,4,144,44,3.0,Company Website,28,No
EMP10993,25,Male,HR,HR Executive,Master's,Engineering,Married,Hyderabad,Full-Time,2024-03-29,5,3,2,5,2,31500,4,2,4,No,Travel_Frequently,12,7,178,46,3.3,LinkedIn,34,No
EMP10994,51,Female,Marketing,Content Strategist,Master's,Human Resources,Married,Kolkata,Full-Time,2019-09-16,9,6,7,28,4,18000,5,3,3,No,Travel_Rarely,14,4,240,25,3.3,Naukri,23,No
EMP10995,60,Female,Finance,Finance Executive,Bachelor's,Other,Married,Chennai,Full-Time,2023-12-14,7,7,7,37,3,36500,4,4,3,No,Travel_Rarely,6,7,137,81,3.3,Recruitment Agency,18,No
EMP10996,58,Female,IT,System Administrator,Bachelor's,Finance,Single,Gurugram,Full-Time,2022-08-16,13,4,2,36,5,30900,5,2,4,No,Non-Travel,8,7,214,42,3.7,Company Website,15,No
EMP10997,39,Female,Engineering,Engineering Manager,Bachelor's,Human Resources,Single,Mumbai,Full-Time,2016-07-15,5,1,6,15,2,18000,3,1,4,No,Non-Travel,7,6,257,62,3.0,Employee Referral,13,No
EMP10998,56,Female,IT,IT Support Specialist,Bachelor's,Other,Divorced,Mumbai,Full-Time,2017-05-24,11,6,1,35,4,18100,4,1,4,Yes,Travel_Frequently,7,5,260,44,2.3,Naukri,30,No
EMP10999,53,Female,Engineering,Mechanical Engineer,Bachelor's,Human Resources,Married,Mumbai,Part-Time,2021-06-18,13,1,3,33,5,21900,5,1,4,No,Travel_Rarely,12,1,266,64,2.7,LinkedIn,31,No
EMP11000,33,Female,Sales,Sales Manager,Bachelor's,Marketing,Married,Gurugram,Full-Time,2018-10-11,6,6,3,6,3,18000,4,5,3,Yes,Non-Travel,29,6,143,85,4.3,Company Website,32,No
EMP11001,34,Male,IT,System Administrator,Bachelor's,Human Resources,Single,Delhi,Full-Time,2024-06-28,9,8,3,9,4,28100,1,5,3,No,Travel_Frequently,7,6,220,88,3.3,Campus Hiring,24,No
EMP11002,53,Female,Sales,Business Development Executive,Bachelor's,Business,Married,Pune,Full-Time,2018-07-11,4,2,6,29,2,29200,1,3,3,No,Travel_Rarely,12,1,277,26,2.3,Recruitment Agency,14,No
EMP11003,49,Female,Engineering,Project Engineer,Master's,Finance,Married,Hyderabad,Full-Time,2022-06-04,14,7,0,25,5,18000,2,2,3,No,Travel_Rarely,27,1,133,36,3.0,Campus Hiring,18,Yes
EMP11004,56,Other,Operations,Operations Executive,Bachelor's,Marketing,Married,Delhi,Part-Time,2024-10-09,7,3,5,36,3,18000,5,5,3,No,Travel_Rarely,16,4,205,30,4.3,Company Website,29,No
EMP11005,30,Male,Engineering,Project Engineer,Master's,Other,Married,Ahmedabad,Full-Time,2020-11-26,2,2,2,6,1,21700,2,1,3,No,Non-Travel,27,3,157,30,2.0,Employee Referral,15,No
EMP11006,51,Male,Marketing,Content Strategist,Master's,Finance,Married,Noida,Part-Time,2020-04-04,11,0,6,29,4,36800,5,5,4,No,Travel_Rarely,7,3,228,26,4.7,Campus Hiring,23,No
EMP11007,26,Female,Operations,Process Associate,Master's,Human Resources,Single,Delhi,Full-Time,2019-08-24,2,2,5,2,1,29500,4,1,4,No,Travel_Rarely,8,7,196,36,2.7,LinkedIn,15,No
EMP11008,21,Male,Engineering,Mechanical Engineer,Bachelor's,Other,Married,Chennai,Full-Time,2016-01-21,0,0,7,0,1,18000,5,2,3,No,Travel_Rarely,1,5,246,85,4.0,Recruitment Agency,18,No
EMP11009,27,Female,HR,Recruiter,Bachelor's,Business,Divorced,Delhi,Contract,2021-04-06,0,0,4,0,1,19300,1,3,3,Yes,Travel_Rarely,13,7,146,57,2.0,Company Website,14,No
EMP11010,47,Female,Sales,Sales Executive,Bachelor's,Business,Single,Kolkata,Full-Time,2018-11-30,1,1,5,25,1,27200,4,4,4,No,Travel_Rarely,19,1,263,53,3.7,Recruitment Agency,24,Yes
EMP11011,41,Male,HR,HR Analyst,Bachelor's,Engineering,Married,Bengaluru,Full-Time,2021-03-30,2,2,0,20,1,18000,1,4,3,No,Travel_Rarely,1,1,236,45,2.7,Employee Referral,11,No
EMP11012,48,Male,Engineering,Project Engineer,Master's,Business,Single,Mumbai,Full-Time,2020-03-01,14,7,7,27,5,18000,4,1,5,No,Non-Travel,24,2,210,37,2.7,LinkedIn,17,No
EMP11013,36,Male,Engineering,Project Engineer,Master's,Business,Single,Noida,Full-Time,2021-06-06,12,2,0,13,5,18000,5,5,3,No,Travel_Frequently,18,5,140,34,5.0,LinkedIn,32,Yes
EMP11014,43,Male,IT,Software Engineer,Bachelor's,Other,Single,Delhi,Full-Time,2021-03-14,11,5,7,16,4,19200,5,5,3,No,Travel_Frequently,7,6,230,82,5.0,Naukri,33,No
EMP11015,40,Male,Operations,Process Associate,Bachelor's,Engineering,Married,Noida,Contract,2024-03-30,14,6,2,18,5,18000,1,1,4,No,Travel_Rarely,22,6,236,56,2.3,Naukri,30,No
EMP11016,58,Female,Engineering,Project Engineer,Bachelor's,Finance,Married,Kolkata,Full-Time,2025-09-13,1,1,3,33,1,29600,3,2,4,Yes,Travel_Frequently,27,5,249,32,3.0,Naukri,37,No
EMP11017,45,Male,IT,IT Support Specialist,Diploma,Other,Married,Hyderabad,Full-Time,2018-08-24,4,4,1,24,2,18000,5,1,3,Yes,Travel_Rarely,17,4,279,84,2.7,Employee Referral,12,Yes
EMP11018,48,Male,Marketing,Marketing Executive,PhD,Finance,Divorced,Ahmedabad,Full-Time,2020-08-14,6,6,5,24,3,18000,3,2,2,Yes,Travel_Rarely,28,4,273,59,3.0,Naukri,23,Yes
EMP11019,25,Male,Engineering,Electrical Engineer,Master's,Engineering,Married,Mumbai,Full-Time,2019-08-24,5,5,7,5,2,18400,4,3,4,No,Travel_Rarely,15,5,235,74,3.0,LinkedIn,25,No
EMP11020,41,Male,IT,Data Analyst,Master's,Finance,Single,Hyderabad,Full-Time,2022-11-11,9,3,7,21,4,42900,3,3,3,No,Non-Travel,22,3,247,25,3.0,Recruitment Agency,42,No
EMP11021,38,Male,Operations,Process Associate,Bachelor's,Finance,Single,Kolkata,Full-Time,2017-05-28,10,0,6,12,4,27900,1,1,4,No,Travel_Rarely,25,5,205,59,2.3,Naukri,22,No
EMP11022,26,Female,HR,HR Manager,Master's,Human Resources,Married,Gurugram,Full-Time,2025-10-14,0,0,6,0,1,28700,2,3,3,No,Travel_Rarely,19,3,134,22,3.3,Campus Hiring,31,Yes
EMP11023,49,Male,Engineering,Project Engineer,Bachelor's,Marketing,Married,Pune,Full-Time,2024-07-12,10,4,7,27,4,25100,2,5,3,Yes,Travel_Rarely,28,4,155,93,4.0,LinkedIn,39,Yes
EMP11024,39,Female,Engineering,Mechanical Engineer,Master's,Engineering,Single,Gurugram,Full-Time,2016-02-10,14,2,4,14,5,18000,1,2,1,No,Travel_Rarely,23,7,206,89,2.0,Campus Hiring,25,No
EMP11025,53,Female,Engineering,Project Engineer,Bachelor's,Engineering,Single,Noida,Full-Time,2023-11-25,9,4,2,30,4,18000,2,4,3,No,Travel_Rarely,4,5,196,89,2.7,LinkedIn,20,No
EMP11026,21,Female,Sales,Business Development Executive,Bachelor's,Human Resources,Single,Hyderabad,Part-Time,2016-09-19,0,0,1,0,1,18000,1,4,3,No,Travel_Rarely,17,3,161,44,3.0,Employee Referral,21,No
EMP11027,23,Male,Engineering,Mechanical Engineer,Master's,Computer Science,Married,Bengaluru,Full-Time,2019-08-10,1,0,2,1,1,36000,5,3,3,Yes,Travel_Rarely,7,2,280,41,4.0,Employee Referral,9,No
EMP11028,41,Male,Engineering,Mechanical Engineer,PhD,Marketing,Married,Delhi,Full-Time,2023-06-25,14,7,2,15,5,25200,3,2,3,No,Non-Travel,16,2,248,96,2.7,Recruitment Agency,20,No
EMP11029,55,Male,Finance,Finance Manager,Master's,Other,Single,Bengaluru,Full-Time,2018-10-29,12,4,2,35,5,18000,2,5,3,Yes,Travel_Rarely,17,5,231,34,3.0,Naukri,11,No
EMP11030,60,Female,Engineering,Electrical Engineer,Bachelor's,Other,Married,Gurugram,Full-Time,2024-07-21,13,4,2,38,5,42300,5,4,3,No,Travel_Rarely,27,1,238,52,4.7,LinkedIn,31,Yes
EMP11031,23,Male,IT,Data Analyst,Master's,Finance,Married,Kolkata,Full-Time,2020-12-24,0,0,3,0,1,19000,2,5,2,Yes,Travel_Rarely,20,5,208,37,3.0,Campus Hiring,10,No
EMP11032,45,Female,Marketing,Marketing Executive,Master's,Computer Science,Single,Kolkata,Full-Time,2024-05-28,12,7,6,20,5,29600,4,5,4,No,Travel_Frequently,29,4,195,75,3.7,Naukri,28,No
EMP11033,58,Male,HR,HR Analyst,PhD,Marketing,Married,Pune,Full-Time,2016-05-07,9,0,0,31,4,35400,1,4,2,Yes,Non-Travel,15,4,268,76,3.3,Naukri,34,No
EMP11034,40,Female,IT,Data Analyst,Master's,Finance,Divorced,Hyderabad,Full-Time,2023-01-22,8,2,6,15,3,18000,1,4,3,No,Travel_Rarely,9,2,209,42,2.3,Company Website,31,No
EMP11035,54,Female,IT,IT Support Specialist,Bachelor's,Other,Single,Chennai,Full-Time,2021-06-10,0,0,6,33,1,27000,5,3,3,No,Travel_Frequently,21,3,275,56,3.7,LinkedIn,20,Yes
EMP11036,41,Male,Operations,Operations Analyst,Bachelor's,Marketing,Single,Noida,Full-Time,2023-05-15,0,0,5,17,1,19700,4,2,4,Yes,Travel_Frequently,23,2,139,44,3.3,Naukri,31,Yes
EMP11037,43,Male,Finance,Accountant,Master's,Business,Divorced,Chennai,Full-Time,2017-06-08,13,0,2,17,5,18000,3,1,3,No,Travel_Rarely,13,3,206,73,2.3,Naukri,24,No
EMP11038,26,Male,Operations,Operations Manager,PhD,Finance,Single,Pune,Full-Time,2020-10-21,5,4,1,5,2,18000,4,2,2,Yes,Travel_Rarely,7,7,189,99,2.7,Naukri,20,No
EMP11039,33,Male,IT,System Administrator,Bachelor's,Marketing,Divorced,Mumbai,Full-Time,2018-01-26,12,8,5,12,5,18000,4,1,1,No,Travel_Rarely,28,5,137,21,3.3,Company Website,21,No
EMP11040,43,Male,Finance,Accountant,Master's,Marketing,Single,Bengaluru,Full-Time,2024-04-01,11,5,7,22,4,32200,3,4,4,No,Travel_Rarely,19,1,177,62,3.7,Naukri,28,No
EMP11041,29,Male,Sales,Sales Representative,Bachelor's,Computer Science,Single,Kolkata,Full-Time,2024-10-16,7,1,1,7,3,20300,3,5,4,No,Travel_Rarely,29,4,210,53,3.7,Employee Referral,10,No
EMP11042,37,Other,Operations,Operations Manager,Bachelor's,Marketing,Single,Noida,Full-Time,2018-06-12,7,7,1,11,3,23500,4,2,3,No,Travel_Rarely,11,5,170,55,2.7,Recruitment Agency,19,No
EMP11043,22,Female,Finance,Finance Manager,Master's,Business,Single,Ahmedabad,Full-Time,2023-09-07,2,2,0,2,1,18800,2,5,2,Yes,Travel_Rarely,8,2,252,20,4.0,LinkedIn,27,Yes
EMP11044,39,Female,Marketing,Digital Marketing Specialist,Master's,Business,Single,Mumbai,Full-Time,2022-03-29,5,4,0,14,2,35900,2,2,3,No,Non-Travel,17,6,137,79,2.3,Campus Hiring,19,Yes
EMP11045,39,Female,Engineering,Electrical Engineer,Bachelor's,Marketing,Married,Delhi,Full-Time,2024-02-28,11,4,1,12,4,27800,4,2,3,No,Non-Travel,4,6,222,98,2.7,Recruitment Agency,12,No
EMP11046,27,Female,Marketing,Marketing Manager,Bachelor's,Finance,Single,Delhi,Contract,2020-05-10,5,2,3,5,2,23700,2,5,4,No,Travel_Frequently,26,5,220,55,4.0,Employee Referral,16,No
EMP11047,40,Male,HR,Recruiter,PhD,Computer Science,Married,Delhi,Full-Time,2016-03-28,14,5,0,20,5,18000,3,3,2,No,Travel_Frequently,4,1,193,68,3.0,Recruitment Agency,26,No
EMP11048,29,Male,IT,System Administrator,Master's,Finance,Married,Chennai,Contract,2023-09-14,3,3,0,4,2,23200,3,4,3,Yes,Travel_Rarely,18,3,256,68,4.0,Naukri,28,No
EMP11049,37,Male,Engineering,Engineering Manager,Master's,Marketing,Married,Pune,Full-Time,2020-05-06,7,1,3,10,3,77000,2,3,3,No,Travel_Rarely,22,7,217,43,2.7,Campus Hiring,34,No
EMP11050,47,Female,IT,IT Support Specialist,Bachelor's,Business,Married,Noida,Full-Time,2020-11-22,15,2,2,21,5,31500,3,3,3,No,Travel_Frequently,17,1,174,30,3.0,Employee Referral,31,No
EMP11051,22,Female,Engineering,Mechanical Engineer,Bachelor's,Engineering,Married,Pune,Full-Time,2017-09-28,0,0,0,0,1,18000,1,2,3,No,Travel_Rarely,3,2,273,91,1.7,Naukri,31,No
EMP11052,56,Male,Sales,Business Development Executive,Master's,Computer Science,Married,Kolkata,Full-Time,2022-02-26,13,8,5,30,5,50700,3,4,4,No,Travel_Rarely,9,1,155,81,3.7,Employee Referral,7,No
EMP11053,39,Female,Engineering,Project Engineer,Master's,Other,Married,Delhi,Full-Time,2024-04-21,1,1,1,15,1,18000,4,2,3,Yes,Non-Travel,28,4,144,61,3.3,Company Website,31,No
EMP11054,37,Male,Operations,Operations Executive,Bachelor's,Finance,Single,Kolkata,Full-Time,2025-06-21,10,8,1,10,4,30400,5,1,3,No,Travel_Rarely,26,6,187,57,3.7,LinkedIn,19,No
EMP11055,25,Female,Engineering,Electrical Engineer,Master's,Business,Married,Hyderabad,Full-Time,2022-08-05,0,0,3,0,1,21600,2,2,3,No,Travel_Rarely,6,1,208,87,3.0,LinkedIn,11,Yes
EMP11056,59,Female,Finance,Financial Analyst,Master's,Finance,Single,Ahmedabad,Full-Time,2021-12-19,7,4,1,34,3,23900,2,5,3,Yes,Travel_Frequently,2,5,154,28,4.0,Employee Referral,29,No
EMP11057,38,Male,Operations,Process Associate,Master's,Marketing,Single,Noida,Full-Time,2016-06-25,12,5,6,12,5,24300,3,2,2,No,Travel_Rarely,28,3,197,93,3.3,Employee Referral,26,No
EMP11058,27,Female,Sales,Business Development Executive,Bachelor's,Human Resources,Single,Mumbai,Full-Time,2024-07-20,2,2,7,2,1,19700,3,1,3,Yes,Travel_Frequently,12,4,165,13,3.0,Company Website,32,No
EMP11059,37,Female,Sales,Business Development Executive,Bachelor's,Finance,Married,Bengaluru,Full-Time,2020-04-18,6,4,4,14,3,18500,5,2,2,No,Travel_Rarely,15,4,246,41,3.0,Company Website,19,No
EMP11060,59,Female,Marketing,Marketing Manager,Bachelor's,Computer Science,Single,Hyderabad,Full-Time,2016-01-22,3,3,7,35,2,18000,5,1,5,No,Travel_Rarely,9,4,209,99,3.7,LinkedIn,24,No
EMP11061,56,Male,Engineering,Engineering Manager,Bachelor's,Engineering,Married,Pune,Full-Time,2017-10-14,8,0,1,34,3,18000,4,4,3,Yes,Travel_Rarely,29,2,188,37,4.0,Naukri,8,Yes
EMP11062,60,Female,Engineering,Project Engineer,Master's,Engineering,Married,Mumbai,Full-Time,2025-04-13,14,4,3,33,5,25600,1,2,3,Yes,Non-Travel,2,2,169,85,2.3,Campus Hiring,42,Yes
EMP11063,24,Female,Operations,Process Associate,Diploma,Marketing,Married,Noida,Full-Time,2018-02-21,2,0,7,2,1,18000,4,1,2,No,Travel_Rarely,12,5,246,67,2.7,Campus Hiring,12,No
EMP11064,58,Male,Sales,Sales Manager,Bachelor's,Computer Science,Single,Chennai,Full-Time,2016-06-16,7,5,3,38,3,18000,2,4,3,No,Travel_Frequently,16,3,210,83,3.0,Employee Referral,17,Yes
EMP11065,45,Female,Sales,Sales Representative,PhD,Engineering,Married,Kolkata,Full-Time,2018-11-27,13,6,3,23,5,78600,3,5,3,No,Travel_Rarely,7,1,260,50,3.3,Recruitment Agency,15,No
EMP11066,25,Female,Operations,Process Associate,Bachelor's,Business,Single,Noida,Full-Time,2018-05-22,0,0,6,4,1,67500,4,3,3,No,Non-Travel,1,5,200,42,3.0,Recruitment Agency,26,No
EMP11067,50,Male,HR,HR Manager,Bachelor's,Finance,Married,Ahmedabad,Full-Time,2020-11-16,6,0,7,25,3,28600,3,1,3,Yes,Travel_Rarely,21,2,269,23,3.0,LinkedIn,16,No
EMP11068,32,Male,IT,Software Engineer,Bachelor's,Marketing,Single,Ahmedabad,Full-Time,2020-11-05,4,4,5,10,2,30500,3,5,4,Yes,Travel_Frequently,7,5,230,96,3.7,Naukri,34,Yes
EMP11069,24,Male,Finance,Accountant,PhD,Business,Single,Mumbai,Part-Time,2020-05-09,4,4,4,4,2,18000,4,4,3,Yes,Travel_Rarely,3,3,199,91,3.3,LinkedIn,27,No
EMP11070,44,Female,HR,HR Manager,Master's,Marketing,Single,Bengaluru,Full-Time,2024-03-06,11,5,6,24,4,18000,4,5,3,No,Travel_Rarely,20,5,154,62,3.7,Company Website,11,No
EMP11071,49,Male,HR,HR Manager,Bachelor's,Computer Science,Single,Bengaluru,Full-Time,2019-10-28,8,6,7,28,3,18900,5,2,4,No,Non-Travel,5,7,218,85,3.7,Employee Referral,31,No
EMP11072,29,Male,HR,Recruiter,Bachelor's,Marketing,Single,Gurugram,Part-Time,2017-09-23,1,1,0,9,1,22000,1,3,1,No,Travel_Rarely,3,6,260,51,2.0,LinkedIn,32,Yes
EMP11073,24,Male,IT,IT Support Specialist,PhD,Other,Married,Gurugram,Part-Time,2020-05-20,0,0,2,0,1,30400,5,1,3,No,Travel_Rarely,15,6,192,45,2.7,Recruitment Agency,17,No
EMP11074,44,Female,IT,System Administrator,Diploma,Engineering,Single,Bengaluru,Full-Time,2023-11-21,13,2,1,21,5,18000,1,4,3,No,Travel_Frequently,6,4,159,34,2.7,Company Website,14,Yes
EMP11075,34,Male,Engineering,Mechanical Engineer,Bachelor's,Computer Science,Married,Gurugram,Full-Time,2019-12-21,8,5,5,8,3,57900,4,3,4,Yes,Travel_Rarely,15,1,222,61,4.0,Employee Referral,28,No
EMP11076,25,Female,Sales,Business Development Executive,Bachelor's,Human Resources,Married,Pune,Full-Time,2021-02-06,0,0,0,0,1,24600,1,4,3,Yes,Travel_Rarely,3,7,261,49,3.3,LinkedIn,30,Yes
EMP11077,38,Female,Finance,Financial Analyst,Master's,Marketing,Single,Hyderabad,Full-Time,2024-11-11,3,1,3,13,2,18000,2,5,3,Yes,Travel_Frequently,24,2,207,95,3.0,LinkedIn,15,No
EMP11078,39,Male,Operations,Operations Executive,Diploma,Business,Single,Hyderabad,Full-Time,2017-12-22,1,1,0,14,1,23600,5,4,4,No,Travel_Frequently,23,7,214,79,4.0,Employee Referral,32,No
EMP11079,32,Female,HR,HR Manager,Master's,Computer Science,Single,Hyderabad,Full-Time,2025-10-13,2,2,6,8,1,18000,5,4,3,No,Travel_Rarely,1,2,200,89,4.7,Campus Hiring,19,No
EMP11080,38,Male,Engineering,Engineering Manager,Diploma,Human Resources,Single,Delhi,Full-Time,2024-08-12,15,8,0,16,5,18000,5,5,4,No,Non-Travel,2,6,278,71,5.0,Campus Hiring,35,No
EMP11081,37,Male,Operations,Operations Executive,Master's,Human Resources,Married,Noida,Full-Time,2017-03-15,10,2,4,14,4,18000,3,5,4,Yes,Travel_Frequently,4,3,200,96,3.3,Employee Referral,10,No
EMP11082,50,Female,IT,Data Analyst,Master's,Computer Science,Married,Ahmedabad,Full-Time,2025-02-18,13,2,3,28,5,19600,3,3,3,No,Travel_Rarely,21,3,258,18,3.7,Naukri,17,No
EMP11083,44,Female,Sales,Sales Representative,Diploma,Marketing,Single,Ahmedabad,Full-Time,2025-07-09,13,5,5,21,5,56700,4,1,4,No,Travel_Frequently,14,3,163,87,3.3,LinkedIn,22,No
EMP11084,31,Female,Engineering,Engineering Manager,Diploma,Marketing,Married,Hyderabad,Full-Time,2016-08-30,9,4,7,9,4,23000,4,5,4,No,Travel_Rarely,14,2,216,78,4.3,Recruitment Agency,15,No
EMP11085,55,Male,Engineering,Project Engineer,Master's,Other,Single,Mumbai,Full-Time,2023-04-02,7,5,5,34,3,30100,3,3,4,No,Travel_Rarely,27,4,260,30,3.0,LinkedIn,24,No
EMP11086,43,Male,Sales,Sales Representative,Master's,Human Resources,Single,Delhi,Full-Time,2023-09-10,11,6,3,16,4,33600,5,4,3,No,Travel_Rarely,30,7,147,62,3.7,Employee Referral,21,No
EMP11087,37,Female,Marketing,Marketing Manager,Master's,Computer Science,Divorced,Bengaluru,Part-Time,2017-06-26,8,2,1,11,3,20600,3,4,4,No,Travel_Frequently,10,1,172,79,3.0,Company Website,22,No
EMP11088,21,Male,IT,Data Analyst,Master's,Finance,Married,Delhi,Full-Time,2016-10-03,1,1,7,1,1,18000,1,2,2,Yes,Travel_Frequently,11,3,205,10,2.3,Naukri,20,Yes
EMP11089,35,Female,Engineering,Project Engineer,Bachelor's,Finance,Single,Pune,Full-Time,2017-07-03,9,7,5,15,4,18000,5,5,4,No,Non-Travel,4,2,207,40,4.0,Naukri,12,No
EMP11090,52,Male,HR,HR Manager,Bachelor's,Engineering,Married,Chennai,Full-Time,2019-08-24,1,1,5,26,1,18500,3,3,3,Yes,Travel_Rarely,15,4,170,54,3.3,Recruitment Agency,24,No
EMP11091,29,Female,Engineering,Project Engineer,Bachelor's,Computer Science,Single,Chennai,Full-Time,2017-02-06,1,1,1,8,1,36900,4,3,3,No,Travel_Rarely,20,3,235,37,3.3,Campus Hiring,23,Yes
EMP11092,35,Female,Marketing,Marketing Manager,Master's,Other,Married,Chennai,Full-Time,2023-05-21,6,3,1,12,3,33600,3,1,2,Yes,Travel_Rarely,30,7,238,12,3.0,Campus Hiring,15,No
EMP11093,48,Male,Marketing,Content Strategist,Bachelor's,Finance,Married,Noida,Full-Time,2019-12-24,7,1,7,22,3,24700,2,3,3,No,Travel_Rarely,25,3,153,96,3.3,Naukri,35,No
EMP11094,44,Female,Sales,Sales Representative,Bachelor's,Other,Single,Delhi,Full-Time,2018-09-23,7,2,6,20,3,26200,3,5,3,No,Travel_Frequently,4,1,153,49,3.7,LinkedIn,27,No
EMP11095,55,Female,HR,Recruiter,Bachelor's,Business,Single,Hyderabad,Full-Time,2016-03-16,13,3,5,32,5,20700,5,3,3,Yes,Travel_Rarely,20,6,132,13,3.3,Recruitment Agency,30,No
EMP11096,42,Female,IT,IT Support Specialist,Master's,Computer Science,Married,Ahmedabad,Contract,2022-07-14,5,3,5,22,2,18000,3,2,3,No,Travel_Rarely,20,1,202,79,2.7,LinkedIn,17,No
EMP11097,47,Female,HR,HR Analyst,Bachelor's,Finance,Single,Ahmedabad,Full-Time,2023-09-13,9,8,5,23,4,18000,4,4,3,Yes,Non-Travel,16,5,153,85,4.3,Company Website,5,Yes
EMP11098,39,Male,IT,IT Support Specialist,Master's,Other,Married,Kolkata,Contract,2020-01-13,15,5,1,17,5,18000,1,4,3,Yes,Travel_Rarely,2,6,248,21,3.0,Naukri,40,Yes
EMP11099,32,Male,Operations,Process Associate,Master's,Marketing,Single,Ahmedabad,Full-Time,2024-08-16,7,7,5,8,3,49400,2,3,3,No,Travel_Rarely,13,6,169,71,3.0,Company Website,26,No
EMP11100,40,Male,Finance,Accountant,Diploma,Business,Married,Mumbai,Full-Time,2021-09-16,13,3,0,17,5,23800,5,3,4,No,Travel_Frequently,8,7,200,80,3.3,Naukri,27,No
EMP11101,21,Male,IT,System Administrator,Diploma,Engineering,Single,Gurugram,Contract,2016-11-13,0,0,0,0,1,18000,4,3,3,No,Travel_Rarely,13,6,266,99,4.0,Recruitment Agency,27,No
EMP11102,41,Female,Engineering,Electrical Engineer,Master's,Finance,Married,Noida,Full-Time,2025-04-22,0,0,1,19,1,50000,2,3,1,No,Travel_Rarely,30,3,238,57,3.0,Recruitment Agency,28,No
EMP11103,21,Male,Engineering,Mechanical Engineer,Bachelor's,Marketing,Married,Noida,Full-Time,2025-08-02,0,0,1,0,1,54500,3,2,3,Yes,Travel_Frequently,20,5,232,16,3.0,Naukri,14,No
EMP11104,30,Female,Engineering,Engineering Manager,Bachelor's,Business,Divorced,Bengaluru,Full-Time,2019-04-01,8,4,1,8,3,75800,2,5,4,Yes,Travel_Frequently,21,7,162,66,3.7,LinkedIn,15,No
EMP11105,52,Female,Engineering,Electrical Engineer,Bachelor's,Business,Single,Mumbai,Part-Time,2019-10-13,15,2,2,28,5,19700,1,2,2,Yes,Travel_Rarely,8,2,191,65,1.7,Employee Referral,15,Yes
EMP11106,59,Female,IT,Data Analyst,Bachelor's,Engineering,Single,Mumbai,Contract,2021-05-16,11,4,7,39,4,23100,2,2,3,No,Non-Travel,30,7,214,76,3.0,Naukri,29,No
EMP11107,42,Male,Finance,Finance Manager,Master's,Human Resources,Married,Bengaluru,Full-Time,2023-05-11,0,0,1,19,1,29500,2,2,3,No,Travel_Rarely,4,1,190,22,2.3,Recruitment Agency,13,No
EMP11108,38,Female,Operations,Process Associate,Bachelor's,Other,Single,Bengaluru,Full-Time,2023-06-10,11,4,6,11,4,46500,3,4,5,No,Travel_Rarely,5,6,222,61,3.7,LinkedIn,10,No
EMP11109,52,Female,Operations,Operations Analyst,Bachelor's,Human Resources,Married,Ahmedabad,Contract,2016-11-24,2,2,2,31,1,22600,3,2,3,Yes,Travel_Rarely,21,6,156,72,2.7,LinkedIn,18,Yes
EMP11110,47,Female,IT,System Administrator,Bachelor's,Marketing,Married,Mumbai,Full-Time,2021-01-28,11,1,1,20,4,18000,5,3,4,No,Travel_Rarely,6,4,255,50,3.7,Employee Referral,22,No
EMP11111,48,Female,Engineering,Project Engineer,Master's,Finance,Married,Noida,Full-Time,2025-07-17,15,8,3,21,5,18000,3,2,3,No,Travel_Rarely,23,3,274,84,2.3,Employee Referral,24,No
EMP11112,38,Male,HR,HR Manager,Bachelor's,Computer Science,Divorced,Mumbai,Contract,2021-03-19,8,6,4,12,3,37400,2,3,4,Yes,Travel_Frequently,19,7,189,32,2.3,Company Website,20,Yes
EMP11113,59,Male,HR,HR Manager,Bachelor's,Business,Single,Chennai,Full-Time,2021-05-02,14,5,5,35,5,29100,1,5,3,No,Travel_Rarely,30,3,176,56,3.0,Naukri,28,No
EMP11114,49,Male,Sales,Business Development Executive,Master's,Finance,Single,Pune,Full-Time,2017-04-20,10,4,5,26,4,20400,3,4,3,No,Travel_Frequently,10,5,241,74,3.0,Naukri,35,No
EMP11115,38,Female,Marketing,Digital Marketing Specialist,Master's,Computer Science,Divorced,Noida,Full-Time,2025-08-28,4,3,0,17,2,19800,5,5,3,No,Travel_Frequently,27,1,216,40,4.3,Naukri,24,No
EMP11116,28,Female,Marketing,Content Strategist,Master's,Human Resources,Single,Noida,Full-Time,2020-10-18,5,5,3,5,2,20400,5,5,4,Yes,Travel_Rarely,3,6,238,45,4.7,Naukri,34,No
EMP11117,51,Female,IT,Software Engineer,Bachelor's,Finance,Single,Gurugram,Full-Time,2020-10-03,15,1,4,27,5,38500,2,4,2,No,Non-Travel,13,6,278,23,3.7,Campus Hiring,29,Yes
EMP11118,54,Male,Engineering,Mechanical Engineer,Master's,Finance,Single,Hyderabad,Full-Time,2020-12-18,8,7,5,31,3,18000,3,3,3,No,Travel_Rarely,9,5,265,46,3.0,LinkedIn,15,No
EMP11119,27,Female,HR,HR Analyst,Master's,Business,Married,Ahmedabad,Full-Time,2021-05-08,5,0,5,5,2,18000,3,3,4,Yes,Travel_Rarely,17,7,202,41,3.7,Naukri,16,Yes
EMP11120,56,Male,IT,IT Support Specialist,Diploma,Business,Married,Pune,Full-Time,2019-03-21,10,0,2,32,4,49900,5,3,3,No,Travel_Rarely,10,3,251,62,3.7,Employee Referral,16,No
EMP11121,38,Female,Engineering,Project Engineer,Master's,Finance,Single,Ahmedabad,Full-Time,2017-06-21,0,0,0,15,1,22300,3,4,3,No,Travel_Rarely,12,1,226,37,3.7,LinkedIn,22,Yes
EMP11122,58,Male,Engineering,Electrical Engineer,Bachelor's,Finance,Single,Hyderabad,Full-Time,2025-07-18,9,4,2,32,4,21300,2,2,3,No,Travel_Frequently,13,3,197,74,2.0,Campus Hiring,21,No
EMP11123,29,Female,Engineering,Mechanical Engineer,Master's,Human Resources,Single,Noida,Full-Time,2022-07-18,6,5,6,9,3,29800,1,1,3,No,Travel_Rarely,24,1,192,56,1.7,Employee Referral,29,Yes
EMP11124,29,Male,Engineering,Project Engineer,Master's,Engineering,Married,Bengaluru,Full-Time,2020-11-24,6,3,6,6,3,18000,2,2,3,Yes,Travel_Frequently,10,7,211,80,2.0,LinkedIn,23,Yes
EMP11125,28,Male,Marketing,Digital Marketing Specialist,Master's,Computer Science,Single,Ahmedabad,Full-Time,2025-06-19,5,5,2,6,2,30900,3,2,4,No,Travel_Rarely,19,3,159,89,3.0,Recruitment Agency,26,No
EMP11126,55,Female,Sales,Sales Executive,Master's,Marketing,Married,Mumbai,Full-Time,2019-04-05,8,6,0,34,3,18500,2,5,1,No,Non-Travel,21,4,154,41,4.0,Company Website,13,No
EMP11127,38,Male,IT,System Administrator,Bachelor's,Marketing,Married,Hyderabad,Part-Time,2020-02-04,6,1,4,12,3,36600,4,1,4,Yes,Travel_Rarely,19,6,250,33,2.7,Employee Referral,26,No
EMP11128,25,Male,Sales,Sales Representative,Bachelor's,Engineering,Single,Pune,Full-Time,2021-12-27,4,1,0,4,2,18000,4,3,3,No,Non-Travel,26,7,226,23,3.3,Recruitment Agency,20,No
EMP11129,34,Female,Finance,Financial Analyst,Master's,Human Resources,Single,Delhi,Full-Time,2025-01-13,7,1,1,7,3,27000,3,2,3,No,Non-Travel,17,7,228,56,3.3,Recruitment Agency,19,No
EMP11130,48,Male,HR,Recruiter,Master's,Finance,Single,Bengaluru,Full-Time,2021-10-21,10,1,7,22,4,19800,3,4,3,No,Travel_Rarely,26,5,235,88,3.3,Naukri,18,No
EMP11131,50,Male,Operations,Operations Executive,Bachelor's,Finance,Single,Gurugram,Full-Time,2017-03-03,11,8,2,29,4,18000,1,2,3,Yes,Travel_Rarely,30,1,185,10,2.0,Naukri,38,No
EMP11132,24,Female,Sales,Sales Executive,Bachelor's,Engineering,Single,Pune,Full-Time,2025-03-24,4,4,1,4,2,31200,2,3,2,No,Travel_Rarely,5,5,259,28,3.3,Naukri,13,No
EMP11133,59,Female,IT,System Administrator,PhD,Marketing,Single,Delhi,Full-Time,2019-06-13,3,3,0,37,2,20600,1,2,4,No,Travel_Rarely,8,1,182,67,1.7,Employee Referral,30,Yes
EMP11134,40,Female,HR,Recruiter,Master's,Business,Single,Hyderabad,Full-Time,2020-09-26,6,4,0,13,3,27200,3,5,4,No,Non-Travel,5,7,255,16,3.3,Recruitment Agency,24,Yes
EMP11135,45,Male,Operations,Operations Manager,Bachelor's,Business,Married,Gurugram,Full-Time,2024-04-18,1,1,5,21,1,38900,3,5,3,No,Travel_Rarely,15,1,170,91,4.3,LinkedIn,12,No
EMP11136,48,Female,IT,System Administrator,Bachelor's,Human Resources,Single,Gurugram,Full-Time,2017-08-22,5,0,6,27,2,31500,5,2,3,No,Travel_Rarely,4,6,152,86,3.7,LinkedIn,21,No
EMP11137,32,Male,Engineering,Engineering Manager,Bachelor's,Finance,Married,Mumbai,Contract,2016-04-06,6,5,4,6,3,18000,1,5,3,Yes,Travel_Rarely,25,1,160,73,3.7,Campus Hiring,5,No
EMP11138,22,Female,Sales,Sales Executive,Bachelor's,Computer Science,Single,Kolkata,Full-Time,2017-04-22,0,0,2,0,1,18000,3,4,4,No,Travel_Rarely,13,3,131,27,4.0,Naukri,39,No
EMP11139,34,Male,Sales,Sales Manager,Diploma,Marketing,Single,Ahmedabad,Full-Time,2020-08-28,11,2,6,11,4,27100,4,1,3,Yes,Non-Travel,17,2,189,72,2.3,Naukri,21,No
EMP11140,42,Male,Marketing,Digital Marketing Specialist,Master's,Other,Married,Delhi,Full-Time,2018-10-18,1,1,3,22,1,31500,5,2,4,No,Travel_Rarely,5,3,207,77,3.3,LinkedIn,34,No
EMP11141,51,Female,Engineering,Project Engineer,Diploma,Computer Science,Married,Ahmedabad,Full-Time,2017-05-05,13,1,0,29,5,18500,2,4,3,No,Travel_Rarely,1,2,152,59,3.3,Naukri,36,No
EMP11142,43,Female,Finance,Finance Executive,Diploma,Finance,Single,Gurugram,Full-Time,2019-08-12,3,3,5,21,2,24100,5,4,4,No,Non-Travel,22,6,164,77,4.0,Recruitment Agency,19,No
EMP11143,40,Male,Operations,Operations Manager,Master's,Human Resources,Divorced,Gurugram,Full-Time,2017-02-09,7,0,3,16,3,24000,2,4,3,Yes,Travel_Rarely,15,6,130,100,3.0,Recruitment Agency,24,Yes
EMP11144,58,Male,Marketing,Content Strategist,Bachelor's,Human Resources,Married,Chennai,Full-Time,2017-12-15,7,7,2,36,3,25600,4,3,3,No,Travel_Frequently,10,3,234,25,3.7,Naukri,26,No
EMP11145,24,Female,HR,HR Analyst,Master's,Marketing,Married,Delhi,Full-Time,2022-10-30,0,0,1,0,1,18000,2,2,4,No,Travel_Rarely,25,2,178,23,3.0,Recruitment Agency,41,No
EMP11146,35,Male,Engineering,Mechanical Engineer,Master's,Business,Single,Kolkata,Part-Time,2023-07-09,7,0,7,15,3,18000,1,2,4,No,Travel_Frequently,11,7,191,71,2.7,Naukri,22,No
EMP11147,44,Male,Operations,Operations Executive,Bachelor's,Human Resources,Single,Ahmedabad,Full-Time,2019-07-22,7,7,7,24,3,18000,2,2,3,Yes,Non-Travel,30,6,144,87,2.3,Campus Hiring,24,Yes
EMP11148,45,Male,Marketing,Marketing Manager,Diploma,Other,Single,Bengaluru,Full-Time,2018-11-09,0,0,7,22,1,23100,2,1,3,No,Travel_Rarely,18,1,150,16,2.0,Naukri,11,Yes
EMP11149,21,Male,Engineering,Mechanical Engineer,PhD,Business,Single,Delhi,Full-Time,2017-08-07,0,0,2,0,1,18000,5,4,3,Yes,Travel_Rarely,29,1,265,65,4.3,Campus Hiring,16,No
EMP11150,27,Male,Engineering,Engineering Manager,Bachelor's,Human Resources,Single,Noida,Full-Time,2022-10-10,3,1,6,3,2,57600,4,2,3,No,Travel_Rarely,13,2,264,23,2.7,Naukri,20,No
EMP11151,51,Other,Operations,Process Associate,Bachelor's,Computer Science,Married,Ahmedabad,Full-Time,2018-08-11,14,7,4,30,5,29600,2,5,3,No,Travel_Frequently,20,2,234,51,3.7,LinkedIn,36,No
EMP11152,32,Male,Engineering,Electrical Engineer,Master's,Marketing,Single,Pune,Full-Time,2023-12-07,3,1,3,11,2,18000,1,3,3,No,Travel_Rarely,24,5,163,79,2.7,Recruitment Agency,41,No
EMP11153,25,Male,Operations,Operations Manager,Master's,Human Resources,Married,Mumbai,Full-Time,2025-05-25,2,1,5,2,1,36700,5,1,5,Yes,Non-Travel,30,1,250,71,3.3,Naukri,29,No
EMP11154,58,Male,Operations,Operations Executive,Bachelor's,Other,Single,Delhi,Full-Time,2021-07-23,8,0,6,38,3,36700,4,3,3,No,Travel_Rarely,16,3,225,52,3.0,Recruitment Agency,27,No
EMP11155,32,Male,Marketing,Digital Marketing Specialist,Bachelor's,Finance,Single,Chennai,Full-Time,2025-04-04,2,2,3,7,1,38100,4,4,2,Yes,Travel_Frequently,19,5,139,66,4.3,LinkedIn,30,Yes
EMP11156,59,Male,Operations,Operations Executive,Bachelor's,Engineering,Single,Delhi,Full-Time,2017-08-16,13,1,1,38,5,18000,3,5,3,No,Travel_Frequently,30,7,219,100,4.0,LinkedIn,18,No
EMP11157,38,Female,IT,System Administrator,Bachelor's,Human Resources,Married,Chennai,Full-Time,2021-01-05,5,4,6,16,2,30400,1,4,2,No,Travel_Rarely,23,2,187,84,2.3,Campus Hiring,37,Yes
EMP11158,22,Male,Engineering,Mechanical Engineer,Bachelor's,Human Resources,Married,Delhi,Part-Time,2016-12-21,2,2,5,2,1,38400,5,2,3,No,Travel_Rarely,12,7,238,40,3.3,Company Website,11,No
EMP11159,30,Female,Engineering,Project Engineer,PhD,Human Resources,Single,Noida,Full-Time,2021-09-05,5,2,1,5,2,44700,5,3,3,No,Non-Travel,23,6,228,60,4.0,Naukri,20,No
EMP11160,35,Female,IT,System Administrator,Master's,Human Resources,Single,Noida,Full-Time,2020-08-03,8,2,0,8,3,18000,1,5,3,Yes,Travel_Rarely,14,3,238,76,3.0,LinkedIn,30,Yes
EMP11161,50,Female,Engineering,Engineering Manager,Bachelor's,Engineering,Divorced,Ahmedabad,Full-Time,2024-07-15,6,2,6,28,3,20000,4,3,5,No,Travel_Rarely,2,4,261,10,3.3,Company Website,20,No
EMP11162,37,Male,IT,Data Analyst,Master's,Other,Married,Hyderabad,Full-Time,2022-11-08,2,2,2,11,1,18000,2,1,5,Yes,Travel_Rarely,28,4,218,89,1.7,Naukri,46,Yes
EMP11163,24,Male,Finance,Finance Executive,Bachelor's,Other,Single,Noida,Full-Time,2016-04-21,0,0,6,0,1,51000,1,5,2,No,Travel_Rarely,10,7,265,53,3.0,Company Website,30,No
EMP11164,27,Male,Operations,Process Associate,Bachelor's,Engineering,Single,Gurugram,Full-Time,2023-08-26,4,2,6,7,2,27500,5,1,3,Yes,Travel_Frequently,4,7,141,100,3.0,Employee Referral,33,Yes
EMP11165,51,Female,IT,IT Support Specialist,Diploma,Human Resources,Single,Gurugram,Full-Time,2017-01-09,14,1,4,25,5,32900,1,5,4,No,Travel_Rarely,1,6,247,59,3.3,Employee Referral,17,No
EMP11166,59,Male,Engineering,Mechanical Engineer,Bachelor's,Finance,Married,Bengaluru,Contract,2019-08-31,12,2,0,36,5,27300,4,2,3,Yes,Travel_Rarely,24,4,217,69,3.0,Recruitment Agency,33,No
EMP11167,54,Female,Engineering,Project Engineer,Bachelor's,Other,Single,Gurugram,Contract,2018-04-24,11,3,7,30,4,26100,3,3,4,Yes,Travel_Rarely,26,6,217,12,3.3,Employee Referral,31,No
EMP11168,26,Female,Sales,Business Development Executive,Bachelor's,Engineering,Married,Bengaluru,Full-Time,2021-12-13,2,2,2,2,1,18000,3,3,4,No,Travel_Frequently,26,3,259,81,3.0,Naukri,38,No
EMP11169,58,Female,IT,Data Analyst,Diploma,Other,Married,Pune,Full-Time,2024-06-05,3,3,1,36,2,18000,2,4,3,No,Non-Travel,25,6,202,89,3.7,Naukri,5,No
EMP11170,54,Male,HR,HR Manager,Diploma,Computer Science,Single,Delhi,Full-Time,2023-02-22,0,0,4,28,1,22700,2,5,3,No,Travel_Rarely,17,7,212,63,4.0,Company Website,17,No
EMP11171,35,Male,Marketing,Content Strategist,Diploma,Business,Single,Noida,Full-Time,2019-10-15,11,2,1,11,4,18000,4,5,4,No,Travel_Rarely,11,2,134,11,3.7,Naukri,27,Yes
EMP11172,34,Female,Engineering,Project Engineer,Diploma,Engineering,Single,Ahmedabad,Full-Time,2023-03-10,13,2,5,13,5,18000,2,1,4,Yes,Travel_Rarely,7,3,176,38,2.0,Naukri,27,Yes
EMP11173,26,Male,Marketing,Marketing Manager,Bachelor's,Business,Single,Gurugram,Part-Time,2016-12-27,6,2,1,6,3,20100,3,5,4,Yes,Travel_Rarely,17,5,153,25,3.3,Campus Hiring,24,No
EMP11174,57,Male,HR,HR Analyst,Master's,Human Resources,Married,Hyderabad,Full-Time,2017-11-09,6,6,7,36,3,18000,4,3,3,No,Travel_Rarely,28,5,250,68,3.7,Campus Hiring,10,No
EMP11175,52,Male,Marketing,Marketing Executive,Master's,Human Resources,Single,Noida,Contract,2018-09-09,7,3,3,30,3,22500,4,5,4,No,Travel_Rarely,17,4,224,20,4.3,Employee Referral,26,Yes
EMP11176,23,Female,Sales,Business Development Executive,PhD,Computer Science,Single,Noida,Part-Time,2023-09-12,0,0,2,0,1,18000,4,4,3,No,Travel_Rarely,9,7,271,33,3.7,Company Website,27,No
EMP11177,23,Male,Operations,Operations Analyst,Master's,Marketing,Single,Chennai,Full-Time,2023-09-23,0,0,0,0,1,18000,1,4,3,No,Travel_Rarely,10,2,180,92,2.7,Naukri,24,No
EMP11178,42,Male,IT,System Administrator,Master's,Other,Single,Pune,Full-Time,2020-09-27,5,1,6,20,2,18000,2,3,3,Yes,Travel_Rarely,26,7,263,41,3.3,Employee Referral,24,No
EMP11179,42,Female,Operations,Operations Executive,Master's,Human Resources,Single,Ahmedabad,Full-Time,2021-07-29,4,2,3,22,2,22100,5,3,5,No,Travel_Rarely,6,5,274,83,4.0,Campus Hiring,32,No
EMP11180,30,Female,Sales,Sales Executive,Master's,Marketing,Single,Hyderabad,Full-Time,2020-09-14,6,5,7,6,3,32900,3,3,4,Yes,Non-Travel,17,1,211,63,3.3,Employee Referral,23,No
EMP11181,23,Female,Engineering,Mechanical Engineer,Master's,Finance,Married,Pune,Full-Time,2019-07-11,0,0,5,0,1,29500,2,5,4,No,Non-Travel,16,7,201,65,3.7,LinkedIn,13,No
EMP11182,32,Female,Finance,Financial Analyst,PhD,Business,Single,Noida,Full-Time,2018-03-10,1,0,2,6,1,18000,3,5,3,No,Travel_Rarely,7,1,180,96,3.3,Employee Referral,37,No
EMP11183,49,Male,Marketing,Marketing Executive,Diploma,Finance,Single,Gurugram,Full-Time,2016-10-01,9,8,5,26,4,32400,2,2,3,No,Travel_Rarely,19,4,181,80,2.3,Employee Referral,36,No
EMP11184,37,Male,Engineering,Electrical Engineer,Bachelor's,Engineering,Single,Hyderabad,Full-Time,2020-07-11,5,0,7,15,2,29400,5,1,4,Yes,Travel_Rarely,26,7,141,89,3.3,LinkedIn,24,No
EMP11185,27,Male,IT,IT Support Specialist,Bachelor's,Finance,Single,Pune,Contract,2022-09-09,4,1,2,7,2,32800,3,5,3,Yes,Travel_Rarely,4,4,210,52,4.0,LinkedIn,32,No
EMP11186,33,Female,Engineering,Mechanical Engineer,Bachelor's,Human Resources,Married,Chennai,Full-Time,2019-08-29,10,2,2,10,4,35900,5,2,4,Yes,Non-Travel,30,4,224,62,3.3,Campus Hiring,10,Yes
EMP11187,22,Male,Operations,Operations Executive,Master's,Computer Science,Single,Kolkata,Full-Time,2018-06-24,0,0,4,0,1,18000,3,2,3,No,Travel_Rarely,20,5,244,10,2.7,Company Website,23,Yes
EMP11188,24,Male,IT,System Administrator,Bachelor's,Finance,Married,Ahmedabad,Full-Time,2021-02-25,0,0,3,0,1,19200,1,4,4,No,Travel_Rarely,24,2,258,70,2.3,Campus Hiring,9,Yes
EMP11189,30,Male,Finance,Accountant,Bachelor's,Human Resources,Married,Chennai,Full-Time,2017-05-06,6,2,7,8,3,49300,1,5,4,Yes,Travel_Rarely,17,6,140,43,3.7,LinkedIn,34,No
EMP11190,59,Male,Operations,Operations Analyst,Bachelor's,Engineering,Married,Noida,Contract,2019-11-28,5,5,0,34,2,48000,3,2,3,Yes,Travel_Frequently,24,6,145,70,3.0,LinkedIn,11,Yes
EMP11191,44,Male,IT,IT Support Specialist,Bachelor's,Engineering,Married,Gurugram,Full-Time,2022-08-21,11,8,3,24,4,21300,3,4,1,Yes,Travel_Frequently,9,4,230,70,4.0,LinkedIn,20,Yes
EMP11192,37,Male,Marketing,Digital Marketing Specialist,PhD,Computer Science,Married,Bengaluru,Contract,2017-10-20,12,6,5,12,5,28900,5,1,3,No,Travel_Rarely,11,3,242,17,3.0,Company Website,26,No
EMP11193,26,Male,Finance,Finance Manager,Bachelor's,Business,Single,Pune,Part-Time,2017-06-24,1,1,1,1,1,30100,4,4,4,No,Travel_Rarely,23,4,221,63,4.3,Company Website,31,No
EMP11194,39,Female,Marketing,Marketing Manager,PhD,Marketing,Single,Hyderabad,Full-Time,2023-11-26,10,3,5,19,4,48600,3,1,3,No,Travel_Frequently,1,7,138,62,2.0,Campus Hiring,29,No
EMP11195,25,Female,IT,IT Support Specialist,Bachelor's,Computer Science,Married,Delhi,Full-Time,2016-11-15,5,3,2,5,2,25700,2,3,4,No,Travel_Rarely,7,6,248,29,3.3,Employee Referral,34,No
EMP11196,52,Male,Engineering,Engineering Manager,Bachelor's,Marketing,Single,Hyderabad,Full-Time,2021-07-29,10,5,1,30,4,18000,2,3,3,No,Travel_Rarely,22,6,252,55,3.0,Recruitment Agency,31,No
EMP11197,30,Female,Engineering,Mechanical Engineer,Bachelor's,Computer Science,Single,Mumbai,Full-Time,2022-03-22,5,3,3,5,2,18000,2,4,4,No,Travel_Rarely,5,6,137,40,2.7,LinkedIn,36,No
EMP11198,29,Male,Engineering,Mechanical Engineer,Master's,Computer Science,Married,Hyderabad,Part-Time,2017-03-31,4,4,0,6,2,90200,1,3,3,No,Travel_Rarely,5,5,154,94,2.3,LinkedIn,8,No
EMP11199,47,Male,Operations,Process Associate,Bachelor's,Finance,Single,Mumbai,Full-Time,2017-10-12,8,8,1,20,3,18000,5,5,3,No,Travel_Rarely,1,2,248,35,4.0,LinkedIn,20,No
EMP11200,33,Male,IT,IT Support Specialist,Master's,Finance,Married,Hyderabad,Full-Time,2019-08-05,8,6,1,13,3,22500,1,4,5,Yes,Travel_Rarely,6,4,280,72,3.0,Company Website,28,No
EMP11201,39,Male,Operations,Operations Analyst,Master's,Finance,Single,Hyderabad,Full-Time,2019-07-28,12,7,6,15,5,62400,2,2,3,No,Travel_Rarely,13,1,152,29,2.3,Naukri,38,No
EMP11202,41,Female,IT,IT Support Specialist,Master's,Computer Science,Single,Bengaluru,Full-Time,2017-02-20,0,0,7,16,1,18000,3,5,3,No,Travel_Rarely,15,4,173,31,4.3,Employee Referral,19,No
EMP11203,44,Female,IT,Data Analyst,Master's,Finance,Married,Pune,Full-Time,2020-02-16,4,4,4,24,2,18000,2,4,3,Yes,Travel_Rarely,4,4,185,66,3.3,LinkedIn,42,No
EMP11204,58,Female,Finance,Finance Manager,Bachelor's,Human Resources,Single,Kolkata,Full-Time,2025-11-18,8,6,3,35,3,18000,3,1,2,Yes,Travel_Rarely,30,2,252,66,2.0,LinkedIn,27,No
EMP11205,24,Male,Sales,Business Development Executive,Bachelor's,Computer Science,Single,Delhi,Full-Time,2018-03-14,0,0,1,0,1,18000,5,3,3,Yes,Non-Travel,30,3,152,35,3.3,Company Website,18,Yes
EMP11206,44,Female,Operations,Operations Executive,Bachelor's,Finance,Single,Noida,Full-Time,2023-09-27,15,8,3,22,5,18000,4,3,3,Yes,Travel_Frequently,17,4,138,26,3.0,Naukri,14,No
EMP11207,55,Male,Operations,Operations Analyst,Bachelor's,Marketing,Married,Ahmedabad,Full-Time,2018-03-08,5,1,0,30,2,35100,3,3,4,Yes,Travel_Rarely,28,4,133,98,3.0,Campus Hiring,31,No
EMP11208,23,Female,Sales,Sales Manager,Bachelor's,Business,Married,Delhi,Full-Time,2025-04-07,0,0,1,0,1,24900,1,4,3,No,Travel_Rarely,24,6,250,36,2.3,Campus Hiring,18,No
EMP11209,24,Male,HR,HR Manager,Bachelor's,Finance,Single,Ahmedabad,Full-Time,2017-08-31,4,1,7,4,2,18000,2,5,3,Yes,Travel_Rarely,24,5,227,76,3.3,LinkedIn,22,No
EMP11210,57,Female,Engineering,Project Engineer,Bachelor's,Engineering,Single,Delhi,Contract,2021-07-05,6,6,0,37,3,18000,2,1,3,Yes,Travel_Rarely,28,2,260,65,1.7,Campus Hiring,25,No
EMP11211,60,Male,Sales,Sales Executive,Bachelor's,Human Resources,Divorced,Mumbai,Full-Time,2023-10-11,0,0,5,36,1,38500,2,3,4,No,Travel_Rarely,13,5,212,33,2.3,Company Website,26,No
EMP11212,55,Female,Sales,Sales Representative,Diploma,Business,Divorced,Ahmedabad,Full-Time,2020-06-19,3,1,1,31,2,24000,3,5,3,No,Travel_Rarely,11,6,163,34,3.7,Company Website,41,No
EMP11213,51,Female,IT,Data Analyst,Master's,Engineering,Married,Chennai,Full-Time,2024-05-20,12,1,7,26,5,42000,5,2,5,Yes,Travel_Frequently,4,4,234,19,3.3,LinkedIn,28,Yes
EMP11214,45,Female,Operations,Process Associate,Master's,Business,Married,Kolkata,Full-Time,2018-12-16,14,3,6,19,5,36400,3,2,3,No,Non-Travel,29,4,236,45,2.7,Employee Referral,19,No
EMP11215,60,Male,Operations,Operations Analyst,Master's,Finance,Married,Bengaluru,Full-Time,2024-09-29,0,0,2,33,1,18000,1,1,1,No,Non-Travel,7,1,172,91,2.0,LinkedIn,17,No
EMP11216,33,Female,HR,HR Manager,Master's,Other,Single,Pune,Full-Time,2019-08-06,5,1,4,7,2,32800,2,3,3,No,Travel_Rarely,19,5,141,54,3.3,Naukri,39,No
EMP11217,24,Male,IT,Software Engineer,Bachelor's,Marketing,Single,Gurugram,Full-Time,2023-03-30,4,2,7,4,2,28400,3,2,3,Yes,Travel_Rarely,24,6,145,26,2.3,LinkedIn,19,No
EMP11218,34,Male,Operations,Operations Analyst,Diploma,Finance,Married,Ahmedabad,Full-Time,2024-04-08,7,6,4,7,3,18000,2,5,4,No,Travel_Rarely,7,2,191,87,3.7,Company Website,29,No
EMP11219,33,Female,Marketing,Marketing Manager,Bachelor's,Human Resources,Single,Chennai,Full-Time,2019-08-26,3,0,7,8,2,18000,1,5,3,No,Travel_Rarely,14,7,146,67,3.7,Employee Referral,26,No
EMP11220,47,Female,HR,HR Analyst,Bachelor's,Other,Single,Bengaluru,Full-Time,2025-12-13,0,0,4,27,1,66000,4,2,3,No,Travel_Frequently,21,7,144,92,2.7,Recruitment Agency,28,No
EMP11221,26,Male,Engineering,Engineering Manager,Bachelor's,Computer Science,Single,Mumbai,Full-Time,2025-01-12,2,2,0,2,1,18000,4,3,2,Yes,Travel_Frequently,16,7,155,91,3.0,Employee Referral,37,No
EMP11222,37,Female,IT,Data Analyst,Bachelor's,Other,Single,Bengaluru,Full-Time,2021-08-15,11,2,3,14,4,26500,4,1,3,Yes,Travel_Rarely,21,4,174,32,2.3,Recruitment Agency,27,Yes
EMP11223,56,Male,Sales,Sales Executive,Bachelor's,Other,Married,Chennai,Full-Time,2025-08-15,3,3,6,35,2,20200,2,3,4,No,Travel_Rarely,9,1,259,17,3.3,Employee Referral,31,No
EMP11224,60,Female,Engineering,Electrical Engineer,Bachelor's,Engineering,Married,Pune,Part-Time,2016-11-05,11,3,4,33,4,23900,3,4,3,Yes,Travel_Rarely,22,1,274,59,3.0,Naukri,27,No
EMP11225,55,Male,Sales,Sales Representative,Master's,Business,Married,Gurugram,Full-Time,2018-02-23,5,5,7,34,2,20800,2,2,2,Yes,Travel_Rarely,22,7,194,25,2.7,Company Website,20,No
EMP11226,37,Female,Marketing,Marketing Manager,Bachelor's,Marketing,Single,Ahmedabad,Full-Time,2021-04-29,12,2,7,17,5,34000,5,4,2,Yes,Travel_Rarely,2,3,223,98,3.7,Company Website,28,No
EMP11227,22,Male,Finance,Finance Executive,Bachelor's,Engineering,Married,Mumbai,Full-Time,2023-12-13,0,0,7,0,1,33600,3,2,3,No,Travel_Rarely,27,2,159,52,3.0,Company Website,18,No
EMP11228,33,Female,HR,Recruiter,Bachelor's,Marketing,Married,Mumbai,Full-Time,2018-06-23,7,7,5,9,3,23200,1,1,4,Yes,Travel_Rarely,16,7,197,92,1.7,Company Website,14,Yes
EMP11229,22,Male,Engineering,Project Engineer,Bachelor's,Engineering,Married,Hyderabad,Full-Time,2018-10-22,0,0,7,0,1,18000,4,3,4,Yes,Travel_Frequently,5,1,235,91,4.0,Employee Referral,29,No
EMP11230,48,Female,Sales,Business Development Executive,Master's,Finance,Married,Kolkata,Full-Time,2020-06-14,12,1,7,26,5,18000,3,3,1,No,Travel_Rarely,12,2,173,55,3.3,LinkedIn,28,No
EMP11231,46,Female,Engineering,Project Engineer,Master's,Other,Single,Pune,Contract,2023-09-22,10,4,1,25,4,18000,3,2,3,Yes,Travel_Rarely,20,7,225,58,2.3,Employee Referral,27,Yes
EMP11232,42,Female,HR,HR Manager,Bachelor's,Human Resources,Married,Noida,Full-Time,2023-09-02,8,5,1,19,3,18900,4,5,3,No,Travel_Rarely,26,4,189,24,4.3,LinkedIn,24,No
EMP11233,23,Female,HR,HR Executive,Bachelor's,Computer Science,Single,Noida,Contract,2019-10-30,2,2,2,2,1,18000,1,4,4,No,Travel_Rarely,15,7,130,58,3.0,LinkedIn,23,No
EMP11234,55,Female,IT,IT Support Specialist,Master's,Engineering,Single,Chennai,Full-Time,2025-01-30,7,4,7,35,3,24300,2,3,3,No,Travel_Rarely,3,3,148,30,2.7,Company Website,14,No
EMP11235,32,Female,Marketing,Content Strategist,Bachelor's,Other,Married,Chennai,Part-Time,2025-09-13,9,8,0,9,4,25200,2,3,3,No,Travel_Rarely,9,6,162,84,3.3,Company Website,7,No
EMP11236,44,Male,Finance,Financial Analyst,Bachelor's,Marketing,Single,Kolkata,Full-Time,2020-06-02,9,6,1,22,4,34600,3,2,3,No,Travel_Rarely,27,2,220,15,2.7,LinkedIn,32,No
EMP11237,25,Female,Engineering,Project Engineer,Bachelor's,Finance,Single,Hyderabad,Part-Time,2018-04-02,0,0,1,0,1,18000,4,5,3,No,Travel_Rarely,28,6,153,64,4.7,Company Website,32,Yes
EMP11238,40,Female,Sales,Sales Executive,Bachelor's,Other,Married,Mumbai,Full-Time,2019-08-20,14,0,6,16,5,18000,5,4,3,No,Travel_Rarely,7,3,212,92,4.0,Company Website,22,No
EMP11239,59,Female,Engineering,Electrical Engineer,Bachelor's,Business,Single,Noida,Full-Time,2016-02-27,15,1,2,32,5,43700,1,5,2,No,Travel_Rarely,4,6,254,89,3.7,LinkedIn,37,No
EMP11240,59,Male,IT,System Administrator,Bachelor's,Business,Married,Chennai,Full-Time,2019-06-02,11,2,2,35,4,18000,2,5,3,Yes,Non-Travel,25,2,268,85,3.0,Employee Referral,28,Yes
EMP11241,33,Male,Engineering,Mechanical Engineer,PhD,Human Resources,Married,Hyderabad,Full-Time,2019-12-20,11,1,3,13,4,55400,1,2,3,No,Travel_Rarely,9,6,138,24,2.3,Naukri,27,Yes
EMP11242,32,Female,Operations,Operations Manager,Diploma,Finance,Married,Delhi,Full-Time,2019-05-10,11,2,3,11,4,18000,1,5,3,No,Travel_Rarely,28,2,135,20,3.3,Campus Hiring,42,No
EMP11243,33,Female,Operations,Operations Executive,Bachelor's,Other,Married,Hyderabad,Full-Time,2021-04-24,13,8,3,13,5,18000,1,4,3,No,Non-Travel,15,5,187,48,2.7,Naukri,13,No
EMP11244,30,Male,Engineering,Project Engineer,Master's,Human Resources,Married,Chennai,Contract,2017-06-01,2,2,1,3,1,32200,4,1,3,No,Travel_Rarely,23,3,229,83,2.3,Company Website,24,Yes
EMP11245,53,Male,Operations,Operations Analyst,Master's,Other,Single,Bengaluru,Part-Time,2021-09-08,11,8,2,29,4,28200,4,1,4,Yes,Travel_Rarely,21,2,251,60,2.3,Recruitment Agency,16,No
EMP11246,60,Female,Marketing,Marketing Executive,Bachelor's,Business,Married,Delhi,Part-Time,2016-05-30,15,2,5,33,5,46100,4,4,2,No,Travel_Rarely,29,5,230,46,3.3,Campus Hiring,21,No
EMP11247,36,Male,IT,Data Analyst,Bachelor's,Marketing,Married,Mumbai,Full-Time,2017-07-01,1,0,0,14,1,18000,3,2,4,No,Travel_Frequently,25,5,140,58,2.7,Campus Hiring,23,No
EMP11248,55,Female,IT,System Administrator,Bachelor's,Human Resources,Single,Chennai,Full-Time,2021-11-27,4,4,3,31,2,28000,4,3,3,Yes,Travel_Rarely,30,3,280,66,4.0,LinkedIn,24,No
EMP11249,23,Female,Engineering,Project Engineer,Master's,Computer Science,Married,Delhi,Full-Time,2019-02-18,0,0,5,0,1,21600,3,2,3,No,Travel_Rarely,29,4,130,97,2.3,LinkedIn,14,No
EMP11250,25,Female,Marketing,Content Strategist,Bachelor's,Human Resources,Married,Chennai,Full-Time,2022-04-07,0,0,4,0,1,18000,2,4,4,No,Travel_Rarely,7,3,210,74,2.7,Employee Referral,25,No
EMP11251,46,Female,Operations,Operations Analyst,Bachelor's,Other,Single,Delhi,Part-Time,2018-11-19,0,0,1,19,1,51400,2,5,4,No,Travel_Rarely,25,2,239,26,4.0,Naukri,17,Yes
EMP11252,31,Female,Sales,Business Development Executive,Master's,Finance,Single,Delhi,Contract,2022-11-18,5,1,0,5,2,24500,2,1,2,Yes,Travel_Rarely,11,4,280,72,2.7,Recruitment Agency,35,Yes
EMP11253,27,Male,IT,Software Engineer,Master's,Computer Science,Divorced,Chennai,Full-Time,2022-11-17,2,2,1,2,1,21400,2,5,4,No,Travel_Rarely,19,3,229,23,3.0,Naukri,31,Yes
EMP11254,30,Male,IT,Software Engineer,Diploma,Computer Science,Single,Delhi,Part-Time,2022-04-03,6,4,5,6,3,27000,2,2,3,Yes,Travel_Rarely,11,3,234,47,2.3,Naukri,27,Yes
EMP11255,54,Female,Operations,Operations Manager,Diploma,Finance,Single,Kolkata,Full-Time,2019-10-26,12,3,3,30,5,18000,4,4,3,No,Travel_Rarely,25,3,262,34,3.7,Company Website,20,No
EMP11256,23,Male,Sales,Sales Representative,Diploma,Engineering,Married,Mumbai,Full-Time,2020-09-01,0,0,5,0,1,18000,5,1,2,Yes,Travel_Rarely,1,3,228,46,3.3,Campus Hiring,25,No
EMP11257,28,Male,HR,Recruiter,Bachelor's,Marketing,Divorced,Kolkata,Part-Time,2019-03-18,3,1,5,3,2,19000,4,4,3,No,Travel_Frequently,21,4,138,95,4.0,Naukri,30,No
EMP11258,51,Female,Sales,Sales Executive,Master's,Finance,Single,Pune,Full-Time,2022-08-18,11,5,6,28,4,25400,5,1,3,No,Travel_Rarely,13,2,261,65,3.3,Recruitment Agency,21,No
EMP11259,31,Male,IT,System Administrator,Master's,Marketing,Married,Pune,Full-Time,2017-08-22,10,6,1,10,4,39100,4,1,3,Yes,Travel_Rarely,13,5,186,16,2.7,Company Website,10,No
EMP11260,27,Female,Marketing,Marketing Manager,Bachelor's,Other,Single,Ahmedabad,Full-Time,2023-01-07,0,0,3,0,1,18000,2,1,3,No,Travel_Rarely,2,3,253,20,2.3,Campus Hiring,30,No
EMP11261,22,Male,HR,HR Executive,PhD,Computer Science,Single,Gurugram,Full-Time,2025-08-05,0,0,1,0,1,18000,1,2,3,No,Non-Travel,17,5,135,83,1.7,Company Website,29,Yes
EMP11262,26,Male,Operations,Operations Executive,Bachelor's,Computer Science,Divorced,Delhi,Full-Time,2022-04-18,2,0,3,2,1,27600,5,4,5,Yes,Travel_Rarely,30,5,271,87,4.0,Employee Referral,27,No
EMP11263,52,Female,Finance,Accountant,Master's,Engineering,Married,Kolkata,Full-Time,2020-02-05,4,4,6,26,2,20700,1,3,3,No,Travel_Rarely,19,5,192,44,2.3,LinkedIn,17,No
EMP11264,40,Male,Sales,Business Development Executive,Diploma,Computer Science,Single,Delhi,Contract,2023-02-23,12,2,7,20,5,18000,2,3,3,No,Non-Travel,23,3,247,45,3.0,Campus Hiring,33,Yes
EMP11265,54,Female,IT,Software Engineer,Bachelor's,Finance,Single,Pune,Part-Time,2023-01-27,0,0,2,30,1,18000,5,3,4,Yes,Travel_Rarely,15,3,194,79,3.3,Company Website,34,Yes
EMP11266,36,Female,IT,Software Engineer,Master's,Other,Single,Gurugram,Full-Time,2024-07-14,7,7,2,16,3,20300,1,4,2,No,Travel_Rarely,19,6,181,61,2.3,Naukri,27,No
EMP11267,45,Male,Finance,Finance Executive,Master's,Marketing,Married,Delhi,Full-Time,2023-04-29,12,3,6,22,5,20500,4,5,3,No,Travel_Rarely,10,3,194,78,4.0,LinkedIn,20,No
EMP11268,32,Female,Sales,Sales Executive,Master's,Engineering,Single,Pune,Full-Time,2025-11-19,3,3,6,8,2,22900,2,4,3,No,Travel_Rarely,10,7,254,51,3.0,Employee Referral,21,Yes
EMP11269,27,Female,Marketing,Marketing Executive,Bachelor's,Human Resources,Single,Bengaluru,Full-Time,2017-08-29,0,0,6,0,1,18000,4,1,3,No,Travel_Rarely,27,3,229,80,3.0,LinkedIn,20,No
EMP11270,59,Male,HR,HR Manager,Diploma,Finance,Single,Gurugram,Full-Time,2017-03-10,15,3,7,33,5,20800,4,5,4,Yes,Travel_Rarely,9,1,265,24,3.7,LinkedIn,20,No
EMP11271,37,Male,Operations,Operations Analyst,Master's,Marketing,Divorced,Bengaluru,Full-Time,2023-04-12,4,3,6,14,2,33700,2,1,3,No,Travel_Rarely,19,2,225,30,2.0,LinkedIn,21,No
EMP11272,31,Other,Engineering,Engineering Manager,Bachelor's,Marketing,Single,Gurugram,Full-Time,2022-05-12,1,1,2,8,1,18000,5,1,3,No,Travel_Rarely,11,1,137,91,3.7,LinkedIn,27,No
EMP11273,26,Male,Operations,Operations Analyst,Master's,Business,Single,Mumbai,Full-Time,2023-12-05,5,5,2,5,2,19400,3,4,3,No,Travel_Rarely,6,6,143,10,3.0,Employee Referral,32,No
EMP11274,43,Male,IT,IT Support Specialist,Master's,Business,Single,Ahmedabad,Part-Time,2020-03-11,11,4,6,19,4,18000,3,3,2,No,Travel_Frequently,2,7,153,77,3.7,Naukri,37,No
EMP11275,47,Male,Sales,Sales Executive,Bachelor's,Finance,Married,Bengaluru,Full-Time,2024-09-01,12,7,2,27,5,21700,2,5,3,No,Non-Travel,24,4,222,20,3.3,LinkedIn,16,No
EMP11276,26,Female,IT,IT Support Specialist,Bachelor's,Engineering,Single,Delhi,Full-Time,2020-09-30,0,0,4,6,1,18000,3,2,3,No,Travel_Rarely,10,7,154,19,3.0,Naukri,17,No
EMP11277,58,Male,HR,Recruiter,Bachelor's,Marketing,Married,Delhi,Full-Time,2024-10-22,8,3,1,34,3,23400,1,3,4,No,Travel_Rarely,15,1,263,54,2.3,Company Website,32,No
EMP11278,22,Male,Engineering,Engineering Manager,Bachelor's,Marketing,Married,Hyderabad,Full-Time,2024-01-30,0,0,5,0,1,45800,5,2,4,No,Non-Travel,5,1,258,65,3.3,Company Website,16,No
EMP11279,42,Male,IT,System Administrator,Bachelor's,Finance,Divorced,Pune,Full-Time,2017-10-28,1,1,6,21,1,18000,4,4,3,No,Travel_Rarely,18,1,216,28,4.3,Naukri,14,No
EMP11280,40,Male,Sales,Sales Manager,Bachelor's,Engineering,Single,Bengaluru,Part-Time,2018-02-20,5,4,2,19,2,18000,4,5,2,No,Travel_Rarely,30,2,162,51,4.0,Company Website,16,No
EMP11281,45,Male,Marketing,Digital Marketing Specialist,Bachelor's,Human Resources,Divorced,Mumbai,Contract,2019-11-26,0,0,4,24,1,18000,2,4,5,Yes,Travel_Frequently,30,5,271,50,3.3,Naukri,22,Yes
EMP11282,35,Female,Operations,Operations Manager,PhD,Computer Science,Single,Delhi,Full-Time,2018-04-12,15,4,6,15,5,25400,4,2,1,No,Travel_Rarely,7,4,185,29,3.7,Campus Hiring,39,Yes
EMP11283,49,Female,Sales,Sales Manager,Diploma,Human Resources,Married,Bengaluru,Full-Time,2022-12-26,0,0,4,26,1,18000,1,1,5,No,Travel_Frequently,3,4,157,36,2.3,LinkedIn,23,Yes
EMP11284,28,Male,IT,Software Engineer,Master's,Engineering,Single,Delhi,Full-Time,2025-07-18,2,2,1,2,1,18600,1,4,4,Yes,Travel_Rarely,30,7,158,21,3.0,Campus Hiring,26,Yes
EMP11285,57,Male,Finance,Finance Executive,Master's,Computer Science,Single,Ahmedabad,Part-Time,2022-05-12,3,3,7,32,2,18000,2,5,4,No,Travel_Rarely,21,2,152,87,4.0,Naukri,13,No
EMP11286,53,Female,Sales,Sales Executive,Diploma,Other,Single,Ahmedabad,Full-Time,2016-11-21,8,3,1,26,3,18000,4,4,3,No,Travel_Rarely,27,6,167,73,4.0,Employee Referral,34,No
EMP11287,42,Female,IT,Software Engineer,Bachelor's,Other,Married,Chennai,Full-Time,2025-02-09,10,8,3,21,4,25600,3,3,3,No,Non-Travel,25,7,172,47,3.7,Naukri,32,No
EMP11288,25,Female,Finance,Finance Manager,Bachelor's,Marketing,Single,Bengaluru,Full-Time,2017-07-10,4,4,3,5,2,28200,3,4,3,No,Non-Travel,16,1,139,75,3.3,Naukri,20,No
EMP11289,59,Female,IT,Software Engineer,Master's,Business,Married,Hyderabad,Full-Time,2017-05-27,6,6,7,39,3,18000,5,2,4,No,Travel_Rarely,17,5,156,67,3.3,Employee Referral,18,No
EMP11290,38,Female,IT,Software Engineer,Master's,Business,Married,Gurugram,Full-Time,2024-10-23,0,0,2,11,1,25500,2,4,2,Yes,Non-Travel,2,7,265,91,2.7,Employee Referral,33,Yes
EMP11291,58,Male,Finance,Finance Manager,Master's,Other,Single,Ahmedabad,Full-Time,2022-05-31,5,2,0,35,2,90700,5,5,4,No,Travel_Frequently,16,7,214,94,5.0,Naukri,22,No
EMP11292,57,Other,IT,IT Support Specialist,Master's,Finance,Divorced,Pune,Full-Time,2022-08-19,7,4,3,30,3,44100,3,4,3,No,Travel_Rarely,21,3,142,20,3.7,Company Website,18,No
EMP11293,50,Female,Marketing,Digital Marketing Specialist,Bachelor's,Other,Single,Pune,Full-Time,2020-08-17,13,2,0,26,5,18000,3,4,3,No,Travel_Rarely,30,7,187,39,3.7,LinkedIn,21,Yes
EMP11294,51,Male,Operations,Operations Analyst,Bachelor's,Human Resources,Single,Gurugram,Full-Time,2016-02-25,0,0,5,27,1,23400,3,5,4,Yes,Travel_Rarely,20,2,132,73,4.3,Recruitment Agency,26,No
EMP11295,30,Male,Engineering,Electrical Engineer,Master's,Engineering,Single,Ahmedabad,Full-Time,2018-06-30,4,4,3,4,2,21700,5,4,3,No,Travel_Frequently,1,6,229,92,4.0,Campus Hiring,31,No
EMP11296,35,Female,HR,HR Analyst,Bachelor's,Engineering,Married,Ahmedabad,Part-Time,2021-06-20,2,2,5,8,1,27100,2,5,3,No,Travel_Frequently,14,5,233,57,3.7,Naukri,27,No
EMP11297,38,Male,IT,Software Engineer,Bachelor's,Computer Science,Married,Ahmedabad,Full-Time,2025-01-10,0,0,4,12,1,18200,1,2,2,No,Travel_Rarely,16,6,134,49,1.7,Employee Referral,26,No
EMP11298,43,Female,IT,Data Analyst,Master's,Other,Married,Hyderabad,Part-Time,2020-03-22,0,0,4,22,1,19500,1,5,2,No,Travel_Rarely,23,2,151,77,3.3,Naukri,22,No
EMP11299,53,Female,Marketing,Content Strategist,Bachelor's,Finance,Single,Gurugram,Full-Time,2016-01-20,12,2,5,27,5,18000,3,2,2,No,Non-Travel,9,2,195,30,3.0,Employee Referral,25,No
EMP11300,36,Male,Operations,Operations Executive,Bachelor's,Engineering,Married,Ahmedabad,Full-Time,2024-11-04,13,6,4,15,5,36100,2,2,3,No,Non-Travel,17,3,218,14,2.7,Company Website,20,No
EMP11301,58,Male,IT,System Administrator,Bachelor's,Finance,Single,Pune,Full-Time,2025-09-11,10,2,5,33,4,25300,2,5,3,No,Non-Travel,8,6,169,45,3.0,Company Website,22,No
EMP11302,55,Male,Engineering,Electrical Engineer,Diploma,Computer Science,Single,Chennai,Full-Time,2023-12-09,5,2,0,29,2,25400,4,4,4,No,Non-Travel,9,5,217,100,3.3,LinkedIn,37,No
EMP11303,54,Male,IT,Software Engineer,Bachelor's,Human Resources,Single,Delhi,Full-Time,2023-03-23,10,1,2,31,4,38100,4,3,4,Yes,Travel_Frequently,2,6,251,16,3.7,Recruitment Agency,24,No
EMP11304,48,Male,Sales,Sales Representative,Bachelor's,Marketing,Married,Kolkata,Full-Time,2018-07-09,5,5,5,27,2,38400,5,5,3,No,Travel_Frequently,13,7,134,69,4.0,Campus Hiring,21,No
EMP11305,22,Male,Operations,Operations Analyst,Master's,Finance,Single,Hyderabad,Full-Time,2022-08-10,0,0,3,0,1,35200,4,4,2,No,Travel_Rarely,1,6,273,65,3.7,Campus Hiring,18,No
EMP11306,50,Male,Engineering,Electrical Engineer,Bachelor's,Business,Married,Delhi,Full-Time,2016-01-01,13,5,3,30,5,37900,5,2,3,No,Travel_Rarely,22,1,246,40,3.7,Naukri,5,No
EMP11307,33,Male,Operations,Operations Executive,Master's,Marketing,Single,Noida,Full-Time,2024-02-08,12,1,7,12,5,44500,1,1,4,No,Travel_Rarely,30,6,144,93,1.3,Naukri,43,No
EMP11308,36,Male,Engineering,Project Engineer,Master's,Engineering,Married,Ahmedabad,Full-Time,2018-04-27,2,2,0,16,1,18000,3,3,3,Yes,Travel_Rarely,7,5,204,34,2.7,Company Website,44,No
EMP11309,25,Male,Finance,Financial Analyst,Bachelor's,Human Resources,Single,Hyderabad,Contract,2019-06-06,3,3,5,3,2,19300,2,4,5,No,Travel_Frequently,18,7,209,65,2.7,Campus Hiring,30,No
EMP11310,48,Male,Engineering,Electrical Engineer,Bachelor's,Computer Science,Divorced,Pune,Full-Time,2017-12-25,9,4,4,25,4,30300,1,3,1,Yes,Travel_Rarely,21,5,147,98,2.3,Recruitment Agency,15,No
EMP11311,59,Female,IT,Software Engineer,Bachelor's,Computer Science,Single,Noida,Part-Time,2019-07-30,2,2,7,37,1,18000,1,1,4,Yes,Travel_Rarely,5,1,231,90,1.3,Naukri,49,Yes
EMP11312,40,Male,Engineering,Engineering Manager,Bachelor's,Business,Single,Noida,Full-Time,2018-01-29,2,2,2,19,1,18700,5,1,3,No,Travel_Rarely,7,3,261,88,3.7,Employee Referral,11,No
EMP11313,44,Female,Sales,Sales Manager,Bachelor's,Finance,Single,Kolkata,Full-Time,2019-02-16,2,2,3,24,1,24000,3,1,4,No,Travel_Frequently,12,5,182,83,3.0,Employee Referral,28,No
EMP11314,47,Female,Engineering,Mechanical Engineer,Bachelor's,Business,Married,Kolkata,Full-Time,2021-03-29,11,1,7,26,4,19900,5,5,3,Yes,Travel_Rarely,27,6,187,43,4.3,Naukri,9,No
EMP11315,50,Male,Sales,Business Development Executive,Master's,Finance,Single,Noida,Part-Time,2016-08-14,6,6,7,28,3,22700,1,3,3,No,Travel_Rarely,17,6,241,53,2.3,Naukri,5,No
EMP11316,47,Male,Marketing,Content Strategist,Bachelor's,Business,Single,Ahmedabad,Full-Time,2024-06-22,3,3,2,20,2,18000,2,5,3,No,Non-Travel,26,1,214,16,3.0,LinkedIn,26,Yes
EMP11317,46,Female,Sales,Business Development Executive,Bachelor's,Business,Single,Kolkata,Full-Time,2017-12-02,3,3,2,19,2,21700,4,1,4,Yes,Travel_Rarely,24,2,204,60,2.7,Employee Referral,27,Yes
EMP11318,27,Male,Operations,Operations Manager,PhD,Computer Science,Single,Pune,Full-Time,2016-11-03,2,0,1,6,1,23400,5,4,3,No,Travel_Rarely,5,2,187,34,3.7,Campus Hiring,25,Yes
EMP11319,58,Female,IT,Software Engineer,Bachelor's,Finance,Married,Mumbai,Contract,2025-04-01,9,2,2,33,4,45600,1,1,2,No,Travel_Rarely,12,7,245,37,1.3,Campus Hiring,37,Yes
EMP11320,25,Male,IT,System Administrator,Master's,Business,Divorced,Kolkata,Full-Time,2024-03-28,1,1,5,1,1,19500,4,5,3,Yes,Travel_Frequently,19,1,188,51,3.7,Employee Referral,24,No
EMP11321,43,Male,HR,Recruiter,Diploma,Human Resources,Married,Chennai,Full-Time,2023-03-01,8,4,6,21,3,18000,4,1,3,No,Travel_Rarely,13,2,159,36,3.3,Naukri,31,No
EMP11322,48,Male,IT,System Administrator,Bachelor's,Human Resources,Married,Chennai,Full-Time,2020-02-26,1,1,1,27,1,30400,1,1,3,No,Travel_Rarely,16,5,197,46,2.3,Employee Referral,17,Yes
EMP11323,54,Female,Engineering,Project Engineer,PhD,Engineering,Single,Kolkata,Full-Time,2020-03-11,3,3,7,34,2,18000,3,5,5,Yes,Travel_Rarely,29,1,204,64,4.0,Campus Hiring,36,No
EMP11324,35,Male,HR,HR Executive,Bachelor's,Human Resources,Married,Delhi,Full-Time,2025-04-05,7,0,6,14,3,19100,1,5,3,No,Travel_Rarely,25,6,197,47,3.0,Employee Referral,36,No
EMP11325,52,Female,Engineering,Project Engineer,Master's,Other,Married,Mumbai,Full-Time,2021-01-18,5,5,0,25,2,18000,2,4,3,No,Travel_Rarely,27,7,260,65,3.7,Naukri,22,Yes
EMP11326,46,Female,Finance,Finance Manager,Master's,Human Resources,Single,Bengaluru,Full-Time,2019-01-17,13,0,4,26,5,24800,4,5,3,No,Non-Travel,19,7,186,43,4.0,Recruitment Agency,27,No
EMP11327,51,Female,IT,System Administrator,Master's,Human Resources,Single,Delhi,Full-Time,2025-02-28,6,5,1,27,3,38600,2,4,4,No,Non-Travel,23,5,170,38,2.7,Campus Hiring,18,No
EMP11328,39,Female,Operations,Operations Analyst,Master's,Computer Science,Married,Hyderabad,Full-Time,2023-04-22,15,6,6,18,5,44300,5,2,4,Yes,Non-Travel,10,4,133,57,3.3,Recruitment Agency,22,Yes
EMP11329,29,Male,Marketing,Marketing Executive,Bachelor's,Computer Science,Divorced,Mumbai,Full-Time,2017-10-14,3,2,2,3,2,24600,4,2,3,No,Travel_Rarely,12,3,168,81,2.7,Recruitment Agency,31,Yes
EMP11330,49,Male,Sales,Sales Executive,Bachelor's,Computer Science,Single,Bengaluru,Full-Time,2018-03-07,6,0,4,22,3,18000,3,5,3,No,Travel_Rarely,7,6,238,86,3.7,Naukri,28,No
EMP11331,59,Female,Sales,Business Development Executive,PhD,Computer Science,Divorced,Gurugram,Full-Time,2017-04-24,1,1,2,33,1,18000,1,1,3,No,Travel_Rarely,14,6,235,55,2.3,Campus Hiring,8,No
EMP11332,24,Female,Operations,Operations Executive,Bachelor's,Business,Single,Hyderabad,Full-Time,2024-01-28,0,0,2,0,1,18400,5,3,3,Yes,Travel_Rarely,10,3,237,46,3.7,Company Website,14,No
EMP11333,23,Female,HR,Recruiter,Bachelor's,Other,Married,Kolkata,Full-Time,2025-08-29,1,1,1,1,1,26000,2,1,3,No,Travel_Rarely,28,3,140,12,1.7,LinkedIn,19,No
EMP11334,49,Male,Engineering,Project Engineer,Master's,Human Resources,Single,Chennai,Contract,2020-11-14,9,5,7,29,4,22600,5,5,3,No,Travel_Rarely,8,1,140,87,5.0,Employee Referral,26,No
EMP11335,31,Male,Engineering,Mechanical Engineer,Bachelor's,Business,Single,Delhi,Full-Time,2018-06-15,5,3,0,5,2,18000,3,4,3,No,Travel_Frequently,15,4,183,96,3.0,Company Website,16,No
EMP11336,53,Male,Marketing,Marketing Manager,Bachelor's,Human Resources,Divorced,Chennai,Full-Time,2024-02-15,2,2,7,28,1,18000,1,1,3,No,Travel_Rarely,26,3,149,96,1.3,Naukri,11,Yes
EMP11337,58,Male,IT,IT Support Specialist,Master's,Computer Science,Married,Noida,Full-Time,2017-08-08,8,3,6,36,3,18000,5,2,3,No,Travel_Rarely,16,5,257,86,4.0,Recruitment Agency,5,No
EMP11338,31,Male,Operations,Operations Manager,Master's,Business,Single,Hyderabad,Full-Time,2019-10-10,11,7,2,11,4,18000,2,5,5,No,Travel_Rarely,8,6,205,59,3.3,LinkedIn,43,No
EMP11339,47,Male,IT,Data Analyst,Master's,Business,Married,Gurugram,Full-Time,2016-09-18,3,3,5,20,2,45700,5,1,3,No,Travel_Rarely,4,3,248,30,3.3,Recruitment Agency,26,Yes
EMP11340,53,Male,IT,System Administrator,Bachelor's,Finance,Married,Ahmedabad,Full-Time,2019-04-14,9,1,7,26,4,18000,1,1,3,Yes,Travel_Rarely,30,4,143,57,2.0,LinkedIn,11,No
EMP11341,41,Female,HR,HR Executive,Master's,Engineering,Divorced,Bengaluru,Full-Time,2022-09-17,12,6,7,14,5,22600,5,4,4,No,Travel_Frequently,17,5,252,67,4.0,Naukri,33,No
EMP11342,59,Male,Sales,Business Development Executive,Bachelor's,Finance,Single,Noida,Part-Time,2025-01-14,1,1,1,35,1,34100,2,4,3,Yes,Travel_Rarely,4,5,154,40,3.0,Naukri,37,Yes
EMP11343,51,Male,Engineering,Project Engineer,Master's,Marketing,Married,Noida,Full-Time,2020-05-30,15,8,7,25,5,24000,1,4,3,No,Travel_Rarely,22,1,235,16,3.3,Employee Referral,26,No
EMP11344,58,Male,Operations,Process Associate,Diploma,Finance,Married,Hyderabad,Full-Time,2019-09-08,5,4,5,31,2,18000,3,3,4,No,Travel_Rarely,26,1,235,66,2.7,Naukri,30,Yes
EMP11345,22,Male,Operations,Operations Executive,Master's,Engineering,Divorced,Delhi,Full-Time,2017-11-25,0,0,5,0,1,34300,3,5,2,Yes,Travel_Frequently,11,2,232,45,4.3,Recruitment Agency,36,Yes
EMP11346,47,Female,Sales,Sales Executive,Bachelor's,Engineering,Married,Ahmedabad,Full-Time,2023-10-04,5,5,6,20,2,25800,4,5,3,No,Travel_Rarely,13,4,139,92,4.7,Employee Referral,29,No
EMP11347,56,Male,Finance,Accountant,Bachelor's,Finance,Divorced,Ahmedabad,Full-Time,2022-05-13,12,7,2,35,5,18000,5,2,3,No,Travel_Rarely,6,7,143,95,3.0,Campus Hiring,30,No
EMP11348,31,Female,Finance,Financial Analyst,Master's,Human Resources,Married,Chennai,Full-Time,2023-06-17,7,0,6,7,3,38600,2,2,3,No,Travel_Rarely,22,5,262,33,2.0,LinkedIn,10,No
EMP11349,38,Female,Engineering,Mechanical Engineer,Bachelor's,Other,Married,Ahmedabad,Full-Time,2025-02-28,9,1,5,18,4,32600,5,5,3,No,Travel_Rarely,14,4,151,33,4.3,Company Website,5,Yes
EMP11350,21,Female,IT,System Administrator,Master's,Finance,Single,Noida,Part-Time,2022-03-14,0,0,6,1,1,25700,1,1,4,No,Travel_Rarely,28,3,204,65,1.3,Recruitment Agency,32,Yes
EMP11351,55,Female,Engineering,Engineering Manager,Bachelor's,Other,Married,Bengaluru,Part-Time,2021-01-21,15,4,4,35,5,46000,4,5,3,No,Travel_Rarely,7,7,158,94,3.7,Naukri,22,No
EMP11352,55,Female,Marketing,Content Strategist,Master's,Human Resources,Single,Pune,Full-Time,2022-02-15,13,1,0,35,5,32300,2,3,4,No,Travel_Rarely,12,6,264,70,2.7,LinkedIn,20,No
EMP11353,51,Male,Sales,Sales Representative,PhD,Marketing,Single,Gurugram,Full-Time,2018-11-07,7,3,2,30,3,36600,5,2,4,No,Travel_Rarely,27,3,275,86,4.0,Company Website,33,Yes
EMP11354,48,Female,Operations,Process Associate,PhD,Human Resources,Married,Noida,Part-Time,2018-01-13,4,0,5,26,2,35100,2,2,3,Yes,Travel_Rarely,1,6,164,79,2.7,Recruitment Agency,15,No
EMP11355,59,Male,Sales,Sales Executive,Master's,Computer Science,Single,Mumbai,Full-Time,2025-07-17,5,5,0,34,2,31000,1,2,3,Yes,Travel_Rarely,10,2,200,37,1.7,Company Website,24,No
EMP11356,21,Male,Engineering,Project Engineer,Bachelor's,Engineering,Single,Hyderabad,Full-Time,2024-11-29,0,0,6,0,1,18000,4,5,4,Yes,Travel_Rarely,1,5,223,41,4.7,Naukri,25,No
EMP11357,45,Male,Engineering,Engineering Manager,Bachelor's,Computer Science,Single,Noida,Full-Time,2016-08-30,1,1,0,24,1,18000,2,2,2,No,Travel_Rarely,16,6,133,86,3.0,Employee Referral,30,No
EMP11358,58,Male,Sales,Sales Representative,Bachelor's,Human Resources,Married,Kolkata,Full-Time,2019-12-20,15,1,4,38,5,32300,1,2,2,No,Travel_Frequently,7,5,180,87,2.3,Recruitment Agency,27,No
EMP11359,40,Female,HR,Recruiter,Bachelor's,Marketing,Single,Noida,Part-Time,2021-10-01,11,7,4,19,4,38300,3,5,2,No,Travel_Rarely,28,6,223,54,3.3,LinkedIn,27,No
EMP11360,23,Female,Marketing,Content Strategist,Master's,Business,Married,Gurugram,Full-Time,2019-06-03,0,0,3,0,1,18000,2,1,3,No,Non-Travel,20,2,159,78,2.7,LinkedIn,20,No
EMP11361,22,Male,Engineering,Project Engineer,Master's,Business,Single,Ahmedabad,Full-Time,2020-10-03,0,0,0,0,1,18000,4,2,2,No,Travel_Rarely,6,3,223,77,3.7,LinkedIn,21,No
EMP11362,38,Male,HR,HR Analyst,Bachelor's,Human Resources,Single,Kolkata,Full-Time,2023-02-22,5,0,2,18,2,24800,2,2,3,No,Travel_Rarely,22,5,239,87,2.0,LinkedIn,27,No
EMP11363,30,Male,Marketing,Content Strategist,Bachelor's,Computer Science,Married,Delhi,Full-Time,2021-04-02,7,5,4,7,3,18000,2,2,3,No,Travel_Rarely,25,7,203,27,2.0,Naukri,19,No
EMP11364,25,Male,Marketing,Content Strategist,Master's,Other,Married,Bengaluru,Full-Time,2023-09-20,4,4,2,5,2,20400,1,3,1,No,Travel_Rarely,18,6,271,84,3.0,Naukri,17,No
EMP11365,29,Male,Operations,Operations Executive,Diploma,Finance,Single,Chennai,Full-Time,2016-11-14,4,4,0,4,2,18800,5,5,3,Yes,Travel_Rarely,20,4,216,92,4.3,Company Website,36,Yes
EMP11366,22,Male,IT,Software Engineer,Diploma,Engineering,Single,Gurugram,Full-Time,2023-07-17,0,0,4,0,1,19900,5,2,4,No,Non-Travel,4,5,269,11,3.3,Naukri,18,No
EMP11367,54,Female,Operations,Process Associate,Master's,Other,Married,Noida,Full-Time,2019-10-24,3,1,3,29,2,51400,2,3,3,No,Travel_Rarely,23,6,205,12,3.3,Naukri,20,No
EMP11368,58,Male,Engineering,Electrical Engineer,Bachelor's,Computer Science,Married,Chennai,Full-Time,2016-09-04,9,8,0,35,4,18000,4,1,3,No,Travel_Rarely,16,6,155,38,2.3,Recruitment Agency,35,No
EMP11369,51,Male,IT,Software Engineer,Bachelor's,Finance,Married,Hyderabad,Contract,2025-12-18,1,1,2,29,1,22600,4,1,2,No,Travel_Rarely,1,3,263,96,2.3,LinkedIn,18,No
EMP11370,30,Female,HR,HR Executive,Bachelor's,Marketing,Single,Gurugram,Full-Time,2016-06-25,4,4,7,4,2,18000,1,3,3,No,Travel_Rarely,21,5,230,57,2.3,Naukri,27,No
EMP11371,32,Male,Engineering,Mechanical Engineer,Master's,Finance,Married,Ahmedabad,Full-Time,2025-09-17,9,6,3,10,4,33600,2,1,3,No,Non-Travel,30,5,244,74,2.0,Naukri,28,No
EMP11372,56,Female,IT,System Administrator,Master's,Marketing,Divorced,Hyderabad,Full-Time,2020-08-12,15,5,0,35,5,20300,2,4,5,No,Travel_Rarely,27,1,272,51,3.3,Company Website,23,Yes
EMP11373,41,Male,Engineering,Project Engineer,Master's,Computer Science,Married,Chennai,Full-Time,2021-04-15,6,1,4,20,3,37400,5,1,3,Yes,Travel_Frequently,20,6,235,15,3.0,Employee Referral,21,No
EMP11374,26,Female,Sales,Business Development Executive,Bachelor's,Business,Single,Bengaluru,Full-Time,2016-01-13,0,0,5,0,1,18000,1,4,5,No,Travel_Rarely,2,5,232,68,2.3,Campus Hiring,14,No
EMP11375,23,Male,HR,Recruiter,Diploma,Human Resources,Single,Noida,Part-Time,2025-05-25,0,0,0,0,1,21500,3,3,4,No,Travel_Rarely,16,6,276,90,3.0,Company Website,30,No
EMP11376,30,Female,Engineering,Electrical Engineer,Bachelor's,Engineering,Divorced,Chennai,Full-Time,2016-10-15,3,3,1,3,2,23400,4,4,3,No,Travel_Frequently,21,2,233,28,4.3,Campus Hiring,34,No
EMP11377,25,Female,Sales,Sales Representative,Bachelor's,Computer Science,Married,Noida,Full-Time,2017-03-06,0,0,2,0,1,33200,4,1,3,Yes,Travel_Rarely,9,2,206,61,3.0,Campus Hiring,33,No
EMP11378,46,Female,Sales,Sales Representative,Bachelor's,Other,Single,Pune,Full-Time,2023-03-08,7,1,4,26,3,18000,2,2,4,No,Travel_Rarely,15,4,224,70,2.7,LinkedIn,27,Yes
EMP11379,41,Male,Finance,Financial Analyst,Bachelor's,Business,Single,Pune,Full-Time,2019-09-24,6,1,4,15,3,31400,1,4,3,No,Non-Travel,24,5,236,11,2.3,Naukri,6,No
EMP11380,46,Female,Marketing,Marketing Executive,Master's,Marketing,Married,Mumbai,Full-Time,2021-09-12,14,3,1,22,5,18000,3,1,2,Yes,Travel_Rarely,16,4,241,88,3.0,Employee Referral,31,No
EMP11381,58,Female,IT,System Administrator,Bachelor's,Engineering,Divorced,Chennai,Full-Time,2019-09-09,0,0,5,34,1,23000,4,2,3,No,Non-Travel,9,3,181,32,3.0,Recruitment Agency,23,Yes
EMP11382,46,Male,Finance,Finance Executive,Bachelor's,Finance,Married,Delhi,Full-Time,2020-04-23,4,3,3,26,2,33400,1,3,2,No,Non-Travel,7,6,147,28,2.7,Naukri,19,Yes
EMP11383,28,Female,Engineering,Electrical Engineer,Master's,Computer Science,Single,Noida,Full-Time,2020-01-19,1,1,7,8,1,18000,3,3,4,No,Travel_Rarely,10,3,186,79,3.3,Naukri,30,No
EMP11384,25,Male,HR,HR Manager,Bachelor's,Finance,Single,Bengaluru,Full-Time,2019-06-02,3,3,4,3,2,30700,2,5,3,Yes,Travel_Frequently,7,1,162,59,4.0,Campus Hiring,26,Yes
EMP11385,35,Male,Marketing,Marketing Executive,Bachelor's,Engineering,Married,Mumbai,Full-Time,2017-10-02,5,5,6,11,2,25600,5,3,5,No,Non-Travel,30,1,233,70,4.0,LinkedIn,33,Yes
EMP11386,36,Female,Finance,Financial Analyst,Bachelor's,Computer Science,Married,Noida,Full-Time,2016-05-12,6,2,3,13,3,19000,4,5,3,Yes,Travel_Rarely,30,5,261,28,4.7,Employee Referral,27,No
EMP11387,21,Female,Operations,Operations Manager,Bachelor's,Other,Married,Kolkata,Full-Time,2025-09-21,0,0,3,0,1,18000,4,3,4,No,Travel_Rarely,13,5,148,31,3.0,LinkedIn,22,No
EMP11388,36,Female,IT,IT Support Specialist,Bachelor's,Computer Science,Single,Delhi,Full-Time,2025-12-02,9,8,3,9,4,18000,3,3,3,No,Travel_Rarely,2,4,136,12,3.3,LinkedIn,21,No
EMP11389,57,Female,Engineering,Project Engineer,Bachelor's,Other,Single,Chennai,Full-Time,2021-01-28,6,6,5,36,3,21200,5,3,3,Yes,Travel_Rarely,12,4,155,14,3.7,Company Website,30,No
EMP11390,23,Female,Sales,Business Development Executive,PhD,Human Resources,Single,Gurugram,Full-Time,2024-01-23,0,0,0,0,1,19000,1,5,4,No,Travel_Rarely,13,5,216,76,3.7,Employee Referral,12,No
EMP11391,51,Female,HR,HR Executive,Master's,Finance,Married,Mumbai,Contract,2021-05-08,6,3,1,24,3,29400,2,5,4,No,Travel_Rarely,3,7,227,69,3.0,LinkedIn,19,No
EMP11392,33,Female,IT,Software Engineer,Master's,Finance,Single,Pune,Full-Time,2018-09-08,8,4,2,8,3,28100,1,4,3,No,Travel_Rarely,11,5,265,48,2.7,Employee Referral,5,No
EMP11393,36,Male,IT,IT Support Specialist,Bachelor's,Other,Married,Hyderabad,Full-Time,2019-05-29,4,4,1,14,2,35700,3,1,3,No,Non-Travel,26,1,270,37,3.0,LinkedIn,28,No
EMP11394,41,Male,Sales,Sales Representative,Master's,Other,Married,Ahmedabad,Full-Time,2017-02-04,7,2,4,17,3,36200,4,1,3,No,Travel_Rarely,8,1,161,10,2.7,Company Website,30,No
EMP11395,22,Female,Finance,Finance Executive,Master's,Business,Married,Bengaluru,Full-Time,2017-08-28,0,0,1,0,1,91100,4,1,4,Yes,Travel_Frequently,11,1,163,31,3.0,Naukri,17,No
EMP11396,47,Male,Engineering,Engineering Manager,Bachelor's,Human Resources,Single,Ahmedabad,Contract,2017-09-02,14,2,2,21,5,27800,1,3,3,Yes,Travel_Rarely,18,5,275,54,2.0,Employee Referral,14,No
EMP11397,58,Other,Sales,Sales Manager,Master's,Other,Single,Gurugram,Full-Time,2018-12-19,11,6,0,38,4,18000,2,1,4,No,Travel_Frequently,7,4,184,60,2.7,Campus Hiring,33,No
EMP11398,46,Female,HR,HR Analyst,Master's,Finance,Single,Mumbai,Full-Time,2023-05-12,15,7,4,20,5,31900,3,5,3,Yes,Travel_Rarely,12,2,172,90,4.3,LinkedIn,18,No
EMP11399,58,Male,Marketing,Marketing Manager,Master's,Marketing,Single,Delhi,Full-Time,2016-05-11,15,0,0,32,5,45400,2,4,2,Yes,Travel_Rarely,6,2,278,60,2.7,LinkedIn,30,No
EMP11400,45,Female,Operations,Operations Manager,Diploma,Business,Married,Delhi,Full-Time,2017-01-27,7,6,4,21,3,27300,3,2,4,No,Travel_Rarely,28,4,275,37,2.7,Recruitment Agency,24,No
EMP11401,31,Male,IT,Software Engineer,Bachelor's,Finance,Married,Ahmedabad,Full-Time,2018-03-23,6,6,2,8,3,18000,2,4,3,Yes,Travel_Rarely,10,4,271,39,2.7,Naukri,19,Yes
EMP11402,28,Male,IT,Data Analyst,Master's,Computer Science,Married,Pune,Part-Time,2024-02-23,5,2,0,6,2,28300,1,1,3,Yes,Travel_Rarely,20,7,148,17,1.3,Company Website,29,No
EMP11403,28,Female,IT,IT Support Specialist,Master's,Finance,Married,Kolkata,Part-Time,2017-08-03,1,1,2,1,1,18000,5,1,4,Yes,Non-Travel,27,4,186,100,2.7,LinkedIn,24,No
EMP11404,53,Male,Operations,Process Associate,PhD,Human Resources,Single,Hyderabad,Full-Time,2021-08-23,5,5,2,26,2,18000,3,5,4,Yes,Travel_Rarely,15,1,209,50,3.3,Recruitment Agency,37,No
EMP11405,27,Female,Operations,Operations Analyst,Master's,Other,Married,Noida,Full-Time,2022-10-18,0,0,5,0,1,24000,1,4,3,No,Non-Travel,20,3,131,34,3.0,Recruitment Agency,17,No
EMP11406,58,Male,Sales,Business Development Executive,Master's,Engineering,Single,Mumbai,Full-Time,2022-11-26,11,7,1,38,4,18000,4,5,4,Yes,Travel_Rarely,15,7,178,68,4.7,LinkedIn,12,No
EMP11407,41,Female,Engineering,Electrical Engineer,Master's,Business,Divorced,Bengaluru,Full-Time,2022-01-07,14,4,4,16,5,34900,4,5,3,No,Travel_Frequently,19,5,219,86,4.0,Company Website,24,No
EMP11408,28,Female,Engineering,Electrical Engineer,Master's,Other,Single,Ahmedabad,Part-Time,2022-11-22,5,2,3,5,2,30600,2,2,5,No,Travel_Rarely,30,1,151,43,2.3,Campus Hiring,28,No
EMP11409,41,Female,Marketing,Content Strategist,Diploma,Computer Science,Married,Kolkata,Full-Time,2017-02-14,8,3,3,16,3,21200,4,5,4,No,Travel_Rarely,6,2,220,48,3.7,Naukri,22,No
EMP11410,40,Female,Engineering,Mechanical Engineer,Bachelor's,Finance,Single,Pune,Full-Time,2016-12-10,14,3,0,19,5,18000,5,5,3,Yes,Travel_Rarely,19,5,158,80,4.0,Naukri,40,No
EMP11411,28,Male,HR,HR Analyst,Diploma,Other,Single,Chennai,Full-Time,2018-03-14,1,1,2,6,1,20300,3,2,2,No,Travel_Rarely,15,4,135,95,2.7,Naukri,35,No
EMP11412,51,Female,IT,System Administrator,Bachelor's,Other,Married,Bengaluru,Full-Time,2024-12-11,0,0,1,28,1,18000,2,3,3,No,Travel_Rarely,25,6,252,55,2.7,LinkedIn,19,Yes
EMP11413,49,Male,HR,HR Manager,Master's,Engineering,Divorced,Chennai,Full-Time,2023-02-04,10,6,4,26,4,21300,3,3,3,Yes,Travel_Rarely,20,7,214,47,3.3,Campus Hiring,25,No
EMP11414,29,Female,IT,Data Analyst,Bachelor's,Business,Single,Ahmedabad,Full-Time,2019-01-01,2,2,0,2,1,18000,3,2,3,Yes,Travel_Rarely,20,7,252,42,2.3,Company Website,8,No
EMP11415,35,Female,Sales,Sales Representative,Master's,Business,Married,Gurugram,Full-Time,2016-07-12,4,4,2,10,2,22900,1,5,3,No,Travel_Frequently,18,2,233,31,3.0,Company Website,33,Yes
EMP11416,50,Female,Engineering,Mechanical Engineer,Bachelor's,Other,Single,Ahmedabad,Contract,2018-07-26,10,2,5,30,4,23200,4,1,3,No,Travel_Rarely,2,4,143,36,3.3,Naukri,18,No
EMP11417,46,Male,IT,IT Support Specialist,Bachelor's,Business,Single,Delhi,Full-Time,2025-12-12,5,2,3,25,2,32200,3,4,4,No,Travel_Rarely,7,6,199,72,3.7,Campus Hiring,26,No
EMP11418,30,Male,IT,System Administrator,Master's,Computer Science,Married,Ahmedabad,Full-Time,2020-05-11,2,2,3,3,1,25200,5,1,3,No,Travel_Rarely,5,4,268,36,3.3,Campus Hiring,22,No
EMP11419,49,Male,Sales,Sales Representative,Master's,Finance,Single,Gurugram,Full-Time,2023-04-30,15,1,4,22,5,34200,5,1,3,Yes,Travel_Rarely,3,4,231,30,2.7,Company Website,11,No
EMP11420,36,Male,Engineering,Mechanical Engineer,Master's,Computer Science,Married,Gurugram,Contract,2019-04-30,7,0,4,9,3,28200,4,5,3,No,Non-Travel,6,5,198,62,4.3,Recruitment Agency,32,No
EMP11421,56,Female,Finance,Finance Manager,Master's,Marketing,Single,Noida,Full-Time,2022-10-13,6,0,4,31,3,35100,4,4,4,Yes,Travel_Frequently,6,2,208,44,4.0,LinkedIn,14,Yes
EMP11422,40,Male,Sales,Sales Representative,Diploma,Finance,Single,Hyderabad,Full-Time,2025-10-12,1,1,0,17,1,71700,2,4,3,No,Travel_Frequently,1,2,167,56,3.7,Campus Hiring,19,No
EMP11423,57,Male,IT,System Administrator,Master's,Marketing,Single,Delhi,Full-Time,2022-03-14,15,2,4,35,5,26600,2,3,4,Yes,Travel_Frequently,19,4,191,59,3.0,Company Website,32,Yes
EMP11424,42,Female,IT,Software Engineer,Master's,Finance,Married,Ahmedabad,Full-Time,2024-05-26,11,4,7,19,4,23900,2,2,2,Yes,Travel_Frequently,12,1,209,19,3.0,Naukri,15,Yes
EMP11425,27,Female,Engineering,Mechanical Engineer,Bachelor's,Other,Married,Mumbai,Full-Time,2018-08-27,3,3,0,3,2,37600,4,5,3,No,Travel_Frequently,5,3,275,37,4.3,LinkedIn,37,No
EMP11426,43,Female,Engineering,Engineering Manager,Bachelor's,Business,Married,Ahmedabad,Full-Time,2022-12-07,14,7,1,21,5,18000,3,4,3,No,Travel_Frequently,27,6,246,46,3.7,Naukri,15,No
EMP11427,60,Male,IT,IT Support Specialist,Bachelor's,Computer Science,Married,Bengaluru,Part-Time,2017-08-23,14,8,2,33,5,20900,1,5,3,No,Travel_Rarely,29,1,255,50,2.7,Campus Hiring,13,Yes
EMP11428,49,Male,Engineering,Engineering Manager,Master's,Other,Married,Pune,Full-Time,2016-12-25,0,0,3,27,1,26600,2,3,2,No,Travel_Rarely,27,5,153,70,2.3,Campus Hiring,24,Yes
EMP11429,36,Male,Marketing,Digital Marketing Specialist,Bachelor's,Marketing,Single,Bengaluru,Full-Time,2021-01-19,8,7,6,13,3,22800,1,1,3,Yes,Travel_Rarely,7,6,228,60,1.3,Employee Referral,39,Yes
EMP11430,58,Female,Engineering,Project Engineer,Master's,Business,Single,Gurugram,Full-Time,2019-08-25,12,3,6,38,5,22700,5,4,3,No,Non-Travel,20,3,264,17,3.7,LinkedIn,24,No
EMP11431,48,Female,Sales,Sales Representative,Bachelor's,Business,Single,Chennai,Full-Time,2023-06-09,6,4,0,21,3,33000,4,3,4,No,Travel_Rarely,28,1,143,67,3.3,Recruitment Agency,33,No
EMP11432,58,Female,Sales,Business Development Executive,Diploma,Human Resources,Divorced,Bengaluru,Full-Time,2017-02-24,5,2,2,36,2,18000,5,5,3,No,Travel_Rarely,8,6,223,70,4.0,Naukri,12,No
EMP11433,51,Female,Sales,Sales Manager,Master's,Marketing,Single,Mumbai,Full-Time,2023-03-13,15,4,5,27,5,55000,2,3,3,No,Travel_Rarely,19,7,153,42,2.3,Employee Referral,21,No
EMP11434,34,Female,Operations,Operations Analyst,Master's,Finance,Married,Bengaluru,Full-Time,2018-02-20,9,2,4,9,4,27400,3,3,5,Yes,Travel_Rarely,6,2,142,28,2.7,Campus Hiring,21,No
EMP11435,53,Male,IT,System Administrator,Bachelor's,Marketing,Married,Mumbai,Part-Time,2019-12-05,1,1,3,33,1,18400,2,3,3,Yes,Non-Travel,15,1,276,39,3.0,LinkedIn,13,No
EMP11436,29,Male,IT,System Administrator,Bachelor's,Computer Science,Married,Bengaluru,Full-Time,2023-01-08,2,2,5,9,1,45800,1,3,3,No,Non-Travel,6,4,158,87,2.7,Employee Referral,10,No
EMP11437,47,Male,Finance,Finance Executive,Bachelor's,Other,Single,Kolkata,Full-Time,2016-08-30,0,0,7,27,1,23100,2,3,5,No,Travel_Rarely,9,5,151,23,3.0,LinkedIn,22,Yes
EMP11438,44,Female,Operations,Process Associate,Bachelor's,Engineering,Single,Delhi,Full-Time,2023-05-01,14,8,0,22,5,23400,3,3,5,Yes,Non-Travel,4,1,131,45,2.7,LinkedIn,38,No
EMP11439,33,Other,HR,HR Executive,Diploma,Finance,Married,Bengaluru,Full-Time,2018-10-13,9,0,4,13,4,20000,3,2,3,No,Non-Travel,16,6,232,16,3.3,Employee Referral,26,No
EMP11440,46,Female,Operations,Operations Analyst,Master's,Business,Married,Noida,Full-Time,2022-01-28,12,5,7,23,5,42600,4,5,3,No,Travel_Rarely,23,1,165,43,4.0,LinkedIn,18,No
EMP11441,49,Male,Engineering,Electrical Engineer,Bachelor's,Human Resources,Married,Mumbai,Full-Time,2023-05-26,4,0,2,29,2,21900,4,1,3,No,Travel_Rarely,10,6,167,59,3.3,Naukri,6,No
EMP11442,48,Male,IT,System Administrator,Diploma,Marketing,Single,Bengaluru,Full-Time,2023-09-17,8,5,7,24,3,18000,3,5,4,Yes,Travel_Rarely,1,3,147,41,4.3,Naukri,21,Yes
EMP11443,48,Male,Operations,Process Associate,Master's,Human Resources,Married,Chennai,Full-Time,2017-04-04,12,1,1,21,5,34500,3,4,4,Yes,Travel_Rarely,11,4,180,51,4.0,Naukri,20,No
EMP11444,28,Other,Sales,Sales Executive,Master's,Human Resources,Single,Mumbai,Full-Time,2025-05-29,1,1,2,1,1,37500,1,4,3,Yes,Travel_Rarely,17,7,272,42,3.3,LinkedIn,27,No
EMP11445,43,Male,Engineering,Project Engineer,Bachelor's,Engineering,Single,Delhi,Full-Time,2024-08-15,4,2,0,22,2,45400,2,5,4,No,Non-Travel,18,3,257,23,3.3,Employee Referral,22,No
EMP11446,49,Female,IT,System Administrator,Master's,Human Resources,Married,Ahmedabad,Full-Time,2025-12-19,11,5,1,25,4,29300,4,3,3,Yes,Travel_Rarely,20,7,146,98,4.0,LinkedIn,30,No
EMP11447,25,Male,Operations,Process Associate,Master's,Marketing,Divorced,Mumbai,Full-Time,2020-02-22,3,3,1,3,2,36900,1,2,3,No,Travel_Rarely,28,5,241,37,1.7,Campus Hiring,31,Yes
EMP11448,27,Female,Engineering,Engineering Manager,Master's,Engineering,Divorced,Hyderabad,Full-Time,2017-06-15,2,2,4,7,1,19600,2,1,4,Yes,Non-Travel,22,5,206,48,2.7,Employee Referral,23,Yes
EMP11449,56,Female,Engineering,Engineering Manager,Bachelor's,Finance,Single,Pune,Full-Time,2021-05-31,4,4,2,36,2,34900,4,3,3,No,Travel_Frequently,20,6,151,40,3.3,Naukri,23,No
EMP11450,47,Female,Operations,Operations Analyst,Diploma,Marketing,Married,Delhi,Full-Time,2020-03-29,7,1,0,24,3,30800,1,5,2,No,Travel_Rarely,15,4,252,33,3.0,Campus Hiring,24,No
EMP11451,22,Female,Sales,Business Development Executive,Master's,Marketing,Married,Hyderabad,Full-Time,2024-12-21,0,0,5,0,1,28000,5,5,5,Yes,Travel_Rarely,6,3,257,13,5.0,LinkedIn,8,Yes
EMP11452,45,Male,Marketing,Digital Marketing Specialist,Master's,Engineering,Married,Pune,Part-Time,2020-11-07,11,6,5,25,4,18000,5,2,3,No,Travel_Frequently,16,4,219,87,3.0,Naukri,30,No
EMP11453,29,Female,Engineering,Engineering Manager,Bachelor's,Computer Science,Married,Hyderabad,Contract,2016-10-17,1,1,1,3,1,18500,4,2,3,No,Travel_Frequently,2,3,261,18,3.7,LinkedIn,39,No
EMP11454,47,Female,Marketing,Content Strategist,Bachelor's,Human Resources,Married,Mumbai,Full-Time,2021-06-04,4,4,4,23,2,21600,1,5,4,No,Travel_Rarely,25,6,136,79,3.3,Naukri,25,No
EMP11455,21,Female,IT,Software Engineer,Diploma,Business,Married,Delhi,Full-Time,2025-10-15,0,0,7,0,1,28000,2,3,5,No,Travel_Rarely,27,6,267,33,2.7,Recruitment Agency,17,No
EMP11456,43,Female,Engineering,Project Engineer,Master's,Engineering,Married,Hyderabad,Full-Time,2017-10-20,9,4,5,16,4,64900,2,3,4,No,Travel_Rarely,3,6,144,99,3.3,LinkedIn,24,No
EMP11457,30,Male,Operations,Process Associate,Bachelor's,Human Resources,Single,Mumbai,Contract,2023-12-09,7,6,1,9,3,32400,1,3,3,No,Non-Travel,23,2,169,74,2.7,Campus Hiring,20,No
EMP11458,45,Female,Operations,Process Associate,Bachelor's,Marketing,Divorced,Ahmedabad,Part-Time,2017-07-07,7,0,6,25,3,18000,5,1,3,No,Travel_Rarely,17,4,231,96,2.7,Employee Referral,24,No
EMP11459,23,Male,HR,HR Manager,Bachelor's,Engineering,Single,Kolkata,Full-Time,2022-10-11,2,1,7,2,1,18000,1,1,3,No,Non-Travel,8,7,273,26,2.0,LinkedIn,21,Yes
EMP11460,26,Female,Marketing,Content Strategist,Master's,Engineering,Divorced,Hyderabad,Full-Time,2022-11-23,4,4,2,6,2,41200,5,3,3,Yes,Travel_Rarely,20,5,227,46,3.7,Recruitment Agency,5,No
EMP11461,26,Male,Finance,Finance Manager,Bachelor's,Marketing,Single,Bengaluru,Full-Time,2023-12-23,4,2,5,4,2,18000,5,5,4,No,Travel_Rarely,30,3,249,59,4.7,Recruitment Agency,25,No
EMP11462,22,Male,Marketing,Content Strategist,Diploma,Marketing,Married,Noida,Full-Time,2017-05-27,0,0,3,0,1,34800,2,2,4,No,Travel_Rarely,27,2,147,54,2.7,Recruitment Agency,44,Yes
EMP11463,38,Female,IT,Data Analyst,Bachelor's,Computer Science,Married,Bengaluru,Full-Time,2022-06-29,11,6,6,14,4,23200,4,4,1,No,Travel_Frequently,28,5,131,29,4.0,Company Website,12,No
EMP11464,43,Female,Marketing,Marketing Executive,Bachelor's,Other,Single,Ahmedabad,Full-Time,2020-06-27,8,8,0,16,3,20400,3,2,2,Yes,Travel_Rarely,15,3,249,68,2.3,Naukri,34,Yes
EMP11465,22,Female,Engineering,Mechanical Engineer,Master's,Other,Divorced,Gurugram,Full-Time,2016-09-11,0,0,6,0,1,18000,1,2,4,No,Travel_Frequently,13,2,275,68,1.7,Naukri,28,Yes
EMP11466,32,Other,IT,IT Support Specialist,Master's,Computer Science,Married,Pune,Full-Time,2017-12-21,11,3,3,11,4,18000,5,4,4,No,Travel_Rarely,21,5,183,99,3.7,Employee Referral,16,No
EMP11467,42,Male,Engineering,Electrical Engineer,Master's,Other,Married,Hyderabad,Full-Time,2020-10-19,6,1,2,22,3,28100,1,3,3,No,Non-Travel,23,5,226,20,2.0,Naukri,12,Yes
EMP11468,57,Male,Sales,Sales Manager,Bachelor's,Computer Science,Married,Delhi,Full-Time,2023-03-22,5,2,7,36,2,18000,4,2,3,No,Travel_Rarely,19,2,202,64,3.7,Employee Referral,26,No
EMP11469,40,Male,Engineering,Electrical Engineer,Master's,Human Resources,Single,Pune,Full-Time,2021-05-19,3,3,3,16,2,18000,4,4,3,No,Travel_Rarely,25,5,272,93,4.0,Campus Hiring,27,No
EMP11470,59,Male,Operations,Process Associate,Bachelor's,Other,Single,Kolkata,Full-Time,2016-02-20,1,1,2,33,1,24600,3,5,4,No,Travel_Rarely,25,3,221,74,3.7,Naukri,10,Yes
EMP11471,44,Male,Marketing,Digital Marketing Specialist,Master's,Other,Married,Gurugram,Full-Time,2018-03-10,7,3,2,17,3,35000,3,5,3,No,Travel_Rarely,24,7,137,86,4.0,Naukri,32,No
EMP11472,40,Male,Operations,Operations Analyst,Bachelor's,Other,Divorced,Hyderabad,Full-Time,2016-04-09,5,0,4,18,2,18000,5,5,3,No,Travel_Rarely,1,3,229,67,5.0,Recruitment Agency,20,No
EMP11473,21,Male,Engineering,Electrical Engineer,Diploma,Marketing,Single,Kolkata,Full-Time,2020-10-13,0,0,6,0,1,34600,3,3,3,No,Travel_Rarely,28,5,168,53,3.3,Naukri,28,No
EMP11474,21,Female,Sales,Sales Executive,Master's,Other,Single,Noida,Full-Time,2022-11-16,0,0,3,0,1,18000,5,2,3,Yes,Travel_Rarely,29,1,265,86,3.7,Naukri,30,No
EMP11475,37,Female,Finance,Accountant,Master's,Finance,Married,Mumbai,Full-Time,2022-12-21,2,2,1,13,1,29500,2,2,3,Yes,Travel_Rarely,12,6,235,23,2.3,LinkedIn,32,Yes
EMP11476,21,Male,Operations,Process Associate,Bachelor's,Computer Science,Married,Noida,Contract,2024-02-10,0,0,2,0,1,28600,5,1,4,No,Travel_Rarely,18,2,179,85,3.0,Naukri,15,Yes
EMP11477,50,Male,Engineering,Engineering Manager,Bachelor's,Other,Single,Hyderabad,Full-Time,2016-08-24,9,5,6,30,4,20100,3,5,4,No,Non-Travel,18,1,212,61,3.7,Naukri,42,Yes
EMP11478,23,Male,Operations,Process Associate,Master's,Other,Divorced,Pune,Full-Time,2017-04-16,0,0,3,0,1,22300,1,3,4,No,Travel_Rarely,3,3,156,43,2.7,LinkedIn,16,No
EMP11479,31,Male,Operations,Operations Analyst,Bachelor's,Other,Single,Delhi,Full-Time,2019-11-22,5,0,1,10,2,18400,3,4,4,No,Travel_Rarely,18,5,206,72,4.0,LinkedIn,32,No
EMP11480,44,Male,Sales,Sales Manager,Bachelor's,Other,Single,Hyderabad,Full-Time,2022-01-13,15,4,0,20,5,24800,4,3,3,No,Travel_Rarely,17,4,167,36,3.0,Company Website,20,No
EMP11481,42,Male,Engineering,Project Engineer,Bachelor's,Business,Married,Mumbai,Full-Time,2022-06-03,1,1,1,22,1,24700,3,2,3,No,Travel_Rarely,11,7,150,21,2.3,Naukri,24,No
EMP11482,46,Male,IT,System Administrator,Master's,Human Resources,Single,Kolkata,Full-Time,2024-06-12,7,0,3,20,3,18000,2,5,4,No,Travel_Rarely,5,4,174,47,3.7,LinkedIn,23,Yes
EMP11483,33,Other,Sales,Sales Executive,Diploma,Human Resources,Single,Gurugram,Full-Time,2021-12-03,0,0,7,6,1,18000,5,1,3,No,Travel_Rarely,22,6,280,65,2.7,Campus Hiring,28,Yes
EMP11484,21,Male,IT,IT Support Specialist,Bachelor's,Finance,Married,Bengaluru,Full-Time,2016-05-18,0,0,7,0,1,34700,4,3,3,No,Travel_Frequently,29,1,159,74,3.0,Company Website,33,No
EMP11485,44,Male,Finance,Accountant,Master's,Computer Science,Single,Noida,Full-Time,2021-10-23,0,0,3,17,1,24100,5,1,3,Yes,Travel_Rarely,7,1,224,99,3.3,LinkedIn,18,No
EMP11486,30,Male,Finance,Finance Executive,Bachelor's,Business,Single,Noida,Full-Time,2023-11-02,4,3,1,4,2,32600,5,2,3,Yes,Travel_Rarely,26,1,273,49,3.7,Campus Hiring,16,No
EMP11487,55,Male,Finance,Finance Manager,Bachelor's,Marketing,Married,Chennai,Full-Time,2019-10-15,4,4,1,30,2,18000,3,4,3,No,Non-Travel,23,3,181,30,4.0,Naukri,5,Yes
EMP11488,44,Male,Operations,Operations Executive,Bachelor's,Business,Single,Bengaluru,Full-Time,2024-06-22,8,8,5,24,3,18000,1,3,2,No,Travel_Rarely,18,6,235,41,2.0,Naukri,26,Yes
EMP11489,48,Male,Finance,Finance Executive,Master's,Computer Science,Married,Kolkata,Full-Time,2017-02-09,12,2,2,22,5,18000,4,2,2,Yes,Travel_Frequently,29,7,170,98,3.3,Recruitment Agency,22,Yes
EMP11490,56,Male,Sales,Sales Manager,Master's,Engineering,Single,Kolkata,Full-Time,2020-09-08,11,8,3,31,4,20300,2,5,3,No,Travel_Rarely,7,6,210,21,3.0,LinkedIn,25,Yes
EMP11491,36,Female,HR,HR Manager,Bachelor's,Engineering,Single,Chennai,Full-Time,2018-08-08,6,3,2,14,3,24500,2,3,4,No,Travel_Rarely,18,3,153,98,2.7,Campus Hiring,23,No
EMP11492,60,Female,Finance,Financial Analyst,Bachelor's,Business,Single,Bengaluru,Full-Time,2023-02-27,1,1,2,36,1,18000,1,1,3,No,Travel_Frequently,2,6,277,35,1.7,Campus Hiring,31,No
EMP11493,36,Male,HR,HR Executive,Bachelor's,Marketing,Married,Hyderabad,Full-Time,2022-07-01,10,6,6,10,4,44500,1,3,3,Yes,Non-Travel,28,7,232,45,3.0,Naukri,19,Yes
EMP11494,37,Female,IT,System Administrator,Master's,Finance,Married,Pune,Full-Time,2019-09-19,10,5,0,10,4,18000,3,2,3,No,Travel_Rarely,6,5,131,25,3.0,LinkedIn,27,No
EMP11495,35,Male,Marketing,Digital Marketing Specialist,Master's,Engineering,Single,Kolkata,Full-Time,2016-11-24,6,6,6,15,3,24600,2,2,4,Yes,Travel_Rarely,22,3,189,87,2.0,LinkedIn,24,Yes
EMP11496,36,Female,Operations,Operations Manager,Master's,Other,Married,Bengaluru,Contract,2020-08-25,9,7,3,9,4,18000,4,1,3,Yes,Travel_Rarely,8,5,180,43,2.7,LinkedIn,15,No
EMP11497,35,Male,Marketing,Digital Marketing Specialist,Bachelor's,Human Resources,Married,Kolkata,Part-Time,2019-08-16,2,2,2,10,1,18000,1,2,2,Yes,Non-Travel,21,5,258,33,2.3,Recruitment Agency,18,Yes
EMP11498,54,Male,Sales,Sales Manager,Bachelor's,Finance,Married,Pune,Full-Time,2020-08-26,15,2,7,29,5,21200,1,3,5,No,Travel_Frequently,21,1,220,81,2.3,Naukri,32,No
EMP11499,31,Male,Finance,Finance Executive,Bachelor's,Marketing,Divorced,Chennai,Full-Time,2021-11-06,0,0,0,9,1,18000,1,1,3,Yes,Travel_Rarely,26,4,230,100,1.7,LinkedIn,31,Yes
EMP11500,21,Male,Engineering,Electrical Engineer,Master's,Engineering,Married,Mumbai,Full-Time,2016-01-15,0,0,5,0,1,22900,4,2,3,Yes,Travel_Rarely,17,7,243,48,3.3,Company Website,31,Yes
EMP11501,35,Female,Sales,Business Development Executive,Master's,Marketing,Married,Mumbai,Full-Time,2025-03-26,12,8,7,12,5,26900,2,2,3,Yes,Travel_Rarely,4,1,135,73,2.3,Naukri,22,Yes
EMP11502,46,Male,Sales,Business Development Executive,Bachelor's,Computer Science,Single,Mumbai,Full-Time,2017-09-25,7,3,2,22,3,36000,4,3,3,No,Travel_Rarely,17,3,183,86,3.7,Naukri,5,No
EMP11503,24,Female,IT,IT Support Specialist,Master's,Finance,Married,Noida,Full-Time,2025-04-12,0,0,7,0,1,18000,4,2,5,No,Travel_Rarely,26,2,156,38,3.7,LinkedIn,9,Yes
EMP11504,25,Female,Finance,Finance Manager,Bachelor's,Computer Science,Single,Chennai,Full-Time,2021-02-26,2,2,2,2,1,23800,3,3,2,Yes,Non-Travel,16,3,209,40,3.3,Employee Referral,22,No
EMP11505,55,Male,Finance,Finance Executive,Master's,Marketing,Single,Noida,Full-Time,2022-02-03,2,0,5,35,1,21400,1,5,3,No,Travel_Rarely,21,7,192,72,3.0,LinkedIn,10,Yes
EMP11506,33,Male,Finance,Finance Manager,Master's,Marketing,Married,Bengaluru,Full-Time,2020-01-25,9,5,3,9,4,18000,2,3,3,No,Non-Travel,15,4,228,52,2.7,Naukri,34,No
EMP11507,30,Female,Marketing,Content Strategist,Master's,Business,Married,Hyderabad,Full-Time,2022-05-05,3,3,6,3,2,18000,3,4,3,Yes,Travel_Rarely,15,3,220,28,3.0,LinkedIn,17,No
EMP11508,31,Male,Sales,Business Development Executive,Bachelor's,Business,Single,Chennai,Part-Time,2019-02-02,6,4,7,9,3,27300,3,2,1,Yes,Travel_Rarely,8,4,164,19,3.3,Company Website,22,No
EMP11509,38,Female,Marketing,Marketing Executive,Bachelor's,Engineering,Single,Bengaluru,Full-Time,2020-08-21,11,4,1,18,4,18000,5,5,2,Yes,Travel_Rarely,17,2,187,65,4.3,Naukri,40,No
EMP11510,54,Female,Operations,Operations Analyst,Bachelor's,Computer Science,Divorced,Delhi,Contract,2025-10-28,14,1,5,30,5,21300,1,1,3,No,Travel_Rarely,30,2,165,69,2.3,LinkedIn,33,No
EMP11511,59,Female,Engineering,Mechanical Engineer,Bachelor's,Computer Science,Single,Chennai,Full-Time,2022-07-14,1,1,1,32,1,18000,2,4,3,No,Travel_Frequently,19,6,231,52,2.7,Company Website,27,Yes
EMP11512,43,Female,Operations,Operations Analyst,Bachelor's,Other,Married,Ahmedabad,Full-Time,2017-01-26,12,1,3,16,5,21000,2,1,4,Yes,Travel_Rarely,1,5,221,57,2.7,Company Website,26,Yes
EMP11513,27,Female,Engineering,Electrical Engineer,Diploma,Marketing,Single,Ahmedabad,Full-Time,2021-12-28,3,3,7,3,2,18000,2,4,3,Yes,Travel_Rarely,13,7,185,49,3.3,Naukri,17,Yes
EMP11514,59,Female,IT,IT Support Specialist,Bachelor's,Other,Single,Mumbai,Full-Time,2016-06-17,13,4,6,36,5,18000,1,5,3,No,Travel_Rarely,6,3,196,43,3.7,Employee Referral,31,No
EMP11515,23,Female,IT,Data Analyst,Bachelor's,Business,Single,Noida,Full-Time,2024-06-15,0,0,1,3,1,18100,2,5,3,No,Non-Travel,10,5,186,10,3.3,Naukri,26,Yes
EMP11516,32,Male,IT,Software Engineer,PhD,Finance,Single,Pune,Full-Time,2025-11-24,6,5,6,10,3,23300,4,5,4,No,Non-Travel,1,1,160,28,4.0,Employee Referral,23,No
EMP11517,27,Female,Marketing,Marketing Executive,Bachelor's,Marketing,Married,Delhi,Full-Time,2021-08-14,5,1,7,5,2,19700,4,4,3,Yes,Travel_Rarely,26,7,260,10,4.0,Company Website,30,No
EMP11518,46,Male,Engineering,Engineering Manager,Diploma,Computer Science,Single,Kolkata,Full-Time,2024-10-13,15,4,4,26,5,18000,1,3,3,No,Travel_Rarely,12,1,181,97,2.3,Campus Hiring,30,Yes
EMP11519,53,Female,HR,HR Executive,Bachelor's,Computer Science,Single,Mumbai,Full-Time,2017-09-10,0,0,1,33,1,18000,2,1,3,Yes,Travel_Rarely,19,1,234,34,1.7,Company Website,15,No
EMP11520,57,Female,Engineering,Engineering Manager,Bachelor's,Marketing,Married,Mumbai,Full-Time,2019-03-31,5,5,6,32,2,18000,5,3,3,No,Travel_Frequently,15,6,240,77,3.7,LinkedIn,32,No
EMP11521,35,Female,IT,Data Analyst,Master's,Marketing,Single,Ahmedabad,Full-Time,2018-02-07,12,8,5,14,5,24200,5,3,3,Yes,Travel_Rarely,21,1,221,97,3.3,Campus Hiring,23,No
EMP11522,22,Male,Engineering,Mechanical Engineer,Bachelor's,Human Resources,Single,Ahmedabad,Full-Time,2023-06-20,0,0,2,0,1,23700,5,2,1,Yes,Travel_Frequently,5,1,166,93,4.0,Campus Hiring,25,No
EMP11523,27,Male,Finance,Accountant,Diploma,Marketing,Divorced,Hyderabad,Full-Time,2022-11-15,4,4,2,4,2,29800,4,1,2,No,Travel_Frequently,2,3,246,37,3.3,Recruitment Agency,12,Yes
EMP11524,52,Female,IT,Software Engineer,Bachelor's,Computer Science,Single,Mumbai,Part-Time,2025-08-10,15,3,0,32,5,18000,5,4,4,No,Non-Travel,19,5,196,54,4.0,LinkedIn,12,No
EMP11525,24,Other,Sales,Sales Executive,Bachelor's,Other,Divorced,Ahmedabad,Full-Time,2025-06-15,4,1,7,4,2,18000,2,2,2,No,Travel_Frequently,14,5,178,33,2.3,Company Website,11,Yes
EMP11526,40,Female,HR,HR Manager,PhD,Human Resources,Single,Chennai,Full-Time,2017-01-16,9,1,5,19,4,19100,2,2,3,Yes,Non-Travel,29,4,157,53,2.7,Company Website,46,Yes
EMP11527,56,Female,HR,Recruiter,Master's,Finance,Married,Pune,Full-Time,2017-04-26,7,6,7,35,3,22100,5,5,3,No,Travel_Frequently,9,1,161,11,5.0,Employee Referral,44,No
EMP11528,52,Female,Finance,Financial Analyst,Bachelor's,Computer Science,Single,Ahmedabad,Full-Time,2025-05-19,6,4,6,28,3,18000,3,4,3,No,Travel_Rarely,29,2,228,32,3.0,Recruitment Agency,9,No
EMP11529,48,Male,Engineering,Project Engineer,Bachelor's,Marketing,Single,Ahmedabad,Full-Time,2019-06-22,3,3,3,22,2,18000,5,3,3,No,Travel_Rarely,1,4,200,87,4.0,Company Website,10,No
EMP11530,33,Female,Sales,Sales Representative,Bachelor's,Business,Single,Bengaluru,Full-Time,2017-09-16,0,0,0,11,1,27000,3,3,2,No,Travel_Rarely,13,4,161,71,3.3,Employee Referral,19,No
EMP11531,21,Male,Finance,Accountant,Bachelor's,Other,Divorced,Mumbai,Full-Time,2020-09-09,0,0,7,0,1,23000,1,3,3,Yes,Travel_Rarely,17,3,277,24,3.0,Naukri,34,No
EMP11532,55,Male,Marketing,Digital Marketing Specialist,Diploma,Finance,Married,Chennai,Full-Time,2022-11-28,3,3,2,31,2,36700,1,5,3,No,Travel_Rarely,28,4,265,41,3.3,Naukri,30,Yes
EMP11533,50,Female,Operations,Process Associate,Diploma,Human Resources,Single,Mumbai,Full-Time,2022-11-17,4,1,2,30,2,47800,2,3,3,No,Travel_Frequently,2,2,197,96,2.3,Naukri,44,No
EMP11534,56,Female,HR,HR Analyst,Master's,Human Resources,Married,Hyderabad,Full-Time,2024-12-05,11,7,0,29,4,18000,4,1,4,No,Travel_Frequently,24,5,199,13,3.0,LinkedIn,21,No
EMP11535,45,Male,Sales,Sales Representative,PhD,Engineering,Married,Pune,Contract,2017-05-08,6,2,5,24,3,18200,2,3,2,No,Travel_Rarely,22,4,177,93,2.3,Naukri,18,No
EMP11536,36,Male,IT,Software Engineer,Bachelor's,Human Resources,Single,Gurugram,Part-Time,2020-03-26,11,0,4,11,4,23300,2,3,4,No,Travel_Rarely,14,3,225,40,2.3,LinkedIn,25,No
EMP11537,39,Female,IT,Software Engineer,Bachelor's,Other,Single,Delhi,Full-Time,2023-01-26,3,1,1,17,2,25900,4,1,5,No,Travel_Rarely,20,7,237,68,2.7,Company Website,22,No
EMP11538,21,Female,Operations,Process Associate,Bachelor's,Other,Married,Noida,Full-Time,2023-05-02,0,0,6,0,1,34800,2,5,1,No,Travel_Rarely,23,1,175,80,4.0,Company Website,24,Yes
EMP11539,25,Male,IT,Software Engineer,Master's,Computer Science,Divorced,Chennai,Full-Time,2016-10-08,0,0,7,0,1,30600,4,2,5,No,Travel_Rarely,6,2,196,10,3.7,Employee Referral,25,No
EMP11540,42,Female,Sales,Sales Representative,Diploma,Finance,Married,Bengaluru,Full-Time,2018-04-10,11,7,6,20,4,36800,2,4,3,No,Travel_Rarely,25,1,158,78,3.7,Company Website,43,No
EMP11541,44,Female,Operations,Operations Executive,Bachelor's,Finance,Married,Ahmedabad,Full-Time,2017-03-05,0,0,4,18,1,22600,1,5,3,No,Travel_Rarely,6,6,212,23,3.7,Company Website,25,No
EMP11542,57,Male,IT,Data Analyst,Master's,Marketing,Single,Ahmedabad,Full-Time,2023-03-13,10,7,4,31,4,18000,3,3,3,No,Travel_Rarely,18,4,267,32,2.7,Naukri,14,No
EMP11543,56,Female,Marketing,Marketing Executive,Master's,Finance,Married,Ahmedabad,Full-Time,2018-05-07,9,2,7,31,4,53000,2,2,3,Yes,Travel_Rarely,19,5,200,80,3.0,Campus Hiring,21,No
EMP11544,56,Female,HR,HR Analyst,Bachelor's,Human Resources,Single,Delhi,Full-Time,2016-09-09,6,5,4,35,3,23600,3,4,3,Yes,Non-Travel,9,3,194,25,4.0,LinkedIn,31,No
EMP11545,24,Female,Engineering,Engineering Manager,Bachelor's,Computer Science,Single,Mumbai,Full-Time,2017-07-16,0,0,6,0,1,19800,5,4,3,No,Travel_Rarely,15,7,274,18,3.7,Recruitment Agency,29,Yes
EMP11546,56,Female,Sales,Business Development Executive,Bachelor's,Other,Married,Delhi,Full-Time,2018-12-02,15,0,7,32,5,18000,2,4,4,Yes,Travel_Rarely,7,2,151,40,3.0,Company Website,29,No
EMP11547,38,Female,Engineering,Project Engineer,Master's,Other,Married,Bengaluru,Full-Time,2025-09-23,12,0,5,12,5,23700,1,1,3,No,Travel_Rarely,6,5,229,70,2.3,LinkedIn,9,No
EMP11548,36,Female,Sales,Sales Manager,Bachelor's,Business,Single,Delhi,Contract,2024-10-17,10,6,4,14,4,34600,4,1,3,No,Non-Travel,29,2,143,54,3.0,Naukri,10,Yes
EMP11549,38,Female,IT,System Administrator,Master's,Finance,Married,Ahmedabad,Full-Time,2020-03-14,1,1,1,13,1,18000,1,2,5,No,Travel_Rarely,5,3,135,16,2.0,LinkedIn,23,No
EMP11550,42,Female,Marketing,Content Strategist,Diploma,Human Resources,Married,Pune,Full-Time,2017-06-20,7,2,3,21,3,20700,3,3,4,No,Travel_Rarely,19,3,176,66,3.0,LinkedIn,28,No
EMP11551,22,Male,Engineering,Electrical Engineer,Bachelor's,Computer Science,Married,Ahmedabad,Full-Time,2024-01-24,2,2,0,2,1,24600,4,2,5,No,Travel_Rarely,20,4,277,73,3.0,Naukri,17,No
EMP11552,41,Female,Marketing,Marketing Executive,PhD,Human Resources,Single,Chennai,Full-Time,2022-05-06,9,5,7,17,4,27200,1,3,4,No,Non-Travel,1,2,273,11,3.0,Company Website,37,No
EMP11553,56,Male,Engineering,Engineering Manager,Bachelor's,Human Resources,Married,Delhi,Part-Time,2025-05-25,9,1,4,29,4,19600,1,5,3,No,Travel_Rarely,21,6,163,15,2.7,LinkedIn,29,Yes
EMP11554,59,Male,Engineering,Project Engineer,Bachelor's,Human Resources,Married,Delhi,Full-Time,2023-04-17,9,2,4,39,4,18500,1,4,3,No,Non-Travel,7,6,130,70,3.3,Employee Referral,19,Yes
EMP11555,59,Female,HR,Recruiter,Bachelor's,Other,Single,Hyderabad,Full-Time,2018-07-24,4,4,0,38,2,18000,4,4,3,Yes,Non-Travel,18,4,137,43,4.3,Campus Hiring,49,No
EMP11556,49,Male,HR,HR Manager,Bachelor's,Marketing,Married,Hyderabad,Full-Time,2022-05-31,9,2,7,23,4,18000,1,1,5,No,Travel_Frequently,27,2,151,26,1.7,Company Website,20,No
EMP11557,46,Female,Marketing,Content Strategist,Bachelor's,Finance,Divorced,Gurugram,Full-Time,2020-08-15,1,1,7,19,1,18000,1,5,3,Yes,Travel_Rarely,28,2,197,35,2.7,Naukri,21,No
EMP11558,41,Female,Sales,Business Development Executive,Bachelor's,Engineering,Married,Ahmedabad,Contract,2020-02-07,4,4,6,17,2,18000,3,5,3,No,Travel_Rarely,8,1,163,85,4.3,LinkedIn,20,No
EMP11559,37,Female,Engineering,Project Engineer,Master's,Engineering,Married,Noida,Part-Time,2021-01-13,7,2,6,13,3,18000,1,3,3,No,Travel_Frequently,12,4,166,29,3.0,LinkedIn,24,No
EMP11560,36,Male,Engineering,Engineering Manager,Diploma,Business,Single,Noida,Full-Time,2018-06-01,5,5,7,11,2,34400,1,5,3,No,Travel_Rarely,10,2,250,50,3.7,Employee Referral,14,Yes
EMP11561,51,Female,Finance,Accountant,Bachelor's,Other,Single,Kolkata,Part-Time,2022-11-24,2,2,7,24,1,25900,5,1,3,Yes,Travel_Rarely,6,2,152,67,3.7,Employee Referral,31,No
EMP11562,29,Female,HR,Recruiter,Bachelor's,Marketing,Married,Gurugram,Full-Time,2018-03-27,7,4,0,9,3,23500,4,3,3,No,Travel_Rarely,26,3,213,63,3.0,Company Website,32,No
EMP11563,51,Male,Operations,Operations Executive,Master's,Computer Science,Divorced,Bengaluru,Full-Time,2024-11-06,14,5,6,25,5,39600,5,2,2,No,Travel_Rarely,16,7,246,38,3.0,LinkedIn,30,No
EMP11564,34,Male,HR,HR Manager,Diploma,Finance,Married,Hyderabad,Full-Time,2021-09-23,9,5,6,9,4,30400,3,3,3,No,Travel_Rarely,30,1,153,57,2.7,Naukri,20,No
EMP11565,57,Male,Engineering,Mechanical Engineer,Bachelor's,Computer Science,Married,Gurugram,Full-Time,2023-10-17,8,0,3,34,3,18000,5,2,4,No,Travel_Rarely,19,6,270,86,3.7,Campus Hiring,20,No
EMP11566,22,Male,Sales,Business Development Executive,Bachelor's,Other,Single,Pune,Full-Time,2018-05-29,2,2,2,2,1,37300,2,3,4,No,Travel_Rarely,18,6,198,99,2.3,Company Website,30,No
EMP11567,34,Female,Operations,Operations Manager,Bachelor's,Engineering,Single,Pune,Full-Time,2017-11-08,12,4,3,14,5,34100,4,4,3,Yes,Travel_Rarely,24,3,209,31,3.3,Recruitment Agency,26,No
EMP11568,53,Female,IT,IT Support Specialist,Diploma,Other,Single,Gurugram,Full-Time,2022-03-04,1,0,2,30,1,18000,1,2,4,No,Travel_Rarely,13,7,189,81,2.0,Recruitment Agency,17,No
EMP11569,55,Female,Marketing,Marketing Executive,Bachelor's,Marketing,Single,Gurugram,Full-Time,2019-02-05,1,1,5,34,1,33100,5,1,4,No,Travel_Rarely,20,7,167,80,3.7,Campus Hiring,6,No
EMP11570,59,Male,Sales,Business Development Executive,Master's,Computer Science,Married,Chennai,Full-Time,2020-03-07,6,6,1,32,3,18000,5,2,1,No,Travel_Rarely,7,4,206,14,4.0,Naukri,20,No
EMP11571,40,Male,Marketing,Marketing Executive,Bachelor's,Finance,Single,Kolkata,Full-Time,2024-03-02,0,0,6,13,1,34500,1,2,4,No,Non-Travel,7,6,214,61,2.0,Naukri,29,Yes
EMP11572,22,Female,IT,Data Analyst,Bachelor's,Marketing,Single,Hyderabad,Full-Time,2022-10-25,1,1,3,1,1,18900,1,3,4,Yes,Non-Travel,16,4,258,10,2.0,Naukri,28,No
EMP11573,39,Female,Operations,Operations Executive,Bachelor's,Other,Single,Ahmedabad,Full-Time,2024-08-02,11,0,1,15,4,18000,3,4,3,No,Travel_Rarely,30,2,133,54,4.0,Recruitment Agency,10,Yes
EMP11574,57,Female,Engineering,Mechanical Engineer,Bachelor's,Finance,Single,Delhi,Full-Time,2022-05-03,1,1,0,35,1,18100,5,3,2,Yes,Travel_Rarely,26,5,243,49,4.0,Naukri,32,Yes
EMP11575,38,Female,HR,HR Analyst,Bachelor's,Finance,Married,Ahmedabad,Full-Time,2022-09-12,9,8,3,13,4,18000,5,3,3,No,Travel_Rarely,25,7,209,73,4.0,Employee Referral,41,Yes
EMP11576,36,Female,IT,Software Engineer,Bachelor's,Marketing,Single,Mumbai,Full-Time,2021-03-03,3,3,5,14,2,18000,2,4,4,Yes,Travel_Rarely,10,7,238,20,3.0,Recruitment Agency,21,No
EMP11577,24,Male,IT,System Administrator,Master's,Marketing,Single,Delhi,Full-Time,2020-09-16,0,0,0,0,1,18000,2,3,3,Yes,Travel_Rarely,15,3,270,61,3.0,Campus Hiring,22,Yes
EMP11578,32,Male,Marketing,Content Strategist,Bachelor's,Human Resources,Single,Hyderabad,Full-Time,2021-03-18,3,2,5,5,2,18000,5,4,3,No,Travel_Rarely,14,7,160,16,4.0,Company Website,19,No
EMP11579,49,Female,Marketing,Marketing Executive,Bachelor's,Finance,Married,Kolkata,Full-Time,2016-08-11,12,7,5,27,5,72000,2,1,3,No,Non-Travel,24,4,257,60,2.3,LinkedIn,21,No
EMP11580,27,Male,Sales,Sales Representative,Master's,Engineering,Single,Chennai,Full-Time,2017-10-26,7,0,4,7,3,27300,5,4,3,No,Travel_Rarely,12,7,208,30,4.3,LinkedIn,35,Yes
EMP11581,34,Female,HR,HR Executive,Bachelor's,Other,Single,Chennai,Full-Time,2018-07-23,10,2,0,14,4,51000,4,5,3,Yes,Non-Travel,29,2,134,48,4.3,Company Website,17,No
EMP11582,32,Female,Finance,Financial Analyst,Bachelor's,Finance,Married,Chennai,Full-Time,2019-08-05,9,6,6,9,4,19100,3,4,3,No,Travel_Rarely,15,2,256,53,3.3,Recruitment Agency,26,Yes
EMP11583,55,Female,Marketing,Marketing Executive,Bachelor's,Marketing,Single,Delhi,Full-Time,2019-08-01,9,3,5,32,4,18000,2,4,4,No,Travel_Rarely,8,3,215,66,3.7,Recruitment Agency,22,Yes
EMP11584,25,Male,Sales,Sales Manager,Diploma,Human Resources,Married,Delhi,Full-Time,2019-04-24,1,1,4,1,1,47700,5,5,4,Yes,Travel_Rarely,7,7,215,50,4.3,LinkedIn,26,No
EMP11585,37,Female,Engineering,Engineering Manager,Bachelor's,Business,Married,Bengaluru,Full-Time,2016-08-13,4,4,2,13,2,26100,2,4,3,Yes,Travel_Frequently,26,6,268,48,2.7,Naukri,21,No
EMP11586,52,Female,IT,Data Analyst,Bachelor's,Computer Science,Single,Pune,Full-Time,2016-07-18,8,5,4,26,3,18000,3,2,3,Yes,Travel_Rarely,21,2,153,29,2.3,Company Website,31,Yes
EMP11587,30,Female,Operations,Operations Executive,Bachelor's,Finance,Single,Mumbai,Part-Time,2017-05-18,0,0,6,6,1,29300,4,3,3,No,Travel_Rarely,9,1,174,31,3.7,Company Website,33,No
EMP11588,37,Female,Sales,Business Development Executive,Bachelor's,Human Resources,Married,Delhi,Full-Time,2016-01-11,11,6,2,17,4,38700,1,3,4,No,Travel_Rarely,14,6,240,38,2.7,LinkedIn,27,Yes
EMP11589,25,Other,Sales,Business Development Executive,Master's,Computer Science,Divorced,Kolkata,Full-Time,2024-02-04,3,3,4,3,2,18000,1,1,3,No,Travel_Rarely,28,5,163,55,2.3,Naukri,22,No
EMP11590,29,Male,Operations,Operations Manager,Diploma,Other,Married,Delhi,Full-Time,2023-11-24,1,1,4,4,1,27100,2,1,3,Yes,Travel_Rarely,27,3,268,77,2.7,Recruitment Agency,31,Yes
EMP11591,53,Male,Operations,Operations Analyst,Master's,Finance,Single,Hyderabad,Contract,2025-10-09,8,6,1,27,3,18000,5,5,5,Yes,Travel_Rarely,7,3,279,12,5.0,Recruitment Agency,17,No
EMP11592,56,Female,Engineering,Project Engineer,Bachelor's,Human Resources,Married,Kolkata,Full-Time,2018-09-05,5,2,1,30,2,37700,3,2,4,No,Travel_Rarely,12,3,251,82,3.0,Company Website,28,No
EMP11593,56,Female,IT,System Administrator,Master's,Finance,Single,Ahmedabad,Full-Time,2022-05-13,1,1,6,29,1,24400,4,1,2,No,Travel_Rarely,14,2,238,14,2.7,Employee Referral,19,No
EMP11594,38,Male,IT,System Administrator,Master's,Human Resources,Married,Mumbai,Full-Time,2024-06-01,12,6,0,12,5,29200,4,3,3,No,Non-Travel,11,2,152,65,3.7,Naukri,26,No
EMP11595,29,Female,Operations,Process Associate,Bachelor's,Business,Married,Ahmedabad,Full-Time,2024-02-24,2,1,5,5,1,20000,4,1,3,No,Travel_Rarely,19,3,158,76,2.3,Employee Referral,15,No
EMP11596,49,Female,Marketing,Content Strategist,Bachelor's,Marketing,Single,Bengaluru,Full-Time,2023-10-08,13,1,6,25,5,18000,1,1,4,No,Travel_Rarely,28,3,135,98,2.0,LinkedIn,35,No
EMP11597,34,Female,HR,Recruiter,Bachelor's,Other,Married,Hyderabad,Full-Time,2020-05-16,7,2,1,14,3,18100,3,4,2,No,Non-Travel,6,1,181,41,4.0,Naukri,13,No
EMP11598,45,Male,IT,Software Engineer,Bachelor's,Human Resources,Single,Mumbai,Full-Time,2016-01-05,0,0,2,20,1,33500,1,1,3,No,Travel_Rarely,3,4,218,91,1.3,LinkedIn,23,Yes
EMP11599,35,Male,IT,IT Support Specialist,Bachelor's,Other,Married,Mumbai,Full-Time,2023-01-12,11,5,1,15,4,54000,2,5,3,No,Travel_Frequently,6,6,218,50,3.7,Naukri,11,No
EMP11600,26,Other,Engineering,Engineering Manager,Bachelor's,Engineering,Single,Chennai,Full-Time,2025-12-20,1,1,0,1,1,25000,4,3,2,Yes,Travel_Frequently,29,6,251,38,4.0,Campus Hiring,34,Yes
EMP11601,49,Female,IT,IT Support Specialist,Diploma,Human Resources,Single,Ahmedabad,Full-Time,2016-10-06,12,6,7,29,5,18000,3,5,3,No,Non-Travel,24,1,271,75,4.0,Recruitment Agency,38,No
EMP11602,35,Female,Finance,Finance Manager,Bachelor's,Other,Married,Pune,Full-Time,2025-07-26,9,3,3,13,4,28000,4,5,3,No,Travel_Rarely,9,3,146,20,4.3,Employee Referral,13,No
EMP11603,49,Female,HR,HR Executive,Bachelor's,Marketing,Married,Pune,Full-Time,2024-04-07,0,0,2,22,1,32100,1,2,3,No,Travel_Rarely,2,7,157,68,2.7,Employee Referral,27,Yes
EMP11604,24,Male,Finance,Financial Analyst,Bachelor's,Computer Science,Married,Kolkata,Full-Time,2019-06-15,0,0,3,0,1,23400,1,4,3,No,Travel_Frequently,6,2,138,13,2.3,Naukri,21,Yes
EMP11605,38,Male,IT,Data Analyst,Bachelor's,Computer Science,Married,Noida,Part-Time,2022-06-22,10,3,7,17,4,22700,1,5,3,Yes,Travel_Frequently,14,2,244,63,2.7,Company Website,29,No
EMP11606,59,Female,Sales,Business Development Executive,Bachelor's,Other,Married,Kolkata,Part-Time,2016-05-06,7,5,2,38,3,24200,4,2,3,Yes,Travel_Rarely,19,3,253,76,3.0,Employee Referral,38,Yes
EMP11607,36,Male,IT,Data Analyst,Bachelor's,Finance,Single,Delhi,Full-Time,2016-10-30,0,0,7,9,1,22500,3,3,3,No,Non-Travel,30,4,133,11,2.7,Company Website,27,Yes
EMP11608,31,Female,Engineering,Electrical Engineer,Master's,Marketing,Married,Mumbai,Full-Time,2023-08-28,7,5,5,7,3,25200,3,3,2,Yes,Travel_Rarely,30,5,277,87,3.3,LinkedIn,17,Yes
EMP11609,34,Female,HR,HR Executive,Diploma,Business,Single,Pune,Full-Time,2017-12-31,4,4,5,8,2,50100,2,2,3,No,Travel_Rarely,23,5,165,57,3.0,Employee Referral,18,Yes
EMP11610,23,Male,Sales,Sales Manager,Bachelor's,Engineering,Divorced,Ahmedabad,Full-Time,2024-11-23,0,0,5,0,1,18000,4,5,4,No,Travel_Frequently,27,1,263,77,3.7,Naukri,21,No
EMP11611,58,Female,Engineering,Project Engineer,Master's,Marketing,Single,Noida,Full-Time,2017-05-04,6,1,0,34,3,19800,2,5,3,No,Travel_Rarely,4,6,194,53,3.7,LinkedIn,17,No
EMP11612,38,Male,Marketing,Digital Marketing Specialist,Bachelor's,Finance,Married,Gurugram,Full-Time,2017-03-12,11,7,1,11,4,18000,2,4,4,No,Travel_Rarely,14,4,132,71,3.3,Company Website,31,Yes
EMP11613,40,Other,Sales,Sales Executive,Bachelor's,Computer Science,Single,Noida,Part-Time,2020-08-11,4,4,3,16,2,37500,2,4,3,No,Travel_Rarely,21,5,166,92,2.7,LinkedIn,32,No
EMP11614,45,Other,Finance,Finance Manager,Bachelor's,Marketing,Divorced,Kolkata,Full-Time,2018-11-27,7,1,3,19,3,20700,2,3,2,No,Non-Travel,10,4,238,28,3.3,Employee Referral,35,No
EMP11615,58,Male,Finance,Finance Executive,Master's,Computer Science,Married,Bengaluru,Part-Time,2017-04-27,11,6,1,33,4,28300,1,4,4,Yes,Travel_Rarely,6,2,132,53,3.3,Employee Referral,20,No
EMP11616,33,Female,Operations,Operations Analyst,Diploma,Human Resources,Single,Pune,Part-Time,2024-04-27,6,6,0,6,3,41900,2,2,2,No,Travel_Rarely,11,2,272,40,2.3,Naukri,34,No
EMP11617,24,Female,Engineering,Project Engineer,Master's,Finance,Single,Chennai,Full-Time,2016-11-10,2,2,1,2,1,18000,3,3,4,No,Travel_Rarely,13,7,185,71,3.7,Recruitment Agency,39,Yes
EMP11618,34,Male,Operations,Operations Manager,Diploma,Computer Science,Married,Ahmedabad,Full-Time,2020-02-16,0,0,4,13,1,18000,2,5,3,No,Travel_Rarely,24,4,190,24,4.0,Campus Hiring,12,No
EMP11619,53,Male,Sales,Business Development Executive,Master's,Finance,Single,Noida,Full-Time,2024-09-03,4,4,4,26,2,40000,1,3,3,No,Travel_Frequently,18,3,197,38,2.0,LinkedIn,20,No
EMP11620,48,Male,Operations,Operations Executive,Master's,Human Resources,Single,Noida,Full-Time,2018-07-27,3,3,5,25,2,18000,5,1,2,Yes,Travel_Frequently,20,5,208,76,2.7,Employee Referral,23,No
EMP11621,57,Male,Sales,Business Development Executive,Master's,Engineering,Single,Hyderabad,Full-Time,2016-01-17,2,2,4,36,1,18000,5,3,4,No,Non-Travel,14,5,200,92,4.0,Naukri,31,No
EMP11622,28,Female,IT,Software Engineer,Master's,Business,Single,Delhi,Full-Time,2024-03-06,4,0,3,7,2,18000,5,4,5,Yes,Non-Travel,27,2,240,95,3.7,Employee Referral,36,No
EMP11623,54,Female,Marketing,Content Strategist,Master's,Computer Science,Married,Gurugram,Full-Time,2018-09-06,9,1,5,28,4,40700,4,2,2,Yes,Travel_Rarely,20,7,152,56,3.0,Campus Hiring,8,Yes
EMP11624,25,Other,Engineering,Electrical Engineer,Master's,Marketing,Married,Ahmedabad,Contract,2017-03-22,5,3,3,5,2,18000,3,5,3,Yes,Travel_Rarely,22,7,143,93,4.0,LinkedIn,18,No
EMP11625,25,Male,IT,System Administrator,Bachelor's,Engineering,Married,Delhi,Full-Time,2016-10-05,1,1,0,1,1,25800,1,5,1,Yes,Travel_Rarely,20,6,263,16,3.7,Employee Referral,34,Yes
EMP11626,51,Female,Operations,Operations Executive,Bachelor's,Business,Married,Delhi,Contract,2017-03-27,15,1,2,27,5,29900,5,4,4,No,Travel_Rarely,11,1,162,77,3.7,Campus Hiring,16,No
EMP11627,29,Male,HR,HR Analyst,Master's,Marketing,Married,Kolkata,Full-Time,2023-06-06,5,5,1,5,2,18000,1,4,3,Yes,Travel_Rarely,21,5,138,10,2.7,Naukri,31,No
EMP11628,52,Male,Sales,Sales Executive,Bachelor's,Human Resources,Married,Ahmedabad,Full-Time,2017-08-28,12,1,6,32,5,18000,1,4,3,Yes,Travel_Rarely,5,2,269,80,3.0,LinkedIn,29,No
EMP11629,53,Female,IT,Software Engineer,Master's,Marketing,Married,Ahmedabad,Full-Time,2020-09-06,15,2,6,27,5,20000,4,1,2,Yes,Travel_Rarely,8,7,246,31,2.7,LinkedIn,31,Yes
EMP11630,23,Male,Sales,Sales Executive,Bachelor's,Other,Married,Bengaluru,Full-Time,2021-09-07,0,0,6,0,1,19800,5,2,4,No,Non-Travel,4,2,224,66,3.3,LinkedIn,31,Yes
EMP11631,50,Female,Operations,Operations Manager,Diploma,Finance,Single,Kolkata,Full-Time,2025-11-26,0,0,2,28,1,21400,2,1,3,No,Travel_Frequently,12,4,132,82,2.7,LinkedIn,20,Yes
EMP11632,32,Female,Finance,Accountant,Master's,Business,Single,Ahmedabad,Full-Time,2018-10-30,8,0,3,10,3,21500,1,4,4,No,Travel_Rarely,6,4,175,67,3.0,Naukri,22,Yes
EMP11633,49,Female,Operations,Operations Analyst,Bachelor's,Marketing,Married,Ahmedabad,Full-Time,2020-12-16,14,7,1,23,5,18000,5,2,4,No,Travel_Frequently,23,6,165,36,3.0,Naukri,21,Yes
EMP11634,23,Male,Operations,Operations Analyst,Master's,Other,Single,Delhi,Part-Time,2021-06-30,0,0,3,0,1,18000,1,4,2,No,Travel_Rarely,24,4,270,47,3.3,LinkedIn,26,Yes
EMP11635,46,Female,Engineering,Mechanical Engineer,Bachelor's,Marketing,Married,Noida,Contract,2023-10-20,5,5,0,24,2,25200,4,2,3,No,Non-Travel,25,1,142,96,3.0,Employee Referral,5,No
EMP11636,50,Male,HR,HR Analyst,Bachelor's,Marketing,Married,Pune,Full-Time,2016-04-10,9,7,5,24,4,18000,4,5,3,No,Travel_Rarely,26,7,214,85,4.3,Recruitment Agency,28,No
EMP11637,29,Female,Finance,Financial Analyst,Diploma,Engineering,Single,Hyderabad,Full-Time,2023-05-24,0,0,1,2,1,21100,2,1,3,Yes,Non-Travel,8,5,172,22,2.7,Recruitment Agency,40,No
EMP11638,46,Female,IT,Data Analyst,Master's,Business,Married,Pune,Full-Time,2021-11-04,7,7,3,24,3,18000,4,4,3,No,Travel_Rarely,30,1,257,24,3.3,Naukri,26,No
EMP11639,22,Male,Engineering,Electrical Engineer,Bachelor's,Finance,Married,Delhi,Full-Time,2017-04-14,0,0,4,0,1,25200,5,4,4,No,Travel_Rarely,4,7,176,89,4.0,Employee Referral,23,No
EMP11640,23,Female,Engineering,Project Engineer,Bachelor's,Human Resources,Married,Ahmedabad,Full-Time,2019-08-17,0,0,6,0,1,36300,4,3,5,No,Travel_Rarely,20,1,148,82,3.7,Recruitment Agency,25,Yes
EMP11641,24,Female,Sales,Sales Executive,Master's,Engineering,Single,Noida,Full-Time,2023-05-11,0,0,4,0,1,36900,2,5,5,No,Travel_Rarely,10,4,212,100,4.0,Recruitment Agency,29,No
EMP11642,45,Female,Engineering,Engineering Manager,Master's,Other,Divorced,Mumbai,Full-Time,2024-12-21,7,2,7,24,3,39300,3,4,4,Yes,Travel_Rarely,11,6,226,57,4.0,Recruitment Agency,34,Yes
EMP11643,33,Female,Sales,Business Development Executive,Master's,Engineering,Married,Kolkata,Full-Time,2020-06-12,2,0,3,11,1,19000,1,1,3,No,Travel_Rarely,15,2,228,24,1.7,Campus Hiring,23,No
EMP11644,59,Male,Marketing,Digital Marketing Specialist,Bachelor's,Engineering,Single,Pune,Full-Time,2024-08-19,12,3,7,37,5,19700,1,5,3,No,Travel_Rarely,5,3,277,49,3.7,Naukri,22,No
EMP11645,55,Male,IT,IT Support Specialist,PhD,Finance,Married,Pune,Contract,2019-05-20,4,4,2,35,2,18000,5,4,2,Yes,Travel_Frequently,3,2,158,39,3.7,LinkedIn,12,No
EMP11646,43,Male,Operations,Operations Executive,Master's,Finance,Single,Bengaluru,Full-Time,2016-04-28,8,0,5,20,3,18900,2,1,3,Yes,Travel_Rarely,15,2,257,32,1.7,Company Website,24,No
EMP11647,29,Male,IT,Software Engineer,Bachelor's,Human Resources,Single,Ahmedabad,Contract,2021-02-26,4,4,0,4,2,19200,2,3,3,No,Travel_Rarely,2,2,201,18,2.3,LinkedIn,13,No
EMP11648,22,Male,Engineering,Electrical Engineer,Master's,Engineering,Divorced,Mumbai,Full-Time,2024-10-12,0,0,0,0,1,18000,2,3,3,Yes,Non-Travel,2,2,194,41,3.0,Recruitment Agency,19,No
EMP11649,51,Female,Operations,Operations Analyst,Bachelor's,Engineering,Married,Gurugram,Full-Time,2021-06-27,8,0,6,31,3,18000,1,1,4,Yes,Travel_Rarely,25,1,167,44,2.3,Naukri,32,Yes
EMP11650,22,Male,Operations,Operations Executive,PhD,Human Resources,Married,Kolkata,Full-Time,2018-02-26,0,0,3,0,1,18000,4,5,5,Yes,Travel_Rarely,8,4,253,58,3.7,Recruitment Agency,33,No
EMP11651,52,Female,IT,Software Engineer,Bachelor's,Computer Science,Married,Bengaluru,Part-Time,2022-08-21,14,4,0,31,5,18000,1,1,4,Yes,Travel_Rarely,22,4,223,54,1.3,Employee Referral,28,No
EMP11652,38,Female,Finance,Accountant,Master's,Finance,Single,Gurugram,Full-Time,2022-10-11,3,3,1,15,2,22500,1,1,3,Yes,Travel_Rarely,14,2,162,25,2.0,Naukri,35,No
EMP11653,33,Female,HR,HR Executive,Master's,Marketing,Single,Chennai,Part-Time,2023-07-30,3,3,0,13,2,22900,1,3,4,No,Travel_Rarely,30,3,142,41,3.0,LinkedIn,9,No
EMP11654,25,Female,Finance,Finance Manager,Bachelor's,Business,Single,Kolkata,Full-Time,2022-06-19,0,0,7,0,1,27400,4,3,2,Yes,Travel_Rarely,30,5,230,34,3.0,Naukri,39,No
EMP11655,30,Other,IT,Data Analyst,Bachelor's,Business,Single,Ahmedabad,Full-Time,2019-11-28,3,1,4,8,2,19600,3,3,3,No,Travel_Rarely,9,2,256,46,2.7,Employee Referral,16,No
EMP11656,45,Male,Engineering,Mechanical Engineer,Master's,Business,Married,Hyderabad,Full-Time,2016-08-30,9,2,3,23,4,22100,5,4,3,Yes,Non-Travel,5,2,206,46,3.7,Campus Hiring,27,No
EMP11657,54,Male,Sales,Sales Representative,Diploma,Human Resources,Single,Bengaluru,Full-Time,2018-09-11,11,6,1,31,4,38700,3,4,3,No,Travel_Rarely,30,3,250,44,3.7,Recruitment Agency,18,No
EMP11658,57,Male,Finance,Finance Executive,Master's,Engineering,Married,Noida,Part-Time,2019-09-30,8,2,6,35,3,21500,3,2,5,No,Travel_Rarely,12,1,178,54,3.3,LinkedIn,27,No
EMP11659,50,Female,Finance,Accountant,Master's,Other,Single,Delhi,Full-Time,2017-09-18,13,0,7,24,5,18000,1,4,3,No,Travel_Frequently,10,2,239,17,2.3,LinkedIn,24,No
EMP11660,27,Female,Sales,Sales Representative,Bachelor's,Human Resources,Single,Bengaluru,Full-Time,2019-12-18,5,5,7,7,2,18000,3,5,3,No,Travel_Rarely,1,3,264,56,3.7,LinkedIn,34,No
EMP11661,26,Male,Marketing,Content Strategist,Diploma,Finance,Single,Noida,Full-Time,2016-01-16,6,2,0,6,3,31500,1,5,2,No,Travel_Rarely,24,1,165,45,3.3,Naukri,46,No
EMP11662,23,Female,Sales,Business Development Executive,Bachelor's,Computer Science,Married,Noida,Full-Time,2017-05-30,1,0,6,1,1,18000,1,3,4,No,Travel_Frequently,19,1,222,98,2.3,Campus Hiring,32,No
EMP11663,33,Female,Engineering,Mechanical Engineer,Bachelor's,Computer Science,Married,Kolkata,Full-Time,2022-05-02,11,3,7,11,4,18000,5,1,3,No,Travel_Frequently,30,6,153,91,3.7,LinkedIn,23,Yes
EMP11664,23,Female,Sales,Sales Manager,Bachelor's,Human Resources,Single,Ahmedabad,Full-Time,2023-02-20,0,0,4,0,1,26600,2,3,4,Yes,Travel_Rarely,25,7,210,19,3.0,Company Website,38,No
EMP11665,46,Female,Engineering,Electrical Engineer,PhD,Business,Married,Kolkata,Full-Time,2023-08-14,3,0,5,25,2,18000,1,1,3,No,Travel_Frequently,11,7,227,10,2.0,Naukri,9,Yes
EMP11666,44,Female,Engineering,Mechanical Engineer,Master's,Marketing,Married,Noida,Full-Time,2023-07-26,15,1,2,17,5,18000,3,3,3,No,Non-Travel,17,6,275,77,3.3,Naukri,19,No
EMP11667,26,Female,HR,HR Analyst,Bachelor's,Marketing,Divorced,Bengaluru,Full-Time,2021-08-29,2,2,0,3,1,23300,5,3,3,No,Travel_Frequently,3,6,234,99,4.3,Employee Referral,22,No
EMP11668,32,Female,Engineering,Mechanical Engineer,Bachelor's,Other,Married,Bengaluru,Full-Time,2020-12-28,12,1,6,12,5,18500,3,5,3,No,Travel_Rarely,1,2,134,84,3.7,Company Website,22,No
EMP11669,56,Male,IT,Software Engineer,PhD,Marketing,Single,Pune,Full-Time,2018-04-07,0,0,7,33,1,18000,2,1,3,No,Travel_Rarely,17,7,258,24,1.7,Naukri,17,No
EMP11670,22,Male,Engineering,Project Engineer,Bachelor's,Marketing,Single,Kolkata,Full-Time,2016-01-11,0,0,4,0,1,18000,4,2,5,Yes,Travel_Rarely,6,1,200,88,3.7,Employee Referral,30,No
EMP11671,31,Male,Finance,Financial Analyst,Bachelor's,Computer Science,Single,Delhi,Full-Time,2018-11-09,11,5,5,11,4,31800,2,2,4,No,Travel_Frequently,13,2,251,96,2.0,Naukri,24,Yes
EMP11672,59,Female,Engineering,Engineering Manager,Master's,Computer Science,Single,Delhi,Full-Time,2016-10-05,14,3,5,35,5,50200,5,3,2,No,Non-Travel,20,2,132,12,3.3,Employee Referral,23,No
EMP11673,54,Male,Engineering,Project Engineer,Bachelor's,Other,Married,Kolkata,Part-Time,2024-01-21,6,2,4,30,3,23500,2,3,1,No,Travel_Rarely,26,4,165,41,2.3,Recruitment Agency,37,No
EMP11674,46,Female,Engineering,Engineering Manager,Bachelor's,Other,Married,Noida,Part-Time,2016-11-28,3,0,4,21,2,18000,2,5,3,No,Travel_Rarely,4,5,250,29,3.7,Employee Referral,20,No
EMP11675,38,Female,Operations,Operations Analyst,Diploma,Other,Single,Hyderabad,Full-Time,2020-04-19,13,2,6,16,5,28400,5,1,4,No,Travel_Rarely,5,5,269,65,3.3,Naukri,33,No
EMP11676,41,Female,Finance,Financial Analyst,Master's,Finance,Divorced,Delhi,Full-Time,2019-11-25,7,7,4,15,3,18400,5,3,3,Yes,Travel_Rarely,15,4,144,87,3.7,Employee Referral,22,No
EMP11677,56,Male,IT,Data Analyst,Bachelor's,Computer Science,Single,Chennai,Full-Time,2023-09-26,15,4,2,31,5,18000,3,2,4,No,Travel_Rarely,14,7,261,51,3.3,Campus Hiring,22,Yes
EMP11678,60,Male,Sales,Sales Representative,Master's,Other,Married,Kolkata,Full-Time,2023-08-23,13,5,3,33,5,18000,1,1,4,No,Travel_Rarely,19,2,145,82,1.3,Naukri,17,No
EMP11679,42,Male,IT,Software Engineer,Master's,Finance,Single,Chennai,Full-Time,2021-09-16,2,2,4,19,1,18000,4,3,3,No,Travel_Rarely,15,3,263,69,4.0,Employee Referral,11,Yes
EMP11680,50,Female,Operations,Operations Manager,Bachelor's,Finance,Single,Pune,Full-Time,2018-08-31,0,0,3,24,1,18000,4,1,3,No,Travel_Rarely,12,1,192,65,3.3,Naukri,18,Yes
EMP11681,50,Male,Finance,Financial Analyst,Master's,Human Resources,Single,Delhi,Full-Time,2019-01-11,4,0,5,27,2,21400,4,5,4,No,Travel_Rarely,18,4,152,56,4.7,Campus Hiring,8,No
EMP11682,28,Male,Engineering,Electrical Engineer,Bachelor's,Engineering,Single,Kolkata,Full-Time,2016-02-01,6,3,2,6,3,50100,2,2,3,No,Travel_Frequently,14,6,206,33,2.7,Naukri,26,No
EMP11683,54,Female,Marketing,Digital Marketing Specialist,Bachelor's,Computer Science,Married,Kolkata,Full-Time,2021-08-01,1,1,6,28,1,18000,5,1,3,No,Travel_Rarely,10,4,130,50,2.7,Recruitment Agency,21,Yes
EMP11684,29,Female,Engineering,Project Engineer,Bachelor's,Marketing,Married,Delhi,Part-Time,2024-07-22,2,2,5,4,1,49500,5,2,3,No,Travel_Rarely,8,4,205,13,3.0,Company Website,34,No
EMP11685,40,Female,IT,Software Engineer,Bachelor's,Business,Married,Hyderabad,Full-Time,2018-01-06,13,6,7,17,5,24200,5,3,3,Yes,Travel_Rarely,27,7,156,85,4.3,Naukri,17,No
EMP11686,60,Female,Engineering,Electrical Engineer,Bachelor's,Finance,Single,Delhi,Contract,2021-01-22,5,5,2,35,2,21100,1,4,3,No,Travel_Rarely,23,7,154,60,2.7,Naukri,22,No
EMP11687,45,Female,Engineering,Engineering Manager,Bachelor's,Other,Married,Ahmedabad,Full-Time,2023-04-20,2,2,5,23,1,19100,5,1,3,No,Travel_Rarely,26,4,215,97,3.3,Naukri,35,No
EMP11688,39,Male,Sales,Sales Representative,Bachelor's,Business,Married,Hyderabad,Full-Time,2024-04-20,2,2,1,13,1,18000,5,2,3,No,Travel_Rarely,29,5,191,10,4.0,LinkedIn,32,Yes
EMP11689,25,Male,Marketing,Digital Marketing Specialist,Master's,Marketing,Married,Noida,Part-Time,2025-11-17,0,0,1,0,1,25100,2,1,4,Yes,Travel_Rarely,4,2,275,23,2.7,LinkedIn,25,No
EMP11690,31,Male,Operations,Operations Manager,Diploma,Finance,Married,Gurugram,Full-Time,2018-06-28,5,3,4,11,2,27900,3,3,3,No,Travel_Rarely,18,4,222,19,2.7,Naukri,15,No
EMP11691,35,Male,IT,System Administrator,Master's,Finance,Single,Bengaluru,Contract,2016-02-14,4,4,3,11,2,18000,4,3,3,No,Travel_Rarely,28,4,159,45,3.3,Company Website,29,No
EMP11692,28,Male,Sales,Sales Representative,Bachelor's,Other,Married,Bengaluru,Full-Time,2023-05-01,4,2,5,4,2,69200,2,2,3,No,Travel_Rarely,25,4,213,51,3.0,Naukri,21,No
EMP11693,39,Other,Finance,Accountant,Bachelor's,Other,Divorced,Ahmedabad,Contract,2016-10-20,8,2,7,14,3,18000,2,5,4,No,Travel_Frequently,8,3,279,57,3.3,LinkedIn,19,Yes
EMP11694,43,Other,IT,System Administrator,Bachelor's,Other,Married,Pune,Full-Time,2024-10-01,0,0,2,17,1,18000,2,1,3,No,Travel_Rarely,4,3,254,27,1.7,Company Website,36,Yes
EMP11695,47,Male,Finance,Financial Analyst,Master's,Human Resources,Married,Chennai,Full-Time,2020-04-20,12,0,0,24,5,18000,4,1,3,No,Travel_Rarely,11,1,163,98,2.3,LinkedIn,37,Yes
EMP11696,60,Female,IT,Software Engineer,PhD,Computer Science,Single,Bengaluru,Full-Time,2022-07-19,15,0,1,35,5,19500,2,3,3,No,Travel_Frequently,5,2,133,85,3.3,Naukri,16,No
EMP11697,52,Male,IT,Data Analyst,Bachelor's,Engineering,Married,Chennai,Full-Time,2024-05-06,2,2,1,27,1,18000,3,1,3,No,Non-Travel,30,4,160,69,2.3,LinkedIn,39,No
EMP11698,46,Male,IT,Data Analyst,Bachelor's,Business,Single,Ahmedabad,Full-Time,2024-01-18,2,0,5,25,1,18000,5,2,3,Yes,Non-Travel,10,1,180,37,4.0,Company Website,23,No
EMP11699,47,Female,Engineering,Mechanical Engineer,Diploma,Human Resources,Married,Noida,Full-Time,2022-10-06,15,7,6,20,5,25300,3,4,2,No,Travel_Rarely,6,7,179,62,4.0,LinkedIn,31,Yes
EMP11700,39,Female,Sales,Sales Manager,Master's,Other,Single,Chennai,Full-Time,2016-06-15,10,1,0,13,4,19700,5,3,2,No,Travel_Rarely,29,6,143,18,4.3,Naukri,40,No
EMP11701,49,Female,Engineering,Engineering Manager,Master's,Human Resources,Married,Chennai,Full-Time,2016-09-25,15,5,7,25,5,28100,5,4,4,No,Travel_Rarely,4,1,137,33,4.7,Company Website,23,No
EMP11702,59,Other,Sales,Business Development Executive,Bachelor's,Marketing,Single,Mumbai,Full-Time,2024-12-09,5,4,7,33,2,18000,2,1,3,No,Travel_Rarely,18,6,230,29,2.0,LinkedIn,26,Yes
EMP11703,53,Male,Finance,Finance Executive,Master's,Engineering,Single,Hyderabad,Part-Time,2024-02-25,7,3,3,31,3,22800,2,5,4,Yes,Travel_Rarely,21,6,198,99,4.0,Naukri,31,No
EMP11704,39,Female,Sales,Sales Manager,Bachelor's,Human Resources,Single,Delhi,Full-Time,2019-02-21,2,0,7,14,1,18000,4,2,3,Yes,Travel_Rarely,27,2,265,78,2.7,Naukri,38,Yes
EMP11705,57,Male,Sales,Sales Manager,Bachelor's,Human Resources,Married,Ahmedabad,Full-Time,2025-02-24,2,2,7,36,1,18600,1,1,3,No,Travel_Rarely,17,3,268,36,1.3,Campus Hiring,24,Yes
EMP11706,39,Male,IT,IT Support Specialist,Bachelor's,Engineering,Married,Pune,Full-Time,2018-12-17,5,3,3,18,2,24900,3,2,4,No,Travel_Rarely,7,2,158,49,2.7,Campus Hiring,31,Yes
EMP11707,53,Male,Marketing,Content Strategist,Diploma,Human Resources,Single,Ahmedabad,Full-Time,2018-05-29,7,1,3,29,3,18000,4,1,3,Yes,Travel_Rarely,9,1,270,80,3.3,Recruitment Agency,17,No
EMP11708,36,Female,HR,HR Analyst,Bachelor's,Computer Science,Single,Bengaluru,Full-Time,2016-02-28,5,1,4,12,2,21000,4,1,3,No,Travel_Rarely,3,6,193,92,3.3,Company Website,11,Yes
EMP11709,43,Female,Marketing,Marketing Manager,Master's,Human Resources,Single,Bengaluru,Contract,2022-11-02,12,1,4,19,5,18000,3,1,2,No,Travel_Frequently,22,2,178,63,2.7,Company Website,18,No
EMP11710,27,Female,Marketing,Content Strategist,PhD,Finance,Single,Hyderabad,Full-Time,2016-08-04,5,0,6,5,2,36100,3,3,3,No,Non-Travel,9,3,148,95,3.7,Recruitment Agency,18,No
EMP11711,46,Male,IT,Software Engineer,Bachelor's,Marketing,Single,Kolkata,Full-Time,2020-05-23,13,1,5,25,5,30600,5,4,2,No,Travel_Rarely,27,1,256,91,4.0,Naukri,33,No
EMP11712,52,Male,IT,IT Support Specialist,Master's,Engineering,Single,Chennai,Full-Time,2025-09-23,9,5,0,29,4,23000,1,5,3,No,Travel_Rarely,4,2,212,24,3.0,Company Website,23,Yes
EMP11713,32,Male,Operations,Operations Manager,Master's,Engineering,Single,Ahmedabad,Contract,2016-08-31,2,2,5,10,1,19700,2,4,4,Yes,Travel_Rarely,22,7,225,60,3.3,Naukri,19,No
EMP11714,28,Female,Sales,Business Development Executive,Bachelor's,Business,Divorced,Gurugram,Contract,2021-11-20,3,3,2,8,2,21000,1,4,3,No,Travel_Frequently,30,7,244,78,2.3,Company Website,16,No
EMP11715,25,Male,IT,System Administrator,Bachelor's,Marketing,Single,Pune,Part-Time,2017-05-31,0,0,0,0,1,35700,1,2,4,No,Travel_Frequently,19,4,232,49,2.0,LinkedIn,20,No
EMP11716,48,Male,Engineering,Project Engineer,Bachelor's,Human Resources,Married,Chennai,Full-Time,2022-04-30,12,7,2,21,5,29600,2,3,3,No,Travel_Rarely,9,4,246,78,3.3,Campus Hiring,32,No
EMP11717,25,Male,IT,System Administrator,Bachelor's,Marketing,Married,Bengaluru,Full-Time,2022-04-07,0,0,0,0,1,36000,1,3,3,Yes,Travel_Rarely,23,2,207,52,3.0,Recruitment Agency,16,Yes
EMP11718,46,Male,Operations,Operations Analyst,Bachelor's,Other,Married,Noida,Full-Time,2021-02-12,3,3,4,19,2,18900,4,1,2,No,Travel_Rarely,23,2,200,73,2.3,LinkedIn,23,No
EMP11719,25,Male,Engineering,Engineering Manager,Master's,Engineering,Married,Kolkata,Full-Time,2018-05-10,1,1,3,1,1,27400,4,4,3,No,Travel_Rarely,20,6,149,16,4.0,Campus Hiring,21,No
EMP11720,42,Male,HR,HR Manager,Bachelor's,Other,Divorced,Kolkata,Full-Time,2018-01-03,10,1,1,21,4,37600,2,5,3,No,Travel_Rarely,6,7,225,11,3.3,Naukri,27,No
EMP11721,35,Female,IT,System Administrator,Master's,Finance,Single,Noida,Contract,2021-01-28,2,2,6,8,1,18000,2,2,1,Yes,Travel_Rarely,27,6,239,39,3.0,LinkedIn,41,Yes
EMP11722,33,Female,IT,System Administrator,Master's,Other,Single,Bengaluru,Full-Time,2019-06-06,8,4,7,8,3,18000,3,3,4,No,Travel_Rarely,11,3,224,84,2.7,Employee Referral,18,No
EMP11723,48,Female,Finance,Financial Analyst,Master's,Marketing,Single,Pune,Full-Time,2020-01-15,11,5,0,21,4,24900,3,1,3,Yes,Travel_Frequently,24,1,215,61,2.0,LinkedIn,27,Yes
EMP11724,53,Female,IT,Software Engineer,Master's,Marketing,Married,Ahmedabad,Full-Time,2024-02-26,10,6,0,27,4,18000,1,5,3,No,Travel_Rarely,15,2,262,42,2.7,Company Website,24,No
EMP11725,43,Male,Operations,Operations Executive,Master's,Business,Married,Kolkata,Full-Time,2022-11-07,5,3,6,21,2,18000,1,4,3,No,Travel_Rarely,22,1,224,18,3.3,LinkedIn,20,No
EMP11726,53,Male,IT,IT Support Specialist,Master's,Business,Married,Kolkata,Full-Time,2018-09-12,15,6,1,33,5,37400,2,5,5,No,Non-Travel,6,4,208,20,3.0,Company Website,24,Yes
EMP11727,38,Male,Sales,Sales Manager,Bachelor's,Human Resources,Married,Bengaluru,Contract,2017-06-27,11,2,6,12,4,40400,1,3,2,No,Non-Travel,20,1,274,85,2.0,Company Website,40,No
EMP11728,50,Male,Engineering,Electrical Engineer,Bachelor's,Business,Married,Pune,Full-Time,2023-12-22,10,6,0,28,4,18000,5,2,3,No,Non-Travel,24,5,166,19,3.0,Recruitment Agency,23,No
EMP11729,46,Female,Engineering,Mechanical Engineer,PhD,Human Resources,Single,Delhi,Full-Time,2022-08-18,8,3,7,24,3,18000,4,4,3,No,Non-Travel,30,7,148,63,3.7,Employee Referral,23,No
EMP11730,36,Female,Marketing,Content Strategist,Master's,Human Resources,Single,Noida,Full-Time,2024-06-22,8,7,6,13,3,18000,1,2,2,Yes,Travel_Rarely,10,3,267,84,2.7,LinkedIn,21,No
EMP11731,33,Male,Finance,Finance Manager,Bachelor's,Finance,Single,Mumbai,Full-Time,2025-03-31,6,6,3,6,3,38700,1,5,3,Yes,Travel_Rarely,24,7,173,29,3.0,Naukri,28,No
EMP11732,59,Male,Marketing,Marketing Manager,Master's,Finance,Single,Ahmedabad,Full-Time,2017-01-08,2,2,5,34,1,18300,3,5,3,No,Travel_Rarely,25,3,218,14,4.0,Recruitment Agency,15,No
EMP11733,53,Female,Sales,Sales Executive,Bachelor's,Other,Single,Ahmedabad,Full-Time,2024-12-02,2,2,1,30,1,23000,5,1,2,No,Non-Travel,22,1,166,33,2.7,Employee Referral,25,Yes
EMP11734,46,Male,Sales,Sales Representative,Master's,Marketing,Married,Chennai,Full-Time,2024-03-27,3,3,7,24,2,25500,1,4,3,Yes,Travel_Frequently,18,3,187,41,3.3,Company Website,28,No
EMP11735,21,Female,IT,Data Analyst,Master's,Finance,Married,Ahmedabad,Full-Time,2023-05-11,0,0,1,0,1,23800,4,5,4,No,Travel_Rarely,16,1,257,40,4.3,Company Website,16,No
EMP11736,58,Female,Engineering,Engineering Manager,Bachelor's,Business,Single,Chennai,Part-Time,2016-04-21,6,6,3,38,3,43100,1,3,2,No,Travel_Rarely,4,1,272,53,2.3,Naukri,38,No
EMP11737,22,Female,Sales,Sales Representative,Bachelor's,Finance,Married,Noida,Full-Time,2022-12-15,1,1,7,1,1,18000,2,3,3,No,Travel_Rarely,20,4,277,87,3.0,Company Website,38,Yes
EMP11738,26,Female,IT,Software Engineer,Bachelor's,Marketing,Married,Bengaluru,Full-Time,2016-10-20,2,2,3,5,1,21000,5,2,3,Yes,Non-Travel,13,7,270,28,3.3,Employee Referral,44,No
EMP11739,58,Male,Finance,Finance Manager,Bachelor's,Engineering,Married,Gurugram,Part-Time,2022-10-05,9,4,1,31,4,24500,1,3,3,No,Travel_Rarely,24,1,277,33,3.0,LinkedIn,29,No
EMP11740,44,Male,Sales,Sales Manager,Bachelor's,Computer Science,Single,Pune,Full-Time,2022-01-05,7,4,3,18,3,21500,5,5,3,No,Travel_Frequently,5,3,172,21,4.3,Recruitment Agency,28,No
EMP11741,38,Female,Engineering,Project Engineer,Bachelor's,Finance,Single,Ahmedabad,Contract,2022-01-07,10,6,5,13,4,18000,1,3,3,No,Travel_Rarely,20,5,177,59,2.7,Naukri,23,No
EMP11742,47,Female,Operations,Operations Analyst,Bachelor's,Engineering,Single,Hyderabad,Part-Time,2019-04-12,7,7,3,23,3,18000,4,4,3,No,Travel_Rarely,24,2,185,94,3.7,Naukri,25,Yes
EMP11743,28,Female,Operations,Process Associate,Master's,Marketing,Divorced,Kolkata,Full-Time,2024-12-12,4,4,7,4,2,18000,4,2,2,No,Non-Travel,29,3,240,34,3.0,LinkedIn,32,No
EMP11744,48,Male,IT,System Administrator,Master's,Other,Married,Kolkata,Full-Time,2025-02-08,3,3,5,27,2,30500,5,4,4,No,Travel_Rarely,19,5,161,60,4.3,Company Website,24,No
EMP11745,30,Female,Sales,Sales Manager,Bachelor's,Engineering,Single,Mumbai,Full-Time,2025-07-17,8,3,7,8,3,18000,3,5,3,No,Non-Travel,18,3,183,23,4.0,Naukri,23,No
EMP11746,37,Male,Sales,Business Development Executive,Master's,Engineering,Married,Delhi,Contract,2016-06-16,15,3,3,15,5,27200,3,5,3,No,Travel_Rarely,20,5,190,81,3.3,Naukri,29,No
EMP11747,49,Female,IT,System Administrator,PhD,Engineering,Single,Bengaluru,Full-Time,2024-08-19,11,5,1,26,4,22900,2,3,3,No,Travel_Rarely,27,3,239,38,3.0,Recruitment Agency,18,No
EMP11748,26,Female,HR,HR Manager,Bachelor's,Human Resources,Married,Ahmedabad,Full-Time,2016-03-10,0,0,0,0,1,18000,3,1,2,No,Travel_Rarely,17,2,240,34,2.3,Naukri,38,No
EMP11749,34,Female,Operations,Operations Analyst,PhD,Business,Married,Gurugram,Full-Time,2021-02-03,4,4,2,9,2,18000,5,1,3,Yes,Non-Travel,16,4,229,96,3.7,Naukri,24,No
EMP11750,42,Female,IT,System Administrator,Bachelor's,Finance,Married,Hyderabad,Full-Time,2022-10-09,11,0,1,15,4,23400,3,5,3,Yes,Travel_Frequently,1,4,276,68,4.3,Company Website,31,No
EMP11751,26,Female,Sales,Sales Executive,PhD,Engineering,Single,Pune,Full-Time,2019-11-26,0,0,7,0,1,22800,2,5,2,No,Travel_Rarely,21,2,198,66,3.0,LinkedIn,17,No
EMP11752,46,Female,HR,Recruiter,Diploma,Marketing,Single,Pune,Full-Time,2021-06-01,1,1,6,23,1,27500,1,2,3,Yes,Travel_Rarely,29,3,279,21,2.0,Naukri,24,Yes
EMP11753,59,Female,IT,System Administrator,Bachelor's,Computer Science,Single,Mumbai,Full-Time,2023-01-16,12,6,2,35,5,18000,3,5,3,No,Travel_Rarely,27,7,267,59,4.0,Naukri,20,No
EMP11754,32,Female,HR,HR Manager,Bachelor's,Human Resources,Single,Delhi,Full-Time,2020-07-12,5,5,3,5,2,18000,5,5,4,No,Travel_Frequently,1,5,272,21,4.3,Company Website,21,No
EMP11755,55,Female,Engineering,Mechanical Engineer,Master's,Computer Science,Married,Gurugram,Part-Time,2022-03-09,2,2,3,34,1,23100,5,2,3,No,Non-Travel,30,1,131,91,3.7,Campus Hiring,14,Yes
EMP11756,34,Female,Engineering,Electrical Engineer,Bachelor's,Other,Divorced,Ahmedabad,Full-Time,2016-04-11,8,4,0,8,3,41700,2,4,2,Yes,Travel_Frequently,20,3,279,57,3.3,LinkedIn,34,Yes
EMP11757,42,Female,Engineering,Project Engineer,Master's,Other,Married,Pune,Full-Time,2020-12-17,5,2,3,15,2,18000,2,4,3,No,Travel_Rarely,24,2,241,59,3.3,Employee Referral,28,No
EMP11758,43,Male,Sales,Sales Manager,Bachelor's,Computer Science,Single,Mumbai,Full-Time,2020-09-27,11,4,6,21,4,18000,4,2,3,No,Non-Travel,14,6,228,28,2.7,LinkedIn,11,No
EMP11759,27,Male,IT,Data Analyst,Bachelor's,Human Resources,Single,Noida,Full-Time,2020-05-31,0,0,7,0,1,28700,4,2,2,No,Travel_Rarely,24,4,232,62,3.3,Naukri,22,No
EMP11760,60,Female,Sales,Business Development Executive,Bachelor's,Business,Single,Mumbai,Part-Time,2019-09-23,13,3,2,39,5,24300,4,4,3,No,Travel_Frequently,2,4,141,44,3.7,Company Website,22,No
EMP11761,45,Male,Sales,Business Development Executive,Bachelor's,Finance,Married,Chennai,Full-Time,2016-11-28,1,1,1,25,1,28900,1,4,3,No,Non-Travel,15,3,254,36,2.3,LinkedIn,28,Yes
EMP11762,33,Female,Engineering,Project Engineer,Bachelor's,Computer Science,Single,Kolkata,Full-Time,2022-03-02,12,1,1,12,5,18200,5,4,3,No,Travel_Rarely,29,5,174,76,3.7,Company Website,23,No
EMP11763,41,Male,IT,IT Support Specialist,Bachelor's,Business,Single,Hyderabad,Full-Time,2020-02-19,11,6,6,21,4,18000,4,4,3,Yes,Travel_Rarely,3,7,277,86,4.3,Naukri,34,No
EMP11764,30,Female,Sales,Sales Manager,Master's,Marketing,Married,Pune,Full-Time,2016-08-16,7,7,5,7,3,46700,5,3,2,No,Travel_Rarely,30,7,136,60,3.3,Recruitment Agency,33,No
EMP11765,29,Male,IT,Software Engineer,Master's,Marketing,Married,Delhi,Full-Time,2024-12-04,6,0,0,6,3,35900,2,2,3,No,Travel_Frequently,13,2,196,28,2.3,Employee Referral,44,Yes
EMP11766,35,Female,Finance,Finance Executive,Bachelor's,Business,Married,Delhi,Full-Time,2019-01-27,4,3,6,11,2,21800,1,1,5,No,Travel_Rarely,19,2,199,52,2.3,Naukri,5,No
EMP11767,22,Male,Operations,Operations Executive,Bachelor's,Finance,Married,Kolkata,Full-Time,2021-05-11,1,1,2,1,1,18000,2,3,3,Yes,Travel_Rarely,1,5,226,44,3.0,LinkedIn,36,No
EMP11768,45,Female,Sales,Sales Representative,Master's,Marketing,Married,Pune,Full-Time,2021-05-13,13,4,3,24,5,18000,5,1,3,No,Travel_Rarely,13,5,182,24,3.7,LinkedIn,31,Yes
EMP11769,33,Male,Finance,Finance Manager,Master's,Human Resources,Married,Bengaluru,Full-Time,2019-12-05,8,3,4,13,3,24400,4,1,3,No,Travel_Rarely,15,7,222,25,2.3,LinkedIn,22,No
EMP11770,54,Female,Finance,Finance Executive,Bachelor's,Other,Single,Mumbai,Contract,2018-08-11,10,8,7,31,4,19700,2,5,3,No,Travel_Rarely,16,3,280,78,3.7,Employee Referral,22,No
EMP11771,54,Female,Sales,Business Development Executive,Bachelor's,Other,Single,Ahmedabad,Full-Time,2020-10-19,7,6,0,34,3,21900,3,2,4,No,Travel_Rarely,30,7,187,80,3.0,Campus Hiring,23,Yes
EMP11772,55,Male,Operations,Process Associate,Diploma,Finance,Married,Noida,Full-Time,2017-04-04,11,1,0,32,4,45500,1,3,3,Yes,Travel_Rarely,11,3,198,94,2.3,LinkedIn,26,No
EMP11773,58,Male,Engineering,Project Engineer,Master's,Business,Married,Hyderabad,Full-Time,2019-05-02,11,0,4,38,4,33400,5,2,3,No,Travel_Rarely,3,6,176,50,3.0,Naukri,19,No
EMP11774,23,Male,Engineering,Project Engineer,Bachelor's,Marketing,Married,Bengaluru,Full-Time,2023-02-15,0,0,6,0,1,18000,4,4,3,No,Travel_Rarely,8,4,172,63,3.7,Naukri,10,No
EMP11775,26,Male,Operations,Operations Analyst,Master's,Other,Divorced,Mumbai,Contract,2018-06-08,6,0,1,6,3,22800,2,2,3,Yes,Travel_Frequently,6,4,191,74,2.0,Employee Referral,19,Yes
EMP11776,39,Male,Finance,Financial Analyst,Bachelor's,Marketing,Married,Ahmedabad,Contract,2023-05-07,13,5,5,13,5,18000,1,1,3,Yes,Travel_Rarely,5,5,184,98,1.3,LinkedIn,22,Yes
EMP11777,23,Male,Operations,Operations Executive,Bachelor's,Engineering,Single,Ahmedabad,Full-Time,2018-11-09,0,0,7,0,1,25200,4,4,1,No,Travel_Rarely,26,1,236,39,4.0,Recruitment Agency,29,Yes
EMP11778,38,Female,Sales,Business Development Executive,Diploma,Human Resources,Single,Hyderabad,Full-Time,2018-07-19,12,3,7,13,5,21400,2,2,3,Yes,Travel_Frequently,28,1,178,28,2.7,Employee Referral,13,Yes
EMP11779,59,Male,HR,HR Analyst,Master's,Marketing,Married,Kolkata,Full-Time,2016-11-06,14,5,1,39,5,83700,5,2,3,No,Travel_Rarely,15,1,235,97,4.0,Recruitment Agency,30,No
EMP11780,29,Female,Engineering,Electrical Engineer,Master's,Human Resources,Single,Ahmedabad,Full-Time,2023-11-29,8,4,1,8,3,26700,3,1,3,No,Travel_Rarely,9,2,207,55,2.0,Naukri,13,No
EMP11781,32,Male,IT,Data Analyst,Master's,Computer Science,Single,Noida,Full-Time,2021-02-06,2,2,4,8,1,20700,3,4,4,No,Travel_Rarely,30,3,248,69,3.0,Company Website,28,No
EMP11782,25,Female,Engineering,Electrical Engineer,Master's,Engineering,Divorced,Delhi,Full-Time,2023-06-20,0,0,7,0,1,50500,5,1,3,No,Travel_Rarely,23,5,157,88,3.3,Employee Referral,29,Yes
EMP11783,23,Female,Sales,Sales Representative,Diploma,Business,Married,Bengaluru,Part-Time,2020-04-30,0,0,3,0,1,24200,1,2,3,No,Travel_Rarely,22,4,186,33,1.7,Employee Referral,23,No
EMP11784,31,Male,Marketing,Digital Marketing Specialist,Diploma,Other,Single,Pune,Full-Time,2024-05-01,5,1,7,11,2,18000,5,3,4,Yes,Travel_Rarely,5,1,249,45,3.3,LinkedIn,24,No
EMP11785,50,Female,Marketing,Marketing Executive,Master's,Computer Science,Single,Noida,Full-Time,2020-10-24,2,2,3,26,1,20800,2,3,4,No,Travel_Rarely,21,4,249,58,2.3,Recruitment Agency,30,Yes
EMP11786,24,Female,Engineering,Mechanical Engineer,Diploma,Computer Science,Single,Pune,Full-Time,2021-10-27,3,2,5,3,2,29000,1,5,3,No,Travel_Rarely,10,3,133,68,3.0,Recruitment Agency,19,No
EMP11787,25,Male,Marketing,Marketing Executive,Bachelor's,Human Resources,Married,Kolkata,Contract,2024-11-15,0,0,5,0,1,27400,3,3,2,No,Non-Travel,25,6,149,23,3.7,LinkedIn,27,No
EMP11788,21,Female,Marketing,Content Strategist,Master's,Finance,Single,Noida,Full-Time,2016-09-02,0,0,2,0,1,34600,2,4,3,Yes,Travel_Rarely,29,6,246,95,3.7,Company Website,21,No
EMP11789,47,Female,IT,System Administrator,Bachelor's,Engineering,Married,Delhi,Full-Time,2023-10-01,5,5,2,24,2,23600,4,5,2,Yes,Non-Travel,26,5,218,48,3.7,Naukri,38,No
EMP11790,48,Male,Sales,Sales Representative,Diploma,Human Resources,Married,Chennai,Full-Time,2017-04-16,3,2,1,21,2,22900,4,4,4,No,Travel_Rarely,6,1,182,17,3.3,Campus Hiring,29,No
EMP11791,49,Female,IT,IT Support Specialist,Diploma,Finance,Married,Mumbai,Full-Time,2024-09-05,6,6,4,23,3,18000,4,3,4,No,Travel_Frequently,28,1,168,57,3.7,Employee Referral,15,No
EMP11792,38,Female,Operations,Operations Analyst,Bachelor's,Engineering,Divorced,Chennai,Full-Time,2016-11-17,11,8,5,11,4,43800,3,3,3,No,Travel_Rarely,11,6,182,89,3.7,Naukri,40,No
EMP11793,32,Female,Sales,Sales Executive,Bachelor's,Engineering,Single,Bengaluru,Full-Time,2016-05-20,5,5,0,5,2,19200,5,2,4,No,Travel_Rarely,4,5,250,90,4.0,LinkedIn,33,No
EMP11794,33,Female,Operations,Operations Manager,Bachelor's,Computer Science,Single,Mumbai,Part-Time,2024-09-15,9,2,3,9,4,18000,1,4,3,No,Travel_Rarely,20,4,215,78,3.0,Naukri,13,Yes
EMP11795,22,Male,IT,Software Engineer,Bachelor's,Marketing,Single,Bengaluru,Full-Time,2022-06-18,0,0,6,0,1,71900,3,1,5,Yes,Travel_Rarely,12,3,228,50,3.0,LinkedIn,10,Yes
EMP11796,57,Female,IT,Data Analyst,Bachelor's,Finance,Single,Ahmedabad,Full-Time,2019-02-18,9,6,4,35,4,46900,2,2,5,No,Non-Travel,20,6,247,44,2.3,LinkedIn,13,Yes
EMP11797,36,Male,Operations,Operations Analyst,Master's,Finance,Married,Hyderabad,Contract,2016-04-08,13,6,7,13,5,18000,2,4,1,No,Travel_Rarely,27,6,221,73,3.3,Employee Referral,15,Yes
EMP11798,44,Male,IT,System Administrator,Bachelor's,Human Resources,Single,Delhi,Contract,2025-12-28,7,7,5,20,3,18000,4,5,2,Yes,Travel_Rarely,6,3,267,62,3.7,Employee Referral,25,No
EMP11799,55,Female,IT,Data Analyst,Bachelor's,Computer Science,Single,Hyderabad,Full-Time,2017-05-08,15,4,2,35,5,18000,1,4,3,Yes,Travel_Frequently,1,3,242,63,2.7,Company Website,25,No
EMP11800,42,Male,IT,Software Engineer,Bachelor's,Marketing,Single,Chennai,Full-Time,2019-03-13,0,0,5,16,1,44800,4,5,5,No,Travel_Rarely,25,6,212,46,4.7,Employee Referral,31,No
EMP11801,56,Female,Engineering,Electrical Engineer,Bachelor's,Human Resources,Married,Pune,Full-Time,2021-11-27,15,7,7,36,5,23800,2,5,5,No,Travel_Frequently,30,4,194,61,3.0,LinkedIn,21,No
EMP11802,31,Female,Operations,Process Associate,Bachelor's,Human Resources,Married,Pune,Full-Time,2017-04-28,2,2,3,10,1,18000,2,3,3,Yes,Travel_Frequently,18,4,130,27,3.3,Naukri,22,No
EMP11803,49,Male,Finance,Finance Manager,Bachelor's,Human Resources,Married,Kolkata,Contract,2021-12-17,10,3,5,22,4,31300,5,1,3,No,Travel_Rarely,2,1,259,30,3.7,Employee Referral,25,No
EMP11804,55,Female,HR,HR Executive,Master's,Engineering,Married,Kolkata,Full-Time,2019-11-24,15,1,3,30,5,20000,5,4,3,Yes,Travel_Frequently,5,4,157,51,3.7,Naukri,34,No
EMP11805,35,Male,Finance,Finance Executive,Bachelor's,Engineering,Single,Kolkata,Full-Time,2018-04-19,4,0,7,9,2,18000,5,1,4,Yes,Travel_Rarely,16,2,213,74,2.7,Naukri,7,Yes
EMP11806,51,Male,Operations,Operations Analyst,Master's,Other,Single,Noida,Full-Time,2017-05-20,4,3,4,29,2,18000,4,5,3,No,Travel_Rarely,12,5,157,90,4.0,LinkedIn,22,Yes
EMP11807,36,Male,Operations,Process Associate,Diploma,Human Resources,Married,Ahmedabad,Full-Time,2023-09-17,15,6,5,16,5,39700,1,3,3,Yes,Travel_Rarely,12,4,253,17,3.0,Company Website,36,No
EMP11808,30,Female,IT,Data Analyst,Master's,Marketing,Single,Kolkata,Full-Time,2016-07-28,6,6,5,6,3,28200,5,1,3,No,Non-Travel,11,3,160,93,3.3,Campus Hiring,25,No
EMP11809,52,Male,IT,Data Analyst,Bachelor's,Engineering,Married,Gurugram,Full-Time,2020-11-16,13,8,2,26,5,18000,3,2,4,No,Travel_Frequently,20,4,264,48,3.0,Company Website,21,Yes
EMP11810,22,Female,IT,IT Support Specialist,Bachelor's,Finance,Married,Gurugram,Full-Time,2016-12-26,0,0,4,0,1,26000,5,5,4,Yes,Travel_Rarely,19,1,201,70,4.7,LinkedIn,17,No
EMP11811,44,Male,Operations,Process Associate,Diploma,Finance,Married,Pune,Full-Time,2016-06-02,9,4,0,19,4,23100,4,2,3,No,Travel_Rarely,21,7,177,69,3.7,Campus Hiring,32,No
EMP11812,43,Male,Operations,Operations Analyst,Master's,Finance,Married,Kolkata,Full-Time,2017-06-16,7,6,3,18,3,18200,1,1,3,No,Travel_Rarely,7,5,155,78,2.3,LinkedIn,20,Yes
EMP11813,22,Male,HR,HR Manager,Bachelor's,Computer Science,Single,Gurugram,Full-Time,2020-04-19,0,0,6,0,1,18700,5,1,3,No,Travel_Rarely,26,5,218,68,2.7,Company Website,20,No
EMP11814,58,Male,IT,Software Engineer,Bachelor's,Engineering,Married,Noida,Full-Time,2025-05-24,6,5,6,33,3,18000,1,1,4,No,Non-Travel,2,3,264,19,1.7,Naukri,36,No
EMP11815,51,Male,IT,Software Engineer,Bachelor's,Computer Science,Married,Gurugram,Full-Time,2021-07-04,14,3,4,31,5,18000,3,4,3,No,Travel_Frequently,29,5,234,72,4.0,Recruitment Agency,15,Yes
EMP11816,60,Female,Engineering,Electrical Engineer,Bachelor's,Engineering,Married,Kolkata,Full-Time,2022-06-15,15,2,6,36,5,25100,2,5,3,Yes,Travel_Frequently,29,2,186,79,3.7,Employee Referral,39,No
EMP11817,46,Female,HR,HR Manager,Master's,Finance,Single,Noida,Contract,2022-11-26,6,6,4,19,3,19400,1,5,3,Yes,Travel_Rarely,6,5,244,16,3.7,Company Website,26,No
EMP11818,49,Female,Operations,Operations Analyst,Master's,Finance,Married,Kolkata,Full-Time,2023-08-15,13,3,6,25,5,28200,5,5,3,No,Non-Travel,4,6,249,44,4.3,Employee Referral,24,No
EMP11819,23,Female,Marketing,Marketing Manager,PhD,Marketing,Married,Gurugram,Full-Time,2023-05-07,2,2,0,2,1,18000,4,4,2,Yes,Travel_Rarely,2,3,130,100,4.3,Company Website,27,Yes
EMP11820,34,Male,Finance,Finance Manager,Bachelor's,Engineering,Single,Mumbai,Full-Time,2020-11-10,7,0,4,12,3,30300,4,1,3,No,Travel_Rarely,17,5,211,51,2.7,LinkedIn,24,No
EMP11821,45,Female,HR,HR Analyst,Master's,Other,Single,Bengaluru,Full-Time,2021-05-23,8,6,3,19,3,39800,4,1,3,Yes,Travel_Rarely,8,4,158,94,2.3,Employee Referral,19,Yes
EMP11822,21,Female,IT,IT Support Specialist,Bachelor's,Other,Single,Chennai,Full-Time,2018-05-25,0,0,7,0,1,22000,4,2,3,No,Travel_Rarely,5,1,279,97,3.0,Company Website,27,Yes
EMP11823,23,Male,Marketing,Content Strategist,Master's,Business,Married,Chennai,Full-Time,2022-06-05,1,0,6,1,1,27800,1,4,2,Yes,Travel_Rarely,10,6,143,38,3.0,Employee Referral,20,Yes
EMP11824,46,Female,Operations,Operations Analyst,Bachelor's,Other,Married,Noida,Full-Time,2016-12-06,15,3,7,22,5,28300,4,3,2,No,Travel_Rarely,16,6,259,36,4.0,LinkedIn,28,No
EMP11825,38,Male,Marketing,Content Strategist,Master's,Computer Science,Single,Mumbai,Full-Time,2024-06-02,7,4,1,12,3,18000,2,4,3,No,Travel_Rarely,2,4,200,47,3.7,LinkedIn,45,No
EMP11826,29,Female,Sales,Sales Manager,Master's,Finance,Married,Delhi,Part-Time,2017-09-26,0,0,1,4,1,28400,3,2,3,Yes,Travel_Rarely,24,7,254,11,3.0,Company Website,30,No
EMP11827,58,Female,IT,Software Engineer,Bachelor's,Marketing,Married,Pune,Part-Time,2023-02-14,14,3,2,36,5,18000,1,2,3,No,Travel_Rarely,19,6,208,34,2.0,Company Website,22,No
EMP11828,43,Male,Engineering,Engineering Manager,PhD,Other,Married,Mumbai,Full-Time,2019-04-07,3,2,0,19,2,18000,1,2,4,No,Travel_Frequently,7,2,236,75,2.7,Naukri,26,No
EMP11829,41,Female,Operations,Process Associate,Master's,Marketing,Single,Kolkata,Full-Time,2017-02-23,5,1,7,17,2,19000,4,1,3,No,Travel_Rarely,2,2,227,47,3.3,Naukri,21,Yes
EMP11830,21,Female,HR,HR Analyst,Bachelor's,Finance,Single,Bengaluru,Full-Time,2025-03-05,0,0,2,0,1,29300,4,3,3,Yes,Travel_Rarely,13,1,279,68,3.3,Employee Referral,22,No
EMP11831,41,Female,Engineering,Engineering Manager,Master's,Engineering,Single,Mumbai,Full-Time,2018-01-06,12,3,1,20,5,21200,1,2,3,No,Travel_Rarely,23,1,147,91,2.0,LinkedIn,23,No
EMP11832,47,Male,Marketing,Marketing Executive,PhD,Marketing,Single,Noida,Full-Time,2022-09-02,3,3,0,22,2,30800,4,5,4,No,Travel_Rarely,4,1,175,16,4.0,Naukri,28,No
EMP11833,26,Female,Marketing,Marketing Executive,Diploma,Engineering,Married,Chennai,Full-Time,2019-04-23,0,0,7,0,1,18000,4,1,3,Yes,Travel_Rarely,16,1,211,58,3.3,Company Website,32,Yes
EMP11834,56,Female,Operations,Operations Manager,Master's,Other,Married,Gurugram,Full-Time,2019-09-08,4,4,4,33,2,32800,4,3,3,No,Travel_Rarely,10,5,252,77,3.7,Naukri,43,No
EMP11835,48,Female,Engineering,Mechanical Engineer,Master's,Marketing,Married,Kolkata,Full-Time,2021-08-20,15,1,4,28,5,45800,4,5,3,Yes,Travel_Rarely,17,6,227,50,4.3,Campus Hiring,30,No
EMP11836,37,Female,Marketing,Marketing Manager,Bachelor's,Other,Divorced,Bengaluru,Full-Time,2020-09-04,13,4,3,14,5,18000,4,3,3,No,Non-Travel,21,4,175,83,3.0,LinkedIn,14,No
EMP11837,60,Female,IT,Data Analyst,Bachelor's,Computer Science,Married,Gurugram,Full-Time,2017-08-30,8,8,7,37,3,31200,5,3,4,No,Non-Travel,28,2,232,60,3.7,Campus Hiring,12,No
EMP11838,23,Other,Finance,Finance Manager,PhD,Engineering,Married,Hyderabad,Full-Time,2022-05-14,0,0,5,0,1,22300,5,5,3,No,Travel_Frequently,14,5,166,33,4.7,Employee Referral,23,No
EMP11839,32,Male,Engineering,Electrical Engineer,Master's,Marketing,Married,Mumbai,Full-Time,2019-03-08,5,0,1,5,2,26900,5,4,4,No,Non-Travel,12,1,147,45,4.0,Naukri,33,Yes
EMP11840,59,Male,HR,HR Analyst,Bachelor's,Finance,Single,Hyderabad,Full-Time,2024-05-23,8,1,4,33,3,45800,1,3,3,No,Travel_Rarely,13,3,233,89,3.0,Recruitment Agency,22,No
EMP11841,32,Male,Finance,Accountant,Bachelor's,Business,Single,Hyderabad,Full-Time,2024-08-23,3,3,0,7,2,25500,3,4,5,No,Travel_Rarely,30,3,275,19,3.7,Employee Referral,22,No
EMP11842,22,Male,Sales,Sales Executive,Bachelor's,Other,Married,Gurugram,Full-Time,2021-04-07,0,0,5,0,1,31100,1,3,3,No,Travel_Rarely,20,4,272,30,3.0,Recruitment Agency,32,No
EMP11843,42,Female,Sales,Business Development Executive,Bachelor's,Finance,Married,Ahmedabad,Full-Time,2016-08-18,13,0,5,20,5,18000,5,5,4,No,Travel_Rarely,8,2,251,36,4.0,Company Website,24,No
EMP11844,43,Other,Marketing,Digital Marketing Specialist,Master's,Engineering,Married,Gurugram,Full-Time,2020-01-14,3,0,4,18,2,30600,1,3,3,No,Travel_Rarely,17,7,223,64,2.7,Company Website,33,No
EMP11845,50,Female,Engineering,Engineering Manager,Bachelor's,Other,Married,Noida,Full-Time,2021-07-30,11,3,2,25,4,45500,3,2,3,No,Travel_Rarely,18,2,229,94,3.0,Company Website,10,No
EMP11846,25,Male,HR,HR Analyst,Bachelor's,Human Resources,Single,Hyderabad,Full-Time,2021-12-25,1,1,2,1,1,18000,4,2,3,Yes,Travel_Rarely,21,4,157,100,2.7,LinkedIn,28,No
EMP11847,29,Female,IT,IT Support Specialist,Diploma,Finance,Single,Mumbai,Full-Time,2018-09-23,5,5,2,5,2,19000,2,3,4,No,Travel_Frequently,10,7,144,14,2.7,Recruitment Agency,8,Yes
EMP11848,41,Female,IT,Software Engineer,Bachelor's,Other,Single,Delhi,Full-Time,2023-01-22,14,5,7,17,5,30000,5,5,3,No,Travel_Rarely,26,1,257,95,4.7,Employee Referral,26,Yes
EMP11849,31,Female,Engineering,Project Engineer,Bachelor's,Finance,Single,Mumbai,Full-Time,2025-05-02,3,3,5,11,2,26900,5,5,3,Yes,Travel_Rarely,28,1,172,68,4.0,Employee Referral,32,No
EMP11850,25,Female,Marketing,Digital Marketing Specialist,Bachelor's,Human Resources,Single,Mumbai,Full-Time,2019-03-25,1,0,2,3,1,18000,3,1,3,No,Non-Travel,13,6,162,45,3.0,Recruitment Agency,9,No
EMP11851,55,Female,HR,HR Analyst,Bachelor's,Business,Married,Bengaluru,Part-Time,2017-08-29,12,8,2,33,5,23700,4,5,5,No,Travel_Rarely,2,2,259,83,3.7,Recruitment Agency,5,Yes
EMP11852,47,Other,Engineering,Mechanical Engineer,Master's,Human Resources,Single,Ahmedabad,Full-Time,2024-06-15,12,6,5,23,5,19000,4,4,3,No,Travel_Rarely,27,2,137,43,4.3,LinkedIn,32,No
EMP11853,22,Male,Engineering,Engineering Manager,Bachelor's,Finance,Married,Pune,Full-Time,2023-10-10,0,0,3,0,1,18000,2,3,3,No,Travel_Rarely,17,2,241,61,2.3,Employee Referral,28,No
EMP11854,44,Male,Engineering,Engineering Manager,Diploma,Marketing,Single,Delhi,Full-Time,2021-04-04,14,6,2,24,5,40600,4,2,4,Yes,Travel_Rarely,6,7,162,15,3.3,Company Website,14,No
EMP11855,51,Female,Engineering,Project Engineer,Bachelor's,Computer Science,Single,Pune,Full-Time,2019-07-08,1,1,3,28,1,22100,3,5,4,No,Travel_Rarely,12,1,275,23,3.7,Company Website,26,Yes
EMP11856,53,Male,HR,Recruiter,Master's,Other,Married,Noida,Full-Time,2024-11-05,0,0,3,32,1,34300,4,2,3,No,Travel_Rarely,29,3,219,68,3.3,Recruitment Agency,19,No
EMP11857,59,Male,Operations,Operations Executive,Bachelor's,Business,Single,Delhi,Full-Time,2019-08-25,4,4,4,37,2,18000,3,1,4,No,Travel_Rarely,13,4,278,66,2.7,Campus Hiring,22,No
EMP11858,50,Male,Sales,Sales Representative,Bachelor's,Engineering,Divorced,Hyderabad,Full-Time,2021-10-29,15,6,5,28,5,28700,5,3,3,No,Travel_Rarely,28,4,245,46,4.3,Employee Referral,22,No
EMP11859,57,Female,Engineering,Mechanical Engineer,Bachelor's,Marketing,Married,Mumbai,Full-Time,2023-07-07,14,2,0,34,5,35500,5,5,2,Yes,Travel_Frequently,26,5,149,67,4.7,Naukri,12,No
EMP11860,48,Male,Operations,Operations Manager,Bachelor's,Engineering,Single,Gurugram,Full-Time,2022-03-10,5,3,2,28,2,19800,5,2,4,Yes,Non-Travel,4,5,252,92,3.0,Employee Referral,32,No
EMP11861,51,Female,Operations,Operations Executive,Bachelor's,Business,Married,Mumbai,Full-Time,2021-07-17,8,2,0,29,3,18000,1,5,4,No,Non-Travel,15,3,261,41,3.0,Company Website,14,Yes
EMP11862,31,Female,Marketing,Marketing Executive,Bachelor's,Business,Single,Delhi,Full-Time,2025-07-30,4,4,1,8,2,18000,5,1,3,Yes,Travel_Rarely,16,2,165,29,3.3,Naukri,25,No
EMP11863,43,Male,IT,IT Support Specialist,Bachelor's,Finance,Married,Mumbai,Full-Time,2025-05-06,12,6,7,18,5,18000,3,2,2,No,Travel_Rarely,21,3,227,94,2.7,Company Website,30,Yes
EMP11864,22,Other,Sales,Sales Representative,Bachelor's,Human Resources,Single,Ahmedabad,Full-Time,2019-10-14,0,0,3,0,1,18000,2,2,3,No,Travel_Rarely,19,7,206,88,3.0,Naukri,17,No
EMP11865,60,Female,Engineering,Project Engineer,Master's,Business,Married,Hyderabad,Full-Time,2020-08-29,5,5,6,34,2,18000,4,3,4,No,Travel_Rarely,15,7,255,90,3.7,Company Website,22,No
EMP11866,47,Female,Engineering,Mechanical Engineer,Bachelor's,Engineering,Married,Pune,Full-Time,2016-07-24,2,2,1,27,1,18000,5,3,5,No,Travel_Frequently,26,5,168,70,3.7,Employee Referral,19,No
EMP11867,55,Female,IT,IT Support Specialist,Master's,Business,Married,Mumbai,Full-Time,2025-04-30,15,0,3,32,5,23700,1,2,3,No,Travel_Rarely,6,6,200,66,1.7,LinkedIn,40,No
EMP11868,22,Female,IT,Software Engineer,Bachelor's,Computer Science,Single,Hyderabad,Full-Time,2019-07-08,0,0,2,0,1,25000,1,3,4,Yes,Travel_Rarely,20,5,235,61,2.3,Employee Referral,32,No
EMP11869,59,Male,IT,IT Support Specialist,Master's,Finance,Married,Noida,Full-Time,2020-12-14,3,3,1,34,2,36000,3,2,3,No,Travel_Rarely,29,4,269,97,2.3,LinkedIn,31,No
EMP11870,57,Male,Operations,Process Associate,Bachelor's,Business,Married,Pune,Full-Time,2018-06-18,0,0,5,37,1,18000,2,4,3,No,Travel_Frequently,6,7,184,94,2.7,Company Website,44,Yes
EMP11871,41,Female,Engineering,Engineering Manager,Master's,Computer Science,Married,Gurugram,Part-Time,2018-01-17,3,1,4,14,2,22300,5,5,2,No,Travel_Rarely,29,3,247,57,5.0,Company Website,27,No
EMP11872,25,Female,HR,HR Analyst,Bachelor's,Other,Married,Ahmedabad,Full-Time,2025-01-27,0,0,7,0,1,18300,5,4,3,No,Travel_Rarely,5,1,223,88,4.0,Employee Referral,21,Yes
EMP11873,41,Male,Sales,Sales Representative,Bachelor's,Other,Single,Kolkata,Full-Time,2018-05-26,14,1,1,14,5,18000,1,4,3,No,Travel_Rarely,27,5,227,20,3.0,Employee Referral,11,Yes
EMP11874,49,Female,Engineering,Mechanical Engineer,Bachelor's,Engineering,Married,Delhi,Full-Time,2023-03-14,4,4,7,25,2,19100,3,5,4,Yes,Non-Travel,2,4,138,39,4.0,Naukri,18,No
EMP11875,40,Male,Operations,Process Associate,Master's,Engineering,Single,Delhi,Full-Time,2022-09-08,10,7,3,20,4,20200,1,2,3,Yes,Travel_Rarely,20,2,269,69,2.3,LinkedIn,25,Yes
EMP11876,58,Male,Sales,Sales Representative,Bachelor's,Computer Science,Single,Bengaluru,Full-Time,2020-10-14,10,7,5,37,4,24700,1,2,3,No,Non-Travel,2,3,198,27,2.3,Employee Referral,32,Yes
EMP11877,40,Male,Marketing,Marketing Executive,Bachelor's,Computer Science,Single,Gurugram,Full-Time,2016-12-02,7,0,3,16,3,19000,2,3,4,Yes,Travel_Rarely,5,5,212,86,2.7,Company Website,18,No
EMP11878,45,Female,Sales,Business Development Executive,Bachelor's,Human Resources,Married,Delhi,Contract,2023-10-17,7,0,0,19,3,38300,3,1,3,No,Travel_Frequently,3,1,157,83,3.0,Naukri,38,No
EMP11879,22,Female,HR,HR Manager,Bachelor's,Business,Married,Ahmedabad,Full-Time,2020-10-27,0,0,6,0,1,18000,2,2,3,No,Non-Travel,6,5,146,56,2.7,Naukri,10,No
EMP11880,52,Male,Marketing,Content Strategist,Master's,Other,Single,Mumbai,Full-Time,2018-02-19,13,5,6,28,5,35400,3,5,3,Yes,Travel_Rarely,11,1,151,21,4.0,LinkedIn,21,No
EMP11881,46,Male,Operations,Operations Executive,Diploma,Finance,Single,Delhi,Full-Time,2016-10-05,15,7,1,22,5,18700,5,1,4,Yes,Travel_Rarely,5,3,242,59,2.7,Naukri,28,No
EMP11882,26,Male,Engineering,Electrical Engineer,Master's,Finance,Married,Delhi,Full-Time,2022-04-15,0,0,4,0,1,20200,4,5,3,No,Travel_Rarely,18,6,276,49,4.0,Company Website,25,No
EMP11883,23,Male,Marketing,Digital Marketing Specialist,PhD,Other,Single,Kolkata,Full-Time,2018-04-12,0,0,2,0,1,21900,4,5,2,Yes,Travel_Rarely,14,1,237,99,3.7,Company Website,28,No
EMP11884,53,Female,Operations,Operations Analyst,Diploma,Marketing,Married,Ahmedabad,Full-Time,2020-09-27,1,1,0,30,1,30300,3,5,3,No,Travel_Rarely,10,1,189,73,3.3,Company Website,25,No
EMP11885,21,Female,IT,Software Engineer,Diploma,Computer Science,Single,Delhi,Full-Time,2018-11-19,0,0,1,0,1,18000,4,1,5,No,Travel_Frequently,27,4,173,28,3.3,Naukri,30,No
EMP11886,25,Female,Sales,Sales Representative,Bachelor's,Engineering,Single,Hyderabad,Full-Time,2021-01-12,4,1,0,4,2,18000,1,4,2,No,Travel_Rarely,24,6,172,96,3.0,Recruitment Agency,22,No
EMP11887,33,Male,IT,Data Analyst,Bachelor's,Other,Married,Noida,Full-Time,2024-02-07,0,0,1,10,1,27600,5,5,3,No,Travel_Rarely,22,3,280,36,4.7,Company Website,21,No
EMP11888,39,Male,HR,Recruiter,Master's,Marketing,Married,Pune,Full-Time,2018-07-27,6,3,6,17,3,18000,5,3,3,No,Travel_Rarely,25,5,279,61,3.7,Naukri,17,Yes
EMP11889,32,Female,Operations,Operations Manager,Bachelor's,Computer Science,Single,Ahmedabad,Contract,2019-02-28,10,7,2,10,4,21700,4,2,2,No,Non-Travel,3,6,184,89,2.7,LinkedIn,44,No
EMP11890,45,Female,Engineering,Project Engineer,Diploma,Computer Science,Married,Pune,Full-Time,2017-06-07,3,3,2,24,2,18000,3,2,3,No,Travel_Rarely,16,2,140,16,3.0,Company Website,23,Yes
EMP11891,55,Male,IT,Software Engineer,Diploma,Other,Single,Noida,Contract,2017-04-04,15,6,6,35,5,18000,1,2,4,No,Non-Travel,30,3,184,72,2.7,Employee Referral,28,Yes
EMP11892,32,Female,Sales,Sales Executive,Diploma,Marketing,Married,Chennai,Full-Time,2022-09-08,4,4,7,6,2,18000,3,1,2,Yes,Travel_Rarely,16,6,258,86,2.0,Company Website,22,No
EMP11893,50,Female,Engineering,Electrical Engineer,Bachelor's,Finance,Single,Chennai,Full-Time,2025-11-08,5,3,4,30,2,31200,4,3,4,Yes,Travel_Rarely,11,3,278,64,4.0,Recruitment Agency,38,No
EMP11894,25,Male,HR,HR Analyst,Bachelor's,Computer Science,Married,Gurugram,Full-Time,2022-09-26,3,3,0,3,2,23700,5,3,4,No,Travel_Rarely,4,2,137,85,4.3,Employee Referral,24,Yes
EMP11895,54,Male,Sales,Business Development Executive,Master's,Human Resources,Single,Ahmedabad,Full-Time,2021-12-04,10,0,4,31,4,18000,5,3,3,No,Travel_Rarely,11,5,277,100,4.3,Campus Hiring,27,No
EMP11896,42,Male,Operations,Process Associate,Bachelor's,Marketing,Married,Kolkata,Full-Time,2019-03-18,0,0,1,21,1,20500,3,3,3,No,Non-Travel,8,7,210,40,3.3,LinkedIn,16,No
EMP11897,59,Male,Marketing,Digital Marketing Specialist,Diploma,Business,Single,Mumbai,Full-Time,2021-11-26,8,1,2,39,3,18000,2,3,4,No,Travel_Frequently,16,4,208,20,3.3,Naukri,40,No
EMP11898,33,Female,IT,Data Analyst,Diploma,Business,Single,Ahmedabad,Contract,2022-04-02,9,8,2,13,4,18000,3,4,4,No,Travel_Rarely,23,6,194,26,4.0,Naukri,26,No
EMP11899,23,Female,Finance,Finance Executive,Diploma,Engineering,Married,Hyderabad,Part-Time,2021-07-18,0,0,3,0,1,20100,2,3,2,No,Travel_Frequently,8,5,189,75,3.0,Employee Referral,40,No
EMP11900,40,Male,Operations,Operations Manager,Master's,Other,Single,Ahmedabad,Full-Time,2023-11-13,7,2,3,14,3,22700,3,3,3,No,Non-Travel,9,2,224,76,3.3,Naukri,19,No
EMP11901,51,Female,Sales,Sales Manager,Bachelor's,Other,Single,Kolkata,Full-Time,2019-12-21,4,3,6,27,2,26300,2,1,3,No,Travel_Frequently,14,5,185,41,2.3,Employee Referral,20,No
EMP11902,25,Female,IT,Software Engineer,Master's,Finance,Single,Ahmedabad,Full-Time,2018-10-06,3,3,4,3,2,18000,2,1,3,No,Travel_Rarely,8,3,257,33,2.0,Naukri,19,No
EMP11903,44,Female,Operations,Operations Executive,Bachelor's,Other,Single,Delhi,Full-Time,2020-03-20,7,0,0,21,3,26300,2,3,3,Yes,Non-Travel,24,4,251,97,2.3,Naukri,21,No
EMP11904,60,Female,IT,Data Analyst,Diploma,Marketing,Married,Ahmedabad,Full-Time,2019-04-18,14,6,6,39,5,18000,2,4,5,No,Travel_Frequently,16,1,160,22,2.7,Naukri,30,No
EMP11905,53,Female,Operations,Operations Executive,Bachelor's,Finance,Married,Gurugram,Full-Time,2024-02-04,0,0,1,33,1,26700,1,3,3,No,Non-Travel,22,6,214,31,2.3,LinkedIn,6,No
EMP11906,28,Female,HR,HR Analyst,Bachelor's,Finance,Single,Delhi,Full-Time,2021-02-15,2,2,4,2,1,20000,2,3,4,No,Travel_Rarely,27,5,216,28,2.7,LinkedIn,24,No
EMP11907,44,Female,Engineering,Project Engineer,Master's,Marketing,Married,Hyderabad,Full-Time,2017-01-30,10,6,2,20,4,36000,2,3,3,No,Travel_Frequently,2,1,255,62,2.7,Naukri,17,Yes
EMP11908,40,Male,Finance,Financial Analyst,Bachelor's,Computer Science,Married,Kolkata,Full-Time,2024-04-12,12,8,2,18,5,18000,5,5,2,No,Travel_Rarely,28,4,210,48,4.7,LinkedIn,16,No
EMP11909,36,Male,Finance,Finance Manager,Bachelor's,Business,Single,Hyderabad,Contract,2021-08-10,10,3,7,14,4,31300,1,4,4,Yes,Travel_Rarely,23,7,151,30,3.3,Employee Referral,28,Yes
EMP11910,32,Female,IT,Data Analyst,Bachelor's,Engineering,Single,Pune,Full-Time,2021-08-17,3,3,7,6,2,18000,2,2,3,Yes,Travel_Rarely,20,1,185,96,2.7,Naukri,27,No
EMP11911,33,Male,Finance,Finance Manager,Bachelor's,Computer Science,Single,Kolkata,Full-Time,2021-12-31,1,1,2,6,1,23100,4,3,3,No,Travel_Rarely,19,5,215,25,4.0,LinkedIn,32,Yes
EMP11912,59,Male,Engineering,Electrical Engineer,Bachelor's,Finance,Married,Gurugram,Full-Time,2020-08-05,10,4,1,38,4,18000,1,2,3,No,Travel_Frequently,20,2,252,16,1.7,Naukri,27,No
EMP11913,45,Male,Engineering,Engineering Manager,Master's,Finance,Married,Delhi,Full-Time,2022-05-11,5,1,6,25,2,32800,5,4,3,Yes,Travel_Rarely,20,6,240,93,4.7,Recruitment Agency,26,No
EMP11914,52,Female,Finance,Financial Analyst,Master's,Marketing,Divorced,Bengaluru,Full-Time,2016-10-13,15,4,4,31,5,47900,3,3,3,No,Travel_Rarely,19,3,137,87,3.0,Company Website,19,No
EMP11915,44,Female,Sales,Sales Representative,Bachelor's,Other,Single,Hyderabad,Part-Time,2022-12-12,1,1,1,18,1,18000,5,2,5,No,Travel_Rarely,25,7,191,35,3.0,Recruitment Agency,16,Yes
EMP11916,29,Male,Operations,Operations Analyst,Master's,Business,Married,Bengaluru,Full-Time,2020-07-23,3,3,5,3,2,23300,5,2,4,Yes,Travel_Frequently,30,3,207,95,4.0,Company Website,29,No
EMP11917,60,Male,Engineering,Electrical Engineer,Bachelor's,Business,Single,Kolkata,Full-Time,2017-09-24,1,1,7,39,1,26900,1,4,3,No,Travel_Rarely,19,6,151,99,2.7,Recruitment Agency,22,No
EMP11918,43,Female,Marketing,Content Strategist,Bachelor's,Other,Single,Chennai,Full-Time,2020-05-13,2,2,2,18,1,18000,1,3,4,No,Non-Travel,18,1,144,85,3.0,Naukri,28,No
EMP11919,33,Male,Finance,Finance Executive,Master's,Engineering,Married,Bengaluru,Full-Time,2017-12-29,9,8,3,9,4,18000,4,5,1,No,Travel_Rarely,13,3,279,40,4.7,Naukri,24,No
EMP11920,52,Male,Sales,Business Development Executive,Master's,Computer Science,Married,Gurugram,Part-Time,2016-01-31,5,2,4,30,2,18000,4,4,2,No,Travel_Frequently,17,6,160,77,4.3,Employee Referral,6,No
EMP11921,35,Male,Operations,Operations Executive,Master's,Human Resources,Married,Kolkata,Full-Time,2024-03-30,0,0,3,10,1,65100,1,5,3,No,Travel_Rarely,27,6,216,49,2.7,Recruitment Agency,28,Yes
EMP11922,56,Female,IT,IT Support Specialist,Master's,Engineering,Single,Ahmedabad,Full-Time,2025-08-24,15,5,4,33,5,35300,1,3,3,No,Travel_Frequently,1,3,198,36,3.0,Campus Hiring,18,No
EMP11923,25,Female,Marketing,Digital Marketing Specialist,Master's,Finance,Divorced,Hyderabad,Full-Time,2016-08-31,3,3,6,3,2,20000,1,2,3,No,Travel_Frequently,21,2,238,18,2.0,Company Website,32,Yes
EMP11924,42,Male,Finance,Finance Executive,Master's,Human Resources,Single,Pune,Full-Time,2016-05-19,2,2,2,20,1,31300,3,4,3,No,Non-Travel,28,1,210,85,4.0,LinkedIn,7,Yes
EMP11925,36,Male,Operations,Operations Executive,Bachelor's,Finance,Single,Bengaluru,Full-Time,2022-09-14,6,0,3,12,3,24200,5,4,3,Yes,Travel_Rarely,28,2,169,25,4.0,Naukri,41,No
EMP11926,30,Female,IT,IT Support Specialist,Bachelor's,Business,Married,Pune,Full-Time,2017-12-25,1,1,7,7,1,28800,4,4,3,No,Travel_Rarely,5,2,198,81,4.0,LinkedIn,19,No
EMP11927,44,Female,Marketing,Digital Marketing Specialist,Master's,Finance,Single,Mumbai,Full-Time,2020-04-13,13,4,3,24,5,18000,4,1,4,Yes,Travel_Rarely,28,4,200,22,2.3,Naukri,28,No
EMP11928,38,Female,Sales,Business Development Executive,Master's,Computer Science,Single,Mumbai,Full-Time,2024-04-17,5,5,4,15,2,40900,2,3,5,No,Travel_Rarely,25,1,193,87,3.0,Naukri,18,No
EMP11929,38,Female,Marketing,Digital Marketing Specialist,Master's,Computer Science,Single,Pune,Full-Time,2016-06-12,7,0,5,18,3,18000,3,1,3,No,Travel_Rarely,20,7,137,69,2.7,Naukri,19,No
EMP11930,27,Female,IT,Software Engineer,Bachelor's,Engineering,Married,Noida,Contract,2016-04-13,0,0,5,0,1,18000,1,4,3,No,Travel_Rarely,21,2,200,88,2.3,Campus Hiring,30,No
EMP11931,24,Female,Marketing,Marketing Manager,PhD,Human Resources,Single,Delhi,Full-Time,2016-03-03,0,0,3,0,1,28700,1,4,4,Yes,Travel_Frequently,13,5,215,69,3.0,LinkedIn,22,No
EMP11932,46,Female,Marketing,Content Strategist,Bachelor's,Computer Science,Married,Bengaluru,Full-Time,2021-08-24,14,6,3,23,5,25700,3,5,4,Yes,Travel_Rarely,6,3,173,18,3.7,Naukri,23,No
EMP11933,25,Female,Marketing,Content Strategist,Master's,Finance,Married,Delhi,Full-Time,2025-10-05,4,2,6,4,2,22300,4,1,4,No,Travel_Rarely,29,1,167,62,2.7,Naukri,32,No
EMP11934,36,Male,Marketing,Content Strategist,Bachelor's,Marketing,Married,Gurugram,Full-Time,2022-02-04,0,0,7,10,1,32100,1,2,2,No,Travel_Rarely,10,4,246,41,2.0,Naukri,26,No
EMP11935,55,Female,Operations,Process Associate,Bachelor's,Human Resources,Married,Mumbai,Contract,2020-03-26,10,8,2,32,4,18000,2,3,3,No,Travel_Rarely,23,2,278,95,2.7,Naukri,28,No
EMP11936,46,Female,Engineering,Electrical Engineer,Bachelor's,Business,Married,Chennai,Full-Time,2022-10-24,10,1,4,21,4,50500,4,2,3,No,Travel_Rarely,9,5,133,64,3.3,Naukri,18,No
EMP11937,38,Male,HR,HR Manager,Master's,Business,Single,Chennai,Contract,2023-01-16,12,3,4,13,5,18000,5,2,3,No,Travel_Rarely,29,3,184,34,3.0,Recruitment Agency,30,No
EMP11938,49,Female,Engineering,Engineering Manager,Bachelor's,Business,Single,Kolkata,Part-Time,2017-12-27,15,5,0,25,5,21200,3,3,3,Yes,Travel_Frequently,6,3,222,50,3.3,Naukri,25,Yes
EMP11939,43,Male,Sales,Sales Executive,Bachelor's,Marketing,Married,Chennai,Full-Time,2025-09-29,8,2,4,17,3,50900,4,4,4,Yes,Travel_Rarely,1,7,188,35,3.3,LinkedIn,28,No
EMP11940,34,Female,IT,System Administrator,Bachelor's,Finance,Single,Ahmedabad,Full-Time,2022-06-16,4,4,7,8,2,18000,5,5,4,Yes,Travel_Rarely,24,5,223,38,4.0,Company Website,27,No
EMP11941,35,Male,IT,IT Support Specialist,Master's,Computer Science,Divorced,Chennai,Part-Time,2018-01-07,4,4,7,15,2,34900,2,4,1,No,Travel_Frequently,30,1,196,91,3.3,LinkedIn,34,No
EMP11942,53,Female,Finance,Accountant,Bachelor's,Finance,Married,Delhi,Full-Time,2025-12-25,12,4,2,31,5,20000,3,4,3,No,Non-Travel,18,3,134,45,3.7,Naukri,29,No
EMP11943,45,Female,Operations,Operations Analyst,Bachelor's,Engineering,Married,Noida,Full-Time,2020-11-25,15,2,3,21,5,18000,1,1,3,Yes,Travel_Rarely,25,3,212,93,1.7,Naukri,14,Yes
EMP11944,41,Female,Operations,Operations Analyst,Bachelor's,Finance,Single,Chennai,Full-Time,2021-06-26,11,1,6,16,4,18500,1,2,2,Yes,Travel_Rarely,27,3,201,93,1.7,LinkedIn,19,No
EMP11945,37,Male,Operations,Operations Manager,Master's,Finance,Married,Gurugram,Full-Time,2016-05-09,4,3,0,12,2,28400,5,2,2,No,Non-Travel,23,6,256,12,3.0,Employee Referral,26,No
EMP11946,43,Male,Sales,Sales Manager,Master's,Business,Married,Delhi,Part-Time,2024-04-03,5,3,6,16,2,34800,4,2,4,No,Travel_Rarely,7,2,166,68,3.7,Campus Hiring,28,No
EMP11947,37,Male,Sales,Sales Manager,Master's,Finance,Single,Gurugram,Full-Time,2025-09-07,1,1,6,17,1,24400,2,5,3,No,Non-Travel,26,2,156,43,3.0,Naukri,12,No
EMP11948,34,Male,IT,IT Support Specialist,Bachelor's,Other,Single,Gurugram,Full-Time,2021-05-29,5,5,3,9,2,18000,5,5,4,Yes,Travel_Frequently,10,3,142,15,4.3,Employee Referral,15,No
EMP11949,49,Male,Finance,Finance Executive,Diploma,Marketing,Married,Delhi,Full-Time,2025-10-13,13,4,4,24,5,29300,2,5,4,No,Travel_Rarely,12,4,263,40,3.0,Naukri,34,Yes
EMP11950,40,Female,Sales,Business Development Executive,PhD,Business,Married,Noida,Full-Time,2019-07-10,10,5,1,20,4,20700,2,3,4,No,Non-Travel,21,6,194,41,3.3,LinkedIn,42,No
EMP11951,50,Male,IT,IT Support Specialist,Master's,Engineering,Single,Noida,Full-Time,2019-04-09,3,3,7,25,2,18000,2,5,2,No,Non-Travel,24,3,170,51,4.0,Naukri,9,No
EMP11952,39,Female,HR,HR Analyst,Bachelor's,Other,Single,Noida,Contract,2018-07-15,7,0,3,17,3,25700,3,1,3,Yes,Travel_Rarely,26,1,144,66,2.0,Company Website,26,Yes
EMP11953,59,Female,Marketing,Content Strategist,Master's,Other,Married,Bengaluru,Full-Time,2021-06-03,12,4,5,38,5,36700,5,1,3,No,Travel_Rarely,15,7,262,82,3.0,LinkedIn,24,No
EMP11954,33,Male,Operations,Operations Manager,Bachelor's,Marketing,Single,Bengaluru,Full-Time,2019-11-30,9,3,4,9,4,22100,3,4,2,No,Travel_Rarely,17,7,144,55,4.0,Employee Referral,33,No
EMP11955,38,Male,Engineering,Electrical Engineer,Master's,Marketing,Married,Gurugram,Full-Time,2020-09-21,8,3,5,16,3,33400,4,4,3,No,Travel_Rarely,3,6,130,100,4.3,Employee Referral,28,Yes
EMP11956,43,Female,Engineering,Project Engineer,Bachelor's,Engineering,Married,Gurugram,Full-Time,2020-12-24,8,1,2,21,3,27100,4,4,4,No,Travel_Rarely,25,4,144,97,4.3,Campus Hiring,31,No
EMP11957,53,Male,Marketing,Marketing Manager,Master's,Computer Science,Married,Gurugram,Full-Time,2024-06-23,7,0,5,32,3,27300,1,4,5,No,Travel_Rarely,15,1,177,65,3.0,LinkedIn,5,No
EMP11958,59,Female,Sales,Business Development Executive,Bachelor's,Finance,Married,Bengaluru,Full-Time,2018-10-08,2,2,4,32,1,19200,1,1,4,No,Travel_Rarely,1,5,201,59,1.7,LinkedIn,24,Yes
EMP11959,60,Male,Marketing,Marketing Manager,Master's,Finance,Single,Hyderabad,Part-Time,2017-03-24,9,6,0,34,4,31800,1,4,3,No,Travel_Rarely,11,5,246,95,2.7,LinkedIn,16,No
EMP11960,38,Female,Operations,Operations Executive,Master's,Computer Science,Single,Mumbai,Full-Time,2022-01-16,14,4,5,14,5,33200,4,1,3,Yes,Travel_Rarely,24,2,156,39,3.0,Recruitment Agency,16,Yes
EMP11961,29,Male,IT,Data Analyst,Bachelor's,Other,Single,Bengaluru,Full-Time,2025-01-01,2,2,7,2,1,31500,2,5,3,Yes,Travel_Rarely,6,6,189,45,3.0,Employee Referral,13,No
EMP11962,53,Female,Sales,Sales Manager,Bachelor's,Other,Single,Pune,Full-Time,2017-11-18,10,8,1,26,4,19100,2,5,3,Yes,Travel_Rarely,28,2,195,35,4.0,Campus Hiring,26,No
EMP11963,52,Male,Engineering,Mechanical Engineer,Bachelor's,Human Resources,Married,Bengaluru,Full-Time,2023-12-05,3,1,6,30,2,34300,5,3,4,No,Travel_Rarely,29,2,181,59,4.3,Company Website,27,No
EMP11964,37,Female,Finance,Finance Executive,Master's,Engineering,Married,Hyderabad,Contract,2020-10-22,12,3,1,12,5,26200,4,4,1,Yes,Travel_Rarely,16,6,210,11,4.0,Company Website,30,No
EMP11965,39,Male,Marketing,Marketing Executive,Master's,Human Resources,Single,Noida,Full-Time,2022-12-12,0,0,1,12,1,18000,1,5,3,No,Non-Travel,26,7,164,16,2.7,Naukri,20,No
EMP11966,47,Male,Marketing,Marketing Executive,Bachelor's,Human Resources,Married,Bengaluru,Full-Time,2022-05-16,8,4,5,26,3,18600,4,5,4,No,Travel_Rarely,21,5,250,36,4.0,Campus Hiring,36,No
EMP11967,26,Male,IT,System Administrator,Bachelor's,Other,Single,Delhi,Full-Time,2021-10-29,0,0,2,0,1,18000,2,2,2,Yes,Travel_Rarely,12,6,171,89,2.0,Campus Hiring,16,Yes
EMP11968,55,Male,Finance,Finance Manager,Master's,Computer Science,Married,Delhi,Full-Time,2024-10-01,5,5,1,31,2,18000,2,2,5,No,Travel_Rarely,22,1,174,58,2.3,Naukri,11,Yes
EMP11969,57,Female,Finance,Financial Analyst,Bachelor's,Business,Divorced,Hyderabad,Full-Time,2022-01-26,15,2,3,34,5,34600,3,1,1,Yes,Travel_Rarely,27,4,181,55,3.0,Naukri,26,Yes
EMP11970,54,Male,IT,System Administrator,PhD,Business,Married,Delhi,Full-Time,2024-08-27,2,2,6,34,1,88900,3,3,4,No,Travel_Rarely,21,2,280,94,2.7,Employee Referral,18,Yes
EMP11971,40,Male,IT,Software Engineer,Master's,Business,Married,Chennai,Full-Time,2022-08-24,15,2,7,15,5,37900,5,2,3,No,Travel_Rarely,15,7,158,35,3.3,LinkedIn,29,No
EMP11972,45,Male,Engineering,Electrical Engineer,Master's,Computer Science,Single,Hyderabad,Full-Time,2018-05-09,10,5,2,24,4,23700,4,3,2,No,Travel_Frequently,25,5,186,91,3.0,Campus Hiring,18,No
EMP11973,24,Male,HR,HR Manager,Bachelor's,Marketing,Single,Pune,Full-Time,2021-11-28,4,4,4,4,2,18000,3,5,3,Yes,Travel_Frequently,18,2,148,74,3.3,Naukri,19,Yes
EMP11974,30,Male,Sales,Business Development Executive,Master's,Business,Single,Chennai,Contract,2016-06-12,4,4,0,4,2,18000,3,1,4,No,Travel_Rarely,10,7,137,11,2.0,Naukri,18,No
EMP11975,30,Female,HR,HR Manager,Bachelor's,Computer Science,Married,Mumbai,Full-Time,2017-02-18,4,2,2,4,2,23600,4,3,4,No,Travel_Rarely,22,3,264,87,3.7,Employee Referral,17,Yes
EMP11976,44,Male,Engineering,Electrical Engineer,Bachelor's,Business,Married,Delhi,Part-Time,2023-05-11,6,5,6,21,3,34100,2,2,3,No,Travel_Rarely,12,4,268,88,2.3,Employee Referral,24,Yes
EMP11977,41,Male,HR,HR Executive,Bachelor's,Business,Single,Ahmedabad,Full-Time,2016-06-03,0,0,6,14,1,18000,5,5,4,No,Travel_Rarely,20,1,195,73,4.3,Naukri,26,No
EMP11978,31,Female,Sales,Sales Manager,Bachelor's,Finance,Married,Mumbai,Full-Time,2022-02-19,9,6,0,9,4,69800,5,4,4,No,Travel_Frequently,19,2,212,73,4.7,Recruitment Agency,17,No
EMP11979,47,Male,Engineering,Engineering Manager,Master's,Computer Science,Married,Chennai,Full-Time,2020-02-08,11,5,2,25,4,18000,5,5,1,No,Travel_Rarely,28,3,157,97,4.3,Recruitment Agency,13,Yes
EMP11980,36,Male,Engineering,Mechanical Engineer,Bachelor's,Finance,Single,Ahmedabad,Part-Time,2023-06-25,4,1,4,12,2,24400,3,2,3,No,Travel_Rarely,5,3,218,69,3.3,Company Website,28,No
EMP11981,46,Other,IT,Data Analyst,Bachelor's,Engineering,Married,Kolkata,Full-Time,2021-01-09,9,6,0,25,4,22700,2,2,3,Yes,Travel_Rarely,18,7,204,98,2.7,Company Website,27,Yes
EMP11982,50,Female,Engineering,Project Engineer,Bachelor's,Business,Single,Gurugram,Full-Time,2023-11-12,8,7,6,29,3,22100,5,4,3,No,Non-Travel,19,4,169,18,4.7,Company Website,30,No
EMP11983,36,Female,Sales,Business Development Executive,Master's,Human Resources,Single,Ahmedabad,Full-Time,2021-08-30,9,0,2,9,4,18000,4,5,2,No,Non-Travel,23,5,259,24,4.7,Company Website,15,No
EMP11984,27,Female,Sales,Sales Representative,Bachelor's,Human Resources,Married,Delhi,Full-Time,2023-11-10,1,1,6,1,1,22900,5,3,3,No,Travel_Rarely,12,5,205,46,4.0,Recruitment Agency,17,No
EMP11985,36,Female,IT,Data Analyst,PhD,Business,Married,Pune,Full-Time,2018-10-19,11,3,0,12,4,18000,1,3,3,No,Travel_Rarely,1,2,205,15,2.7,Naukri,31,No
EMP11986,55,Male,IT,IT Support Specialist,PhD,Finance,Single,Noida,Full-Time,2021-11-26,5,5,1,28,2,39300,2,5,3,Yes,Travel_Frequently,2,2,243,52,3.7,LinkedIn,32,No
EMP11987,36,Male,Operations,Operations Executive,PhD,Human Resources,Single,Gurugram,Contract,2017-02-02,7,6,6,16,3,45700,1,3,3,No,Travel_Rarely,3,5,224,54,2.0,Recruitment Agency,20,No
EMP11988,60,Female,Sales,Business Development Executive,PhD,Computer Science,Divorced,Noida,Contract,2024-02-25,9,6,1,38,4,18500,2,5,4,No,Travel_Frequently,26,1,183,85,3.3,Naukri,15,No
EMP11989,32,Female,Sales,Business Development Executive,Bachelor's,Marketing,Single,Delhi,Full-Time,2023-12-29,0,0,5,10,1,18000,4,5,1,Yes,Travel_Rarely,29,1,274,100,3.7,Employee Referral,18,No
EMP11990,55,Male,Operations,Operations Executive,Master's,Human Resources,Married,Hyderabad,Full-Time,2016-05-08,9,0,1,29,4,25400,3,2,4,No,Travel_Rarely,30,3,269,80,3.3,Naukri,15,No
EMP11991,41,Male,Operations,Operations Executive,Bachelor's,Marketing,Married,Hyderabad,Full-Time,2020-03-12,10,3,3,20,4,25000,3,1,3,No,Travel_Rarely,12,4,131,37,2.7,Recruitment Agency,31,No
EMP11992,56,Female,IT,Software Engineer,Master's,Other,Single,Kolkata,Part-Time,2022-05-16,6,1,1,30,3,23100,2,2,2,Yes,Travel_Rarely,14,1,209,61,2.7,Campus Hiring,30,No
EMP11993,37,Female,Marketing,Content Strategist,Bachelor's,Engineering,Single,Chennai,Full-Time,2022-10-10,2,2,1,10,1,28000,5,3,4,No,Travel_Rarely,7,2,194,85,3.3,Recruitment Agency,25,No
EMP11994,52,Female,IT,IT Support Specialist,Bachelor's,Computer Science,Single,Chennai,Full-Time,2018-11-16,8,6,4,31,3,41000,1,1,3,No,Travel_Frequently,4,7,181,44,2.3,Recruitment Agency,18,No
EMP11995,26,Female,Operations,Process Associate,Diploma,Computer Science,Divorced,Pune,Part-Time,2024-01-31,2,2,7,2,1,32000,4,5,3,Yes,Travel_Frequently,12,1,163,75,4.0,LinkedIn,16,Yes
EMP11996,44,Male,Marketing,Content Strategist,Bachelor's,Finance,Single,Pune,Full-Time,2016-12-09,4,4,0,17,2,28000,5,3,2,No,Travel_Rarely,24,4,174,35,4.3,Naukri,18,No
EMP11997,47,Male,Engineering,Electrical Engineer,Master's,Business,Married,Kolkata,Full-Time,2019-11-25,7,0,0,24,3,30900,3,4,3,Yes,Travel_Rarely,8,2,258,29,3.7,Employee Referral,16,No
EMP11998,40,Male,IT,System Administrator,Master's,Business,Married,Mumbai,Full-Time,2017-08-26,7,7,1,20,3,24700,5,3,3,No,Travel_Rarely,1,4,229,98,4.3,Campus Hiring,26,No
EMP11999,45,Other,IT,IT Support Specialist,Master's,Other,Married,Ahmedabad,Full-Time,2019-08-11,11,5,0,20,4,18000,1,1,3,No,Travel_Rarely,5,5,181,71,1.3,Naukri,31,Yes
EMP12000,22,Female,HR,HR Executive,Bachelor's,Computer Science,Single,Pune,Full-Time,2020-05-09,0,0,2,0,1,42300,3,1,3,Yes,Travel_Rarely,1,4,196,94,3.0,Recruitment Agency,31,Yes
EMP12001,29,Female,HR,Recruiter,Bachelor's,Marketing,Married,Delhi,Full-Time,2022-02-21,2,0,5,2,1,23100,2,5,4,No,Travel_Rarely,15,4,227,10,3.0,Naukri,16,No
EMP12002,48,Male,HR,HR Executive,Diploma,Engineering,Married,Pune,Full-Time,2024-01-19,1,1,6,25,1,18000,4,4,4,No,Travel_Rarely,13,4,205,62,4.3,Campus Hiring,19,Yes
EMP12003,58,Female,Engineering,Engineering Manager,Bachelor's,Other,Divorced,Hyderabad,Full-Time,2018-01-02,14,5,1,37,5,18000,4,5,3,No,Travel_Rarely,29,2,185,86,4.7,Company Website,19,No
EMP12004,23,Female,HR,HR Executive,Bachelor's,Finance,Single,Hyderabad,Full-Time,2021-01-10,1,1,5,2,1,18000,3,4,3,No,Travel_Rarely,23,4,238,39,3.0,Company Website,33,No
EMP12005,40,Female,HR,HR Analyst,Bachelor's,Computer Science,Single,Hyderabad,Full-Time,2016-06-04,13,7,1,19,5,18000,2,4,2,No,Travel_Rarely,13,4,179,69,2.7,Naukri,12,No
EMP12006,26,Female,Operations,Operations Manager,Diploma,Engineering,Divorced,Bengaluru,Full-Time,2022-10-23,3,3,3,3,2,29800,1,5,4,No,Travel_Rarely,4,7,230,19,3.0,LinkedIn,24,No
EMP12007,59,Male,Sales,Business Development Executive,Bachelor's,Computer Science,Married,Chennai,Full-Time,2021-11-18,15,6,5,33,5,20400,4,3,2,No,Travel_Frequently,15,7,248,31,3.3,Naukri,16,No
EMP12008,53,Female,Operations,Operations Executive,Bachelor's,Engineering,Single,Bengaluru,Full-Time,2021-05-02,9,6,2,33,4,31200,3,2,1,No,Non-Travel,12,6,269,38,3.3,Naukri,22,Yes
EMP12009,21,Female,IT,System Administrator,Bachelor's,Engineering,Divorced,Chennai,Contract,2018-01-17,0,0,1,0,1,37300,4,4,3,Yes,Travel_Rarely,8,6,244,78,4.0,Company Website,30,No
EMP12010,57,Male,Sales,Sales Executive,Bachelor's,Other,Single,Chennai,Full-Time,2017-05-14,11,8,1,36,4,33200,2,1,4,No,Non-Travel,16,7,202,17,2.3,Employee Referral,21,No
EMP12011,26,Female,IT,Data Analyst,Master's,Human Resources,Single,Ahmedabad,Full-Time,2025-03-10,0,0,0,0,1,29300,1,5,3,No,Travel_Rarely,12,3,185,62,3.0,Naukri,17,No
EMP12012,54,Male,IT,IT Support Specialist,PhD,Business,Married,Mumbai,Full-Time,2018-12-28,6,6,1,27,3,25100,2,3,2,No,Travel_Rarely,24,2,179,20,2.7,Naukri,31,No
EMP12013,35,Female,Engineering,Engineering Manager,Bachelor's,Human Resources,Married,Kolkata,Full-Time,2020-12-07,7,2,5,13,3,20200,5,4,3,No,Travel_Rarely,25,6,132,35,4.7,Recruitment Agency,25,No
EMP12014,46,Male,IT,Data Analyst,Bachelor's,Finance,Single,Ahmedabad,Full-Time,2017-01-20,9,1,5,20,4,20800,2,3,3,No,Travel_Rarely,27,4,193,28,2.3,Employee Referral,28,No
EMP12015,34,Female,Sales,Sales Representative,Master's,Finance,Married,Gurugram,Full-Time,2025-08-24,14,3,1,14,5,28700,2,5,3,Yes,Travel_Rarely,6,1,183,28,3.0,LinkedIn,26,Yes
EMP12016,27,Male,Sales,Business Development Executive,Bachelor's,Other,Single,Noida,Full-Time,2016-05-17,0,0,1,0,1,18000,4,1,3,No,Travel_Rarely,23,4,165,39,2.3,Campus Hiring,13,Yes
EMP12017,51,Female,Finance,Finance Manager,Bachelor's,Human Resources,Single,Kolkata,Full-Time,2016-09-04,12,1,1,29,5,21500,2,4,4,No,Travel_Rarely,15,1,173,45,3.3,Recruitment Agency,36,No
EMP12018,44,Female,Engineering,Electrical Engineer,Master's,Other,Married,Gurugram,Full-Time,2021-11-20,11,0,3,24,4,18000,3,4,3,Yes,Travel_Rarely,7,7,248,51,3.7,Recruitment Agency,22,No
EMP12019,51,Male,IT,Software Engineer,Bachelor's,Business,Single,Kolkata,Full-Time,2020-07-01,7,4,2,30,3,37300,4,3,3,No,Travel_Rarely,5,7,222,65,3.7,Campus Hiring,32,No
EMP12020,49,Female,Operations,Operations Analyst,Bachelor's,Marketing,Married,Gurugram,Full-Time,2020-10-01,14,8,7,23,5,30400,4,5,3,No,Travel_Rarely,23,5,270,18,4.3,Employee Referral,21,Yes
EMP12021,52,Male,Engineering,Engineering Manager,Master's,Other,Single,Bengaluru,Full-Time,2023-01-01,9,4,6,27,4,57600,5,2,3,No,Travel_Rarely,15,5,261,16,3.0,Naukri,29,No
EMP12022,37,Female,Marketing,Digital Marketing Specialist,Bachelor's,Human Resources,Married,Ahmedabad,Full-Time,2019-10-30,11,8,7,13,4,18000,3,4,3,Yes,Travel_Rarely,25,7,199,27,4.0,Employee Referral,33,No
EMP12023,34,Female,Engineering,Mechanical Engineer,Bachelor's,Finance,Single,Delhi,Full-Time,2017-12-27,10,5,5,13,4,18000,2,1,1,Yes,Travel_Rarely,28,7,231,18,2.7,Employee Referral,32,Yes
EMP12024,60,Male,IT,IT Support Specialist,Bachelor's,Business,Single,Chennai,Full-Time,2019-03-24,2,2,3,33,1,22600,5,4,3,Yes,Non-Travel,30,2,140,15,4.3,Naukri,25,No
EMP12025,56,Female,Sales,Sales Manager,Bachelor's,Other,Single,Bengaluru,Contract,2021-11-04,13,3,6,33,5,18000,3,4,3,No,Travel_Rarely,12,2,239,79,3.7,Naukri,21,No
EMP12026,44,Female,HR,Recruiter,PhD,Engineering,Divorced,Bengaluru,Full-Time,2018-05-29,10,3,0,19,4,28100,5,2,4,No,Travel_Rarely,11,7,190,54,3.0,Naukri,11,No
EMP12027,47,Male,Operations,Operations Executive,Master's,Engineering,Married,Chennai,Full-Time,2020-02-14,1,0,4,24,1,21500,1,2,2,No,Travel_Frequently,4,5,261,31,1.7,Employee Referral,13,Yes
EMP12028,45,Other,Engineering,Project Engineer,Bachelor's,Finance,Married,Ahmedabad,Full-Time,2024-02-26,12,2,1,25,5,18000,2,5,4,No,Travel_Rarely,13,2,145,90,4.0,Naukri,34,No
EMP12029,52,Male,HR,Recruiter,Bachelor's,Engineering,Married,Kolkata,Full-Time,2019-05-17,3,2,5,29,2,35900,5,4,3,No,Travel_Rarely,18,7,136,88,4.0,Company Website,17,No
EMP12030,38,Female,Marketing,Digital Marketing Specialist,Master's,Finance,Married,Pune,Full-Time,2018-10-03,13,0,6,13,5,18000,1,4,3,No,Travel_Rarely,8,1,140,82,3.3,Recruitment Agency,31,No
EMP12031,38,Male,IT,Software Engineer,Master's,Other,Single,Delhi,Full-Time,2019-04-16,0,0,0,13,1,28100,2,3,2,Yes,Non-Travel,7,1,193,79,3.3,Naukri,32,Yes
EMP12032,57,Male,Marketing,Marketing Manager,Bachelor's,Other,Single,Ahmedabad,Full-Time,2018-10-10,2,0,5,36,1,18000,5,3,3,No,Travel_Rarely,22,3,257,96,4.3,Recruitment Agency,28,No
EMP12033,46,Female,Sales,Sales Representative,Diploma,Other,Married,Noida,Part-Time,2022-04-24,10,8,7,24,4,31800,5,1,4,Yes,Travel_Rarely,23,2,135,90,2.7,Company Website,28,No
EMP12034,29,Female,Engineering,Engineering Manager,Diploma,Computer Science,Single,Kolkata,Full-Time,2016-09-29,8,0,7,8,3,35400,5,1,4,No,Non-Travel,28,2,249,41,3.3,LinkedIn,14,Yes
EMP12035,55,Male,Marketing,Marketing Manager,Master's,Business,Single,Ahmedabad,Full-Time,2023-12-20,6,1,4,35,3,18000,5,3,3,Yes,Travel_Rarely,16,3,177,76,3.3,LinkedIn,12,No
EMP12036,28,Female,Finance,Finance Executive,Master's,Marketing,Single,Mumbai,Full-Time,2023-12-05,1,1,6,1,1,20000,4,1,3,Yes,Travel_Rarely,3,4,198,25,3.0,Naukri,18,Yes
EMP12037,40,Female,IT,System Administrator,Master's,Other,Single,Kolkata,Full-Time,2024-06-22,0,0,1,17,1,22600,5,4,4,No,Travel_Rarely,22,1,250,11,4.0,Naukri,39,No
EMP12038,42,Male,IT,Software Engineer,Master's,Finance,Single,Pune,Full-Time,2023-11-12,6,6,5,20,3,18000,4,2,4,No,Travel_Rarely,26,4,135,76,3.0,Campus Hiring,36,No
EMP12039,39,Female,HR,HR Analyst,Bachelor's,Marketing,Single,Delhi,Full-Time,2020-05-25,9,0,1,13,4,24400,4,4,4,Yes,Travel_Frequently,30,6,214,50,3.7,Employee Referral,24,No
EMP12040,50,Female,HR,HR Analyst,Bachelor's,Other,Married,Hyderabad,Full-Time,2017-08-17,6,2,4,26,3,18000,1,3,3,No,Travel_Rarely,16,3,239,60,2.7,Recruitment Agency,36,No
EMP12041,48,Female,Engineering,Project Engineer,Bachelor's,Business,Single,Gurugram,Full-Time,2022-09-13,3,1,3,23,2,18000,2,5,4,No,Travel_Rarely,16,6,157,23,4.0,Company Website,16,No
EMP12042,55,Female,Marketing,Digital Marketing Specialist,Diploma,Human Resources,Married,Bengaluru,Full-Time,2022-07-28,6,6,6,33,3,18000,4,5,2,No,Travel_Rarely,7,7,238,87,4.3,Naukri,21,No
EMP12043,31,Male,Sales,Sales Representative,Bachelor's,Business,Married,Pune,Full-Time,2023-10-22,4,4,4,4,2,18000,3,3,3,No,Travel_Frequently,23,6,262,58,3.0,Naukri,38,No
EMP12044,51,Female,IT,System Administrator,Diploma,Computer Science,Married,Mumbai,Full-Time,2019-08-17,15,1,4,25,5,18000,4,4,2,No,Travel_Rarely,13,2,210,58,4.3,Company Website,43,No
EMP12045,59,Female,Engineering,Project Engineer,Master's,Business,Married,Pune,Full-Time,2021-08-19,2,1,5,37,1,23900,3,1,3,No,Travel_Frequently,13,4,230,36,2.3,Employee Referral,31,No
EMP12046,56,Male,Operations,Operations Manager,Bachelor's,Engineering,Married,Kolkata,Full-Time,2024-07-11,12,8,7,35,5,34300,1,1,3,Yes,Travel_Rarely,21,2,187,90,2.0,Naukri,10,No
EMP12047,50,Male,IT,Software Engineer,Diploma,Human Resources,Married,Bengaluru,Full-Time,2024-07-19,9,3,6,24,4,21300,3,5,2,Yes,Travel_Rarely,19,7,153,48,4.3,Recruitment Agency,36,No
EMP12048,43,Female,Operations,Process Associate,Bachelor's,Marketing,Single,Noida,Part-Time,2023-07-29,1,1,2,19,1,36200,1,3,3,Yes,Travel_Rarely,18,3,197,82,2.7,Employee Referral,22,No
EMP12049,39,Male,Sales,Sales Executive,Bachelor's,Business,Married,Chennai,Full-Time,2021-11-24,6,6,1,12,3,18000,1,3,3,No,Travel_Rarely,29,5,236,45,2.7,Campus Hiring,31,No
EMP12050,32,Male,IT,System Administrator,Master's,Business,Married,Mumbai,Full-Time,2018-02-09,4,4,6,7,2,23600,1,2,3,No,Travel_Rarely,7,2,139,19,2.3,Employee Referral,25,Yes
EMP12051,35,Other,Sales,Business Development Executive,Master's,Marketing,Single,Noida,Full-Time,2020-09-25,4,4,7,8,2,56800,3,5,2,No,Travel_Rarely,20,6,278,13,4.3,Naukri,33,Yes
EMP12052,51,Male,Sales,Sales Representative,Bachelor's,Marketing,Married,Ahmedabad,Full-Time,2019-06-12,13,8,5,31,5,18000,3,3,3,Yes,Travel_Rarely,18,7,150,94,3.0,Employee Referral,24,No
EMP12053,57,Female,IT,Data Analyst,Diploma,Computer Science,Married,Hyderabad,Full-Time,2017-05-04,4,4,1,37,2,18000,1,2,4,No,Non-Travel,29,6,253,11,2.0,Naukri,49,Yes
EMP12054,57,Male,Engineering,Mechanical Engineer,Bachelor's,Other,Married,Chennai,Full-Time,2023-06-15,14,8,3,35,5,39200,1,1,3,No,Travel_Rarely,24,4,242,88,2.3,Company Website,33,No
EMP12055,35,Female,Engineering,Engineering Manager,Bachelor's,Business,Married,Noida,Full-Time,2017-04-19,6,4,6,9,3,24300,2,5,3,Yes,Travel_Rarely,18,4,226,37,3.0,Naukri,13,No
EMP12056,49,Male,Operations,Operations Manager,Bachelor's,Engineering,Single,Kolkata,Full-Time,2017-08-03,8,4,3,27,3,18000,1,5,4,No,Travel_Rarely,22,3,267,98,3.7,LinkedIn,9,No
EMP12057,46,Male,Sales,Sales Representative,Bachelor's,Engineering,Married,Noida,Full-Time,2023-12-04,10,7,2,23,4,18000,5,3,2,No,Travel_Rarely,4,4,211,35,3.3,Naukri,9,Yes
EMP12058,22,Female,Sales,Sales Manager,Diploma,Computer Science,Married,Bengaluru,Full-Time,2025-03-17,0,0,2,0,1,21700,2,3,4,No,Non-Travel,9,1,226,82,3.0,Naukri,29,No
EMP12059,40,Female,Marketing,Marketing Executive,Diploma,Other,Married,Kolkata,Full-Time,2021-01-14,5,5,2,15,2,23400,2,4,3,Yes,Travel_Rarely,21,2,222,39,3.0,LinkedIn,33,Yes
EMP12060,35,Female,Sales,Sales Representative,Master's,Business,Married,Chennai,Full-Time,2025-09-22,6,6,7,13,3,23400,2,1,4,No,Travel_Rarely,16,7,224,18,2.3,Campus Hiring,5,No
EMP12061,24,Other,IT,Data Analyst,PhD,Marketing,Single,Hyderabad,Full-Time,2022-11-12,1,1,3,1,1,18000,5,1,3,Yes,Travel_Rarely,4,7,153,10,2.7,Company Website,35,No
EMP12062,42,Female,Sales,Business Development Executive,Bachelor's,Engineering,Married,Ahmedabad,Contract,2021-05-15,13,2,4,16,5,18900,2,2,4,No,Non-Travel,8,6,253,65,3.0,Naukri,27,Yes
EMP12063,58,Male,Engineering,Mechanical Engineer,Master's,Human Resources,Married,Pune,Full-Time,2022-10-08,10,3,7,34,4,18000,2,2,2,Yes,Travel_Rarely,3,1,269,65,2.7,Company Website,39,Yes
EMP12064,43,Female,Sales,Business Development Executive,Bachelor's,Human Resources,Single,Ahmedabad,Full-Time,2016-11-24,5,5,5,18,2,29500,3,4,4,No,Travel_Rarely,30,3,277,85,4.0,Employee Referral,15,No
EMP12065,46,Female,IT,Data Analyst,Bachelor's,Business,Married,Delhi,Full-Time,2024-11-30,0,0,1,26,1,18000,3,1,3,Yes,Travel_Rarely,29,6,265,70,3.0,LinkedIn,27,Yes
EMP12066,31,Male,Operations,Operations Executive,Bachelor's,Other,Single,Hyderabad,Contract,2018-02-05,3,2,1,8,2,22800,1,2,3,Yes,Travel_Frequently,9,1,207,54,1.7,Company Website,27,Yes
EMP12067,48,Female,HR,Recruiter,Master's,Computer Science,Single,Bengaluru,Full-Time,2017-05-20,7,0,5,22,3,72100,1,1,2,No,Travel_Rarely,8,7,262,22,2.3,Company Website,17,No
EMP12068,22,Female,HR,HR Executive,Bachelor's,Computer Science,Married,Chennai,Full-Time,2023-04-29,0,0,0,0,1,18000,4,1,4,No,Travel_Rarely,30,1,183,23,2.3,Recruitment Agency,13,No
EMP12069,28,Male,IT,Data Analyst,PhD,Human Resources,Single,Kolkata,Contract,2021-04-23,5,5,3,5,2,18000,5,2,3,No,Travel_Rarely,12,7,165,19,4.0,Company Website,32,No
EMP12070,49,Male,Finance,Finance Executive,Master's,Marketing,Single,Bengaluru,Contract,2017-04-22,2,2,3,27,1,21100,3,3,2,Yes,Travel_Rarely,14,6,241,26,3.7,LinkedIn,26,No
EMP12071,31,Male,Operations,Operations Manager,Bachelor's,Computer Science,Married,Pune,Full-Time,2016-01-14,9,1,2,10,4,18000,1,3,3,No,Travel_Rarely,28,2,260,26,3.0,Naukri,28,No
EMP12072,57,Female,Sales,Business Development Executive,Bachelor's,Computer Science,Married,Mumbai,Full-Time,2024-01-16,2,2,7,37,1,18000,5,2,3,No,Travel_Frequently,24,2,151,40,3.3,Employee Referral,36,Yes
EMP12073,38,Female,HR,HR Analyst,Master's,Computer Science,Single,Kolkata,Contract,2017-12-27,10,1,6,16,4,25300,2,4,3,No,Travel_Frequently,10,5,137,55,3.7,LinkedIn,24,No
EMP12074,34,Female,Engineering,Electrical Engineer,Master's,Engineering,Single,Gurugram,Full-Time,2024-08-30,2,2,6,12,1,20400,5,5,3,No,Travel_Rarely,21,1,255,58,4.7,Recruitment Agency,27,No
EMP12075,30,Female,Engineering,Electrical Engineer,Master's,Marketing,Married,Ahmedabad,Full-Time,2024-05-16,4,4,5,4,2,35400,3,1,5,No,Travel_Rarely,17,2,207,99,2.3,LinkedIn,27,No
EMP12076,55,Male,Engineering,Project Engineer,Master's,Marketing,Single,Hyderabad,Full-Time,2018-01-15,14,0,0,29,5,19800,4,5,3,No,Travel_Rarely,11,7,136,84,3.7,LinkedIn,27,Yes
EMP12077,29,Female,HR,HR Manager,Bachelor's,Other,Single,Gurugram,Full-Time,2022-02-05,0,0,0,5,1,19000,3,2,4,No,Non-Travel,10,1,197,89,3.3,LinkedIn,11,No
EMP12078,55,Female,Sales,Sales Manager,Master's,Marketing,Single,Ahmedabad,Full-Time,2021-07-03,14,1,3,29,5,18000,1,1,3,No,Travel_Rarely,13,1,191,27,1.3,Employee Referral,24,Yes
EMP12079,31,Female,Engineering,Mechanical Engineer,Bachelor's,Computer Science,Divorced,Hyderabad,Full-Time,2023-02-26,8,3,2,8,3,18900,1,5,4,Yes,Travel_Rarely,25,3,276,84,3.3,Company Website,34,No
EMP12080,32,Female,Operations,Operations Executive,Master's,Computer Science,Married,Mumbai,Full-Time,2022-06-10,0,0,1,12,1,18000,5,3,3,No,Travel_Rarely,2,3,236,20,4.0,LinkedIn,23,No
EMP12081,23,Female,IT,Software Engineer,Bachelor's,Human Resources,Married,Kolkata,Full-Time,2017-04-19,1,0,2,1,1,20600,3,4,3,No,Travel_Rarely,1,6,153,82,3.7,Campus Hiring,20,No
EMP12082,59,Male,IT,IT Support Specialist,Diploma,Engineering,Single,Mumbai,Full-Time,2025-11-22,13,1,1,35,5,18000,1,5,3,No,Non-Travel,22,1,263,98,3.3,Naukri,33,Yes
EMP12083,34,Male,Sales,Sales Manager,Master's,Computer Science,Married,Delhi,Full-Time,2024-01-25,7,7,6,7,3,18000,2,4,3,No,Travel_Rarely,1,3,265,64,3.7,Naukri,24,Yes
EMP12084,48,Male,Engineering,Project Engineer,Diploma,Engineering,Divorced,Delhi,Part-Time,2017-06-07,0,0,3,21,1,18000,2,3,5,No,Non-Travel,16,7,218,12,2.3,LinkedIn,18,No
EMP12085,31,Female,Sales,Sales Executive,PhD,Other,Married,Bengaluru,Full-Time,2024-09-17,4,4,7,11,2,27000,4,5,3,No,Travel_Rarely,10,6,236,87,3.7,Recruitment Agency,16,No
EMP12086,59,Male,Sales,Business Development Executive,Bachelor's,Marketing,Single,Ahmedabad,Full-Time,2025-07-18,3,3,2,33,2,23500,5,2,4,No,Non-Travel,26,2,170,98,3.0,Employee Referral,24,No
EMP12087,45,Female,IT,Data Analyst,Master's,Engineering,Married,Noida,Full-Time,2022-10-04,4,1,0,19,2,29700,1,1,3,No,Travel_Rarely,29,1,239,25,1.7,Employee Referral,18,No
EMP12088,41,Male,Marketing,Content Strategist,Diploma,Business,Single,Chennai,Full-Time,2017-02-14,6,1,5,18,3,18000,4,3,3,No,Travel_Rarely,10,3,260,18,3.3,LinkedIn,32,No
EMP12089,30,Female,Engineering,Engineering Manager,Diploma,Finance,Married,Bengaluru,Full-Time,2021-03-22,4,4,4,4,2,21900,2,4,3,No,Travel_Rarely,7,2,138,77,3.7,Company Website,17,Yes
EMP12090,35,Female,Finance,Accountant,Bachelor's,Other,Married,Pune,Full-Time,2020-07-05,8,4,0,8,3,47400,4,4,3,No,Travel_Rarely,30,1,211,54,3.7,Company Website,27,No
EMP12091,39,Female,Operations,Operations Analyst,Bachelor's,Computer Science,Single,Ahmedabad,Part-Time,2017-11-11,8,3,6,17,3,41300,4,3,2,No,Travel_Rarely,7,6,223,11,3.7,Naukri,28,No
EMP12092,42,Male,Engineering,Electrical Engineer,Bachelor's,Marketing,Single,Chennai,Full-Time,2023-04-17,5,2,5,15,2,18000,1,2,4,No,Travel_Rarely,29,1,262,98,2.7,Naukri,30,No
EMP12093,41,Male,HR,HR Manager,Diploma,Finance,Divorced,Ahmedabad,Full-Time,2023-01-14,8,3,1,16,3,18000,1,2,4,No,Travel_Rarely,1,3,245,31,2.7,Campus Hiring,38,No
EMP12094,52,Male,Sales,Business Development Executive,Bachelor's,Human Resources,Single,Mumbai,Part-Time,2021-02-25,3,3,3,30,2,47300,1,4,3,No,Travel_Rarely,26,2,156,78,3.3,LinkedIn,12,No
EMP12095,43,Male,HR,HR Executive,Bachelor's,Finance,Single,Bengaluru,Full-Time,2016-11-24,0,0,2,21,1,27000,5,3,4,Yes,Travel_Rarely,13,1,273,58,3.3,Employee Referral,29,Yes
EMP12096,33,Female,Operations,Process Associate,Bachelor's,Marketing,Married,Hyderabad,Contract,2016-09-28,0,0,6,7,1,20200,4,3,3,Yes,Non-Travel,5,1,272,30,3.3,Naukri,30,No
EMP12097,25,Male,Marketing,Marketing Manager,Bachelor's,Human Resources,Married,Gurugram,Full-Time,2021-08-23,5,4,6,5,2,19200,4,1,3,No,Non-Travel,3,7,154,83,3.0,Employee Referral,14,No
EMP12098,24,Male,Marketing,Marketing Manager,PhD,Other,Married,Delhi,Part-Time,2016-06-23,0,0,3,0,1,24400,5,4,3,No,Travel_Frequently,29,6,133,96,4.7,LinkedIn,26,No
EMP12099,48,Female,Operations,Operations Analyst,Bachelor's,Finance,Married,Kolkata,Full-Time,2022-01-14,12,0,3,28,5,24500,2,2,2,No,Travel_Rarely,13,5,161,100,2.7,Naukri,20,No
EMP12100,34,Male,Finance,Finance Executive,Bachelor's,Engineering,Single,Delhi,Full-Time,2017-09-13,14,5,1,14,5,18000,3,5,2,Yes,Travel_Rarely,27,1,164,64,4.3,Company Website,37,No
EMP12101,28,Male,Engineering,Mechanical Engineer,Bachelor's,Other,Married,Bengaluru,Full-Time,2020-08-14,1,1,3,1,1,20500,2,2,3,No,Travel_Rarely,12,5,159,13,2.7,Recruitment Agency,19,Yes
EMP12102,29,Female,Sales,Sales Manager,Diploma,Marketing,Married,Bengaluru,Full-Time,2016-08-21,9,6,2,9,4,18000,5,2,2,No,Travel_Rarely,30,5,232,67,3.0,Recruitment Agency,22,No
EMP12103,55,Female,IT,IT Support Specialist,Bachelor's,Marketing,Divorced,Kolkata,Full-Time,2016-05-20,2,2,6,31,1,23800,4,5,2,No,Travel_Frequently,18,2,241,79,4.3,Naukri,21,No
EMP12104,57,Female,Operations,Process Associate,Bachelor's,Human Resources,Single,Bengaluru,Full-Time,2020-02-13,1,1,0,36,1,18000,4,4,2,No,Travel_Frequently,27,4,178,68,3.7,LinkedIn,16,No
EMP12105,41,Male,Operations,Operations Executive,Bachelor's,Engineering,Single,Bengaluru,Full-Time,2021-12-06,15,4,3,15,5,18000,1,1,1,Yes,Travel_Rarely,5,6,223,35,2.0,Company Website,10,Yes
EMP12106,38,Male,Finance,Finance Executive,Master's,Business,Married,Mumbai,Full-Time,2017-01-16,13,4,2,14,5,42800,1,2,3,No,Non-Travel,5,5,212,83,2.7,Naukri,17,No
EMP12107,53,Female,Engineering,Project Engineer,PhD,Business,Married,Hyderabad,Full-Time,2025-11-01,5,1,2,31,2,21300,4,2,3,No,Travel_Rarely,2,2,259,78,3.7,Employee Referral,25,Yes
EMP12108,28,Male,Engineering,Mechanical Engineer,PhD,Finance,Married,Gurugram,Full-Time,2023-06-29,4,4,1,4,2,47300,4,4,4,Yes,Travel_Rarely,6,6,158,48,3.3,Company Website,27,Yes
EMP12109,37,Male,HR,HR Manager,PhD,Marketing,Married,Chennai,Full-Time,2019-12-04,12,2,3,14,5,18000,1,4,3,Yes,Travel_Rarely,7,7,247,10,2.3,Company Website,31,Yes
EMP12110,51,Female,Engineering,Project Engineer,Bachelor's,Engineering,Single,Delhi,Part-Time,2016-02-18,6,3,6,26,3,18000,1,3,2,No,Travel_Rarely,1,3,151,66,3.0,Employee Referral,33,Yes
EMP12111,54,Female,IT,Data Analyst,Diploma,Human Resources,Married,Pune,Full-Time,2025-06-03,4,1,1,34,2,27200,2,4,4,No,Travel_Rarely,3,5,231,57,3.7,LinkedIn,28,No
EMP12112,26,Female,HR,HR Analyst,Bachelor's,Other,Married,Ahmedabad,Full-Time,2025-04-27,0,0,0,0,1,21400,4,4,1,Yes,Travel_Rarely,20,4,148,81,4.0,Employee Referral,31,No
EMP12113,42,Female,IT,Data Analyst,Bachelor's,Marketing,Single,Gurugram,Full-Time,2016-05-28,6,6,0,19,3,18000,4,2,4,No,Travel_Rarely,2,3,196,30,3.7,Company Website,29,Yes
EMP12114,34,Male,Engineering,Engineering Manager,Bachelor's,Other,Single,Delhi,Full-Time,2022-01-13,1,1,5,8,1,36700,5,1,2,No,Travel_Rarely,10,6,215,40,2.7,Campus Hiring,14,Yes
EMP12115,23,Female,Marketing,Content Strategist,Bachelor's,Human Resources,Married,Chennai,Full-Time,2023-04-05,0,0,7,0,1,18000,2,2,3,Yes,Travel_Rarely,11,5,147,67,2.0,LinkedIn,27,No
EMP12116,32,Female,IT,Software Engineer,Bachelor's,Human Resources,Single,Noida,Full-Time,2022-01-08,7,0,2,7,3,37800,3,4,2,No,Travel_Rarely,21,7,238,56,3.3,Naukri,24,No
EMP12117,56,Male,Sales,Sales Executive,Diploma,Engineering,Married,Pune,Full-Time,2025-09-02,0,0,3,33,1,21300,3,3,3,Yes,Travel_Rarely,13,5,242,32,3.0,Recruitment Agency,19,No
EMP12118,32,Female,Marketing,Content Strategist,Diploma,Other,Single,Hyderabad,Full-Time,2017-01-10,6,5,5,6,3,18000,3,1,4,No,Travel_Rarely,16,4,262,84,3.0,Company Website,24,No
EMP12119,22,Male,IT,System Administrator,Bachelor's,Other,Single,Noida,Full-Time,2023-06-22,0,0,6,0,1,18000,1,3,2,No,Travel_Rarely,20,1,268,89,2.7,Recruitment Agency,27,No
EMP12120,22,Male,Engineering,Engineering Manager,Bachelor's,Business,Married,Kolkata,Contract,2017-08-18,2,2,2,2,1,40800,3,5,5,No,Travel_Rarely,11,4,187,100,4.3,Employee Referral,22,No
EMP12121,35,Female,Engineering,Mechanical Engineer,Master's,Business,Single,Hyderabad,Part-Time,2025-07-28,4,0,6,12,2,19300,5,3,3,No,Travel_Frequently,18,7,147,16,3.3,Recruitment Agency,33,No
EMP12122,43,Female,Sales,Sales Manager,Bachelor's,Finance,Married,Bengaluru,Full-Time,2024-07-16,11,7,3,21,4,34100,1,3,4,Yes,Travel_Rarely,11,2,201,58,2.0,Naukri,27,Yes
EMP12123,49,Male,Engineering,Engineering Manager,Diploma,Human Resources,Married,Ahmedabad,Full-Time,2025-04-29,10,0,7,29,4,41400,1,4,3,No,Travel_Rarely,1,2,222,97,2.3,LinkedIn,32,No
EMP12124,37,Male,Sales,Sales Executive,Master's,Other,Single,Hyderabad,Contract,2023-03-21,4,4,1,16,2,21200,3,4,3,No,Travel_Frequently,24,7,279,40,4.0,Campus Hiring,35,Yes
EMP12125,52,Male,Engineering,Electrical Engineer,Master's,Human Resources,Single,Pune,Full-Time,2024-05-28,11,5,0,30,4,19900,1,4,3,No,Travel_Rarely,18,7,185,56,3.3,Campus Hiring,20,No
EMP12126,27,Female,Operations,Operations Manager,Diploma,Engineering,Married,Kolkata,Full-Time,2025-12-05,3,1,5,3,2,18400,2,4,2,Yes,Travel_Rarely,20,7,152,77,3.0,Employee Referral,20,No
EMP12127,50,Female,Marketing,Digital Marketing Specialist,Diploma,Human Resources,Married,Delhi,Part-Time,2023-09-24,9,6,6,24,4,25800,2,4,4,No,Travel_Rarely,28,4,145,44,2.7,Company Website,34,No
EMP12128,48,Female,IT,Data Analyst,Diploma,Business,Married,Kolkata,Full-Time,2020-02-01,3,3,5,21,2,43400,3,3,3,No,Travel_Rarely,26,4,173,84,3.0,Recruitment Agency,17,No
EMP12129,34,Male,Engineering,Engineering Manager,Diploma,Other,Married,Kolkata,Contract,2020-05-17,1,0,0,14,1,18000,5,5,3,No,Non-Travel,5,4,201,43,4.0,LinkedIn,23,No
EMP12130,50,Male,Sales,Business Development Executive,Master's,Computer Science,Single,Gurugram,Part-Time,2025-01-29,4,3,1,27,2,24300,1,4,3,No,Travel_Rarely,2,4,143,67,2.7,Employee Referral,20,Yes
EMP12131,37,Male,IT,System Administrator,Bachelor's,Business,Single,Ahmedabad,Full-Time,2023-05-03,1,1,4,12,1,23800,4,5,3,No,Travel_Rarely,26,7,266,24,4.7,LinkedIn,15,No
EMP12132,52,Female,IT,IT Support Specialist,Master's,Marketing,Single,Gurugram,Contract,2022-04-28,11,4,4,29,4,18000,3,5,3,No,Travel_Rarely,25,4,204,87,4.0,LinkedIn,28,No
EMP12133,26,Female,Sales,Sales Representative,Diploma,Human Resources,Single,Gurugram,Full-Time,2018-04-21,2,0,6,2,1,18000,1,2,4,Yes,Travel_Rarely,18,5,237,94,2.3,Naukri,22,No
EMP12134,44,Female,Sales,Sales Manager,PhD,Human Resources,Single,Hyderabad,Full-Time,2025-02-03,10,0,4,18,4,18000,3,2,3,No,Travel_Rarely,22,6,273,80,2.3,Campus Hiring,16,No
EMP12135,26,Female,Operations,Process Associate,Master's,Human Resources,Married,Noida,Full-Time,2025-10-08,2,2,3,2,1,31100,3,1,4,No,Travel_Rarely,7,6,270,90,3.0,Employee Referral,32,No
EMP12136,47,Female,Engineering,Electrical Engineer,Master's,Engineering,Single,Mumbai,Part-Time,2018-12-11,8,8,5,24,3,33600,5,2,5,Yes,Non-Travel,22,3,165,51,3.0,Recruitment Agency,12,No
EMP12137,38,Female,IT,IT Support Specialist,Diploma,Human Resources,Married,Bengaluru,Full-Time,2017-05-03,10,0,1,11,4,18000,4,4,4,No,Travel_Rarely,11,2,173,27,3.7,LinkedIn,23,No
EMP12138,44,Female,Operations,Operations Manager,Bachelor's,Computer Science,Married,Gurugram,Contract,2024-10-18,5,1,3,18,2,29400,1,5,3,No,Travel_Rarely,11,2,229,87,3.7,Naukri,32,Yes
EMP12139,57,Female,IT,Software Engineer,Bachelor's,Human Resources,Married,Hyderabad,Full-Time,2019-10-27,0,0,3,32,1,27700,3,1,3,Yes,Travel_Rarely,28,6,210,47,2.3,LinkedIn,32,No
EMP12140,44,Female,Engineering,Project Engineer,Bachelor's,Business,Married,Ahmedabad,Full-Time,2022-04-17,15,5,6,24,5,28600,3,2,2,No,Travel_Rarely,13,7,143,73,2.7,LinkedIn,28,No
EMP12141,58,Female,Engineering,Engineering Manager,Diploma,Business,Divorced,Chennai,Full-Time,2022-06-19,12,1,1,32,5,23600,1,3,4,No,Travel_Rarely,4,7,222,38,2.0,Naukri,16,No
EMP12142,54,Female,Sales,Sales Manager,Bachelor's,Other,Single,Gurugram,Full-Time,2025-01-09,5,5,3,32,2,33800,3,1,5,No,Travel_Rarely,1,6,146,19,2.3,Naukri,25,Yes
EMP12143,60,Female,Operations,Operations Analyst,Bachelor's,Engineering,Divorced,Gurugram,Full-Time,2020-08-15,4,3,6,34,2,37300,3,4,1,No,Travel_Rarely,18,3,226,26,3.0,Naukri,27,No
EMP12144,35,Male,Finance,Finance Executive,Bachelor's,Computer Science,Married,Pune,Contract,2024-07-24,3,3,5,11,2,18000,3,5,3,Yes,Travel_Frequently,12,4,255,41,3.7,LinkedIn,20,No
EMP12145,31,Female,Sales,Sales Executive,Bachelor's,Engineering,Single,Noida,Full-Time,2025-05-03,7,5,1,7,3,21500,2,4,4,No,Travel_Rarely,26,6,183,70,2.7,Company Website,27,No
EMP12146,42,Female,Engineering,Electrical Engineer,Master's,Business,Married,Delhi,Full-Time,2025-11-01,11,2,7,18,4,19600,2,4,2,No,Travel_Rarely,28,7,255,93,3.0,Recruitment Agency,11,No
EMP12147,44,Female,Sales,Sales Representative,Bachelor's,Other,Married,Pune,Full-Time,2023-09-01,5,5,4,19,2,18000,4,3,3,Yes,Non-Travel,10,6,259,90,3.3,Employee Referral,8,No
EMP12148,21,Male,Finance,Financial Analyst,Bachelor's,Finance,Single,Bengaluru,Full-Time,2024-05-12,0,0,4,0,1,18000,5,3,5,No,Travel_Rarely,28,3,274,55,3.7,Campus Hiring,18,No
EMP12149,38,Other,Sales,Business Development Executive,Master's,Engineering,Married,Hyderabad,Part-Time,2020-03-03,11,8,3,11,4,24000,1,5,4,Yes,Travel_Rarely,30,4,152,80,2.7,Campus Hiring,30,No
EMP12150,32,Female,Engineering,Electrical Engineer,Master's,Human Resources,Single,Delhi,Full-Time,2025-09-25,5,2,0,5,2,18000,5,2,4,Yes,Travel_Rarely,22,2,258,65,4.0,Naukri,32,No
EMP12151,48,Female,Finance,Finance Manager,Bachelor's,Business,Married,Delhi,Part-Time,2016-06-12,13,0,1,22,5,29800,5,4,2,Yes,Travel_Rarely,8,7,141,70,4.3,Employee Referral,12,No
EMP12152,60,Female,IT,Data Analyst,PhD,Engineering,Single,Bengaluru,Full-Time,2020-01-04,5,1,2,33,2,18700,2,2,3,Yes,Travel_Frequently,30,7,270,53,2.7,Employee Referral,37,No
EMP12153,27,Female,Operations,Operations Analyst,Bachelor's,Business,Single,Hyderabad,Full-Time,2018-09-01,1,0,6,6,1,32600,4,5,3,Yes,Travel_Rarely,3,6,141,47,3.7,Naukri,25,No
EMP12154,43,Male,Engineering,Engineering Manager,Master's,Other,Divorced,Bengaluru,Contract,2021-12-20,14,4,7,18,5,18000,5,4,3,No,Non-Travel,7,1,186,59,3.7,Campus Hiring,10,No
EMP12155,41,Male,IT,Data Analyst,Bachelor's,Engineering,Single,Mumbai,Part-Time,2021-10-29,13,1,2,21,5,18000,5,2,3,No,Travel_Rarely,25,2,215,83,3.7,Company Website,27,No
EMP12156,54,Female,HR,HR Manager,Bachelor's,Business,Married,Noida,Full-Time,2022-07-25,15,2,3,34,5,18000,3,4,4,No,Travel_Rarely,20,2,147,41,4.0,LinkedIn,35,No
EMP12157,31,Male,IT,Software Engineer,Bachelor's,Computer Science,Married,Ahmedabad,Full-Time,2020-07-28,6,6,0,11,3,18000,1,3,4,No,Travel_Rarely,11,1,232,99,3.0,Employee Referral,20,No
EMP12158,42,Other,Finance,Finance Manager,Bachelor's,Other,Married,Kolkata,Contract,2016-05-13,13,4,1,22,5,18000,4,3,3,No,Travel_Frequently,7,3,212,62,3.7,Employee Referral,33,Yes
EMP12159,55,Female,Sales,Sales Executive,Bachelor's,Marketing,Married,Bengaluru,Full-Time,2024-04-10,3,3,4,35,2,26800,1,1,3,No,Travel_Rarely,7,5,223,57,1.7,Company Website,37,No
EMP12160,49,Male,Operations,Operations Analyst,Bachelor's,Marketing,Married,Kolkata,Full-Time,2018-12-11,12,4,3,22,5,35300,2,5,2,No,Travel_Rarely,29,4,272,90,3.3,Naukri,24,Yes
EMP12161,48,Female,Marketing,Marketing Manager,Master's,Other,Married,Gurugram,Full-Time,2022-12-16,14,5,1,25,5,26200,5,2,3,No,Travel_Rarely,28,4,207,10,3.0,Company Website,17,Yes
EMP12162,38,Female,Marketing,Digital Marketing Specialist,Bachelor's,Engineering,Single,Pune,Full-Time,2022-02-27,11,6,1,14,4,21300,5,4,2,No,Non-Travel,26,2,202,99,4.3,Naukri,35,Yes
EMP12163,34,Male,Finance,Finance Manager,Diploma,Human Resources,Married,Chennai,Full-Time,2017-12-10,8,8,1,9,3,27400,1,1,3,No,Travel_Frequently,9,1,262,39,2.0,Recruitment Agency,35,No
EMP12164,38,Male,Engineering,Mechanical Engineer,Master's,Business,Single,Delhi,Full-Time,2023-04-19,15,0,0,15,5,21700,2,5,3,No,Travel_Frequently,3,7,217,18,3.0,Campus Hiring,13,No
EMP12165,48,Male,Sales,Sales Executive,Bachelor's,Marketing,Married,Chennai,Part-Time,2023-09-04,9,3,1,23,4,22300,3,5,4,No,Travel_Rarely,11,2,137,42,4.3,Employee Referral,23,No
EMP12166,44,Female,Engineering,Engineering Manager,Master's,Marketing,Married,Kolkata,Contract,2020-03-11,1,1,0,23,1,19200,3,5,3,No,Travel_Rarely,17,2,276,35,4.3,LinkedIn,30,No
EMP12167,28,Male,Marketing,Marketing Executive,Bachelor's,Other,Married,Noida,Full-Time,2024-04-08,2,2,0,2,1,32100,5,2,3,No,Travel_Rarely,8,7,141,51,3.7,Naukri,31,No
EMP12168,28,Male,IT,Data Analyst,Master's,Engineering,Divorced,Kolkata,Full-Time,2018-11-03,6,6,5,6,3,18000,5,3,4,No,Travel_Rarely,20,7,201,83,3.7,Naukri,21,No
EMP12169,24,Female,Operations,Operations Analyst,PhD,Human Resources,Married,Pune,Full-Time,2019-11-09,0,0,7,0,1,18000,4,1,3,No,Travel_Rarely,2,6,265,51,3.0,Company Website,15,No
EMP12170,47,Male,Finance,Finance Executive,Master's,Engineering,Married,Pune,Full-Time,2020-10-26,8,3,1,26,3,35000,1,2,5,Yes,Non-Travel,21,3,184,48,2.3,LinkedIn,38,No
EMP12171,56,Female,Operations,Operations Executive,Diploma,Engineering,Married,Pune,Contract,2024-12-16,3,3,5,33,2,20200,5,4,3,No,Travel_Frequently,20,4,251,70,4.0,Company Website,25,No
EMP12172,25,Female,IT,Data Analyst,Bachelor's,Finance,Single,Chennai,Full-Time,2022-01-21,3,0,4,3,2,33300,2,2,4,No,Travel_Rarely,1,5,222,56,2.7,Naukri,22,No
EMP12173,53,Female,IT,System Administrator,Bachelor's,Computer Science,Single,Hyderabad,Full-Time,2017-07-14,7,0,5,27,3,18000,1,4,3,No,Travel_Rarely,16,1,211,51,3.3,Company Website,19,Yes
EMP12174,54,Male,Engineering,Mechanical Engineer,Bachelor's,Other,Single,Ahmedabad,Full-Time,2024-10-09,5,3,7,33,2,46800,4,4,3,No,Travel_Rarely,28,5,176,57,4.3,LinkedIn,22,Yes
EMP12175,50,Female,HR,Recruiter,Bachelor's,Computer Science,Divorced,Kolkata,Full-Time,2017-08-04,5,2,5,24,2,20700,3,5,3,Yes,Travel_Rarely,23,1,237,61,3.7,Naukri,10,Yes
EMP12176,28,Male,Engineering,Mechanical Engineer,Master's,Computer Science,Married,Noida,Full-Time,2021-12-06,2,2,7,2,1,27000,4,2,5,No,Travel_Rarely,4,4,164,42,3.7,Employee Referral,33,No
EMP12177,59,Male,HR,HR Manager,Bachelor's,Business,Married,Bengaluru,Full-Time,2023-07-03,10,2,6,32,4,18000,1,3,3,No,Travel_Rarely,24,3,235,36,2.3,Company Website,22,No
EMP12178,46,Female,Marketing,Digital Marketing Specialist,Bachelor's,Business,Single,Ahmedabad,Full-Time,2025-09-27,7,0,6,21,3,18000,3,4,2,No,Travel_Rarely,9,5,263,52,3.3,Campus Hiring,5,No
EMP12179,57,Female,Operations,Operations Manager,Master's,Computer Science,Single,Noida,Part-Time,2024-11-28,11,1,6,35,4,18000,2,5,3,Yes,Travel_Rarely,8,1,266,38,3.7,Employee Referral,15,No
EMP12180,54,Male,Sales,Sales Manager,Bachelor's,Other,Single,Bengaluru,Full-Time,2025-08-30,12,3,1,29,5,31400,3,3,3,No,Travel_Rarely,1,2,169,28,3.0,Campus Hiring,33,No
EMP12181,27,Female,Finance,Financial Analyst,Master's,Other,Married,Bengaluru,Full-Time,2022-07-10,1,0,4,1,1,26300,3,2,3,No,Travel_Frequently,8,7,225,91,3.3,LinkedIn,23,No
EMP12182,60,Male,HR,HR Manager,Bachelor's,Engineering,Divorced,Hyderabad,Full-Time,2020-05-04,9,0,3,33,4,23000,2,3,5,No,Non-Travel,5,4,211,37,3.3,Naukri,17,No
EMP12183,48,Male,IT,Data Analyst,Bachelor's,Finance,Single,Mumbai,Full-Time,2020-09-12,8,7,2,27,3,18000,5,2,4,No,Travel_Rarely,1,3,166,19,3.0,Company Website,25,No
EMP12184,59,Female,Finance,Finance Manager,Bachelor's,Computer Science,Single,Gurugram,Full-Time,2023-05-08,14,6,3,33,5,41600,5,4,3,No,Non-Travel,25,7,269,76,4.7,Recruitment Agency,21,No
EMP12185,59,Female,Marketing,Digital Marketing Specialist,Bachelor's,Human Resources,Divorced,Delhi,Full-Time,2016-08-18,4,4,0,36,2,23100,3,1,3,Yes,Travel_Rarely,25,6,145,25,2.7,Employee Referral,25,No
EMP12186,48,Male,Engineering,Mechanical Engineer,Bachelor's,Engineering,Married,Ahmedabad,Part-Time,2022-06-16,10,3,7,22,4,30200,3,1,3,No,Travel_Rarely,7,2,153,10,2.3,Company Website,27,No
EMP12187,34,Male,Engineering,Electrical Engineer,Bachelor's,Marketing,Single,Delhi,Full-Time,2021-02-26,0,0,3,9,1,22000,4,4,3,No,Travel_Frequently,15,3,274,91,4.3,LinkedIn,17,No
EMP12188,58,Female,Operations,Process Associate,PhD,Finance,Single,Delhi,Full-Time,2016-01-03,0,0,2,36,1,18000,5,3,3,No,Non-Travel,7,1,244,13,3.3,Company Website,19,No
EMP12189,24,Female,Operations,Process Associate,Bachelor's,Business,Married,Hyderabad,Full-Time,2021-03-26,3,3,7,3,2,34400,2,2,4,No,Travel_Rarely,27,2,224,78,2.0,Naukri,17,Yes
EMP12190,38,Female,Operations,Operations Executive,Master's,Other,Married,Delhi,Contract,2021-04-19,1,1,2,13,1,27000,3,1,3,Yes,Travel_Rarely,1,6,133,94,2.3,Employee Referral,18,Yes
EMP12191,45,Male,HR,HR Manager,Bachelor's,Marketing,Single,Bengaluru,Full-Time,2017-11-15,9,2,4,19,4,20300,3,2,2,Yes,Travel_Rarely,9,6,179,13,3.3,Naukri,18,Yes
EMP12192,27,Female,Engineering,Electrical Engineer,Bachelor's,Marketing,Divorced,Noida,Full-Time,2016-03-21,4,3,6,4,2,26800,4,4,4,Yes,Travel_Rarely,1,3,237,29,4.3,Naukri,21,No
EMP12193,58,Male,Operations,Operations Executive,Bachelor's,Human Resources,Single,Bengaluru,Full-Time,2021-05-09,4,4,3,34,2,31800,4,3,2,Yes,Travel_Frequently,29,4,231,72,3.0,LinkedIn,19,No
EMP12194,48,Male,Marketing,Digital Marketing Specialist,Master's,Human Resources,Married,Mumbai,Full-Time,2019-07-22,3,3,0,21,2,29600,4,2,1,No,Travel_Rarely,12,5,260,92,3.7,LinkedIn,25,No
EMP12195,25,Female,IT,System Administrator,Master's,Other,Single,Ahmedabad,Full-Time,2017-01-22,0,0,5,2,1,18000,1,3,4,Yes,Travel_Rarely,7,6,137,44,3.0,Naukri,21,No
EMP12196,23,Female,Sales,Sales Executive,Bachelor's,Human Resources,Single,Chennai,Part-Time,2018-04-06,0,0,5,0,1,18000,2,1,3,No,Travel_Rarely,25,6,141,54,2.0,Naukri,18,Yes
EMP12197,51,Female,Sales,Sales Representative,Master's,Marketing,Married,Gurugram,Contract,2019-09-30,3,3,0,28,2,30600,1,2,3,No,Travel_Rarely,9,7,195,66,2.7,Company Website,7,Yes
EMP12198,40,Female,Engineering,Engineering Manager,Bachelor's,Engineering,Single,Hyderabad,Full-Time,2022-03-16,9,6,4,13,4,18000,3,5,3,No,Travel_Rarely,5,5,222,33,4.3,Employee Referral,16,No
EMP12199,39,Male,Sales,Business Development Executive,Bachelor's,Computer Science,Married,Hyderabad,Full-Time,2017-10-13,3,1,7,15,2,18000,4,1,1,No,Non-Travel,12,2,243,29,2.3,LinkedIn,21,No
EMP12200,31,Female,Finance,Finance Executive,PhD,Marketing,Single,Mumbai,Full-Time,2021-10-11,0,0,5,8,1,26000,4,3,3,No,Travel_Frequently,29,4,147,37,3.7,Company Website,33,No
EMP12201,60,Male,Engineering,Engineering Manager,Bachelor's,Computer Science,Single,Pune,Part-Time,2022-10-23,8,8,4,36,3,18000,4,4,3,Yes,Travel_Rarely,22,4,233,47,4.3,Campus Hiring,23,No
EMP12202,23,Male,IT,Data Analyst,Master's,Marketing,Single,Ahmedabad,Full-Time,2024-06-25,0,0,5,0,1,18000,5,5,3,Yes,Travel_Rarely,2,7,215,33,4.3,Company Website,10,Yes
EMP12203,43,Male,Sales,Sales Executive,Master's,Engineering,Married,Gurugram,Contract,2023-07-18,2,2,5,19,1,32300,2,2,3,No,Travel_Rarely,18,3,222,93,2.0,Company Website,25,Yes
EMP12204,27,Male,IT,IT Support Specialist,Bachelor's,Computer Science,Divorced,Delhi,Full-Time,2025-06-14,2,2,3,2,1,18000,1,1,4,No,Travel_Rarely,26,2,174,33,1.3,Company Website,20,Yes
EMP12205,43,Female,Operations,Process Associate,PhD,Business,Married,Mumbai,Full-Time,2020-11-22,3,3,4,18,2,18000,2,2,3,No,Travel_Rarely,9,7,272,79,2.3,Naukri,29,No
EMP12206,27,Male,Engineering,Engineering Manager,Bachelor's,Finance,Married,Delhi,Full-Time,2019-06-25,3,3,2,3,2,18000,4,2,4,No,Travel_Frequently,29,4,272,34,3.3,LinkedIn,11,No
EMP12207,54,Female,HR,HR Manager,Bachelor's,Marketing,Married,Hyderabad,Full-Time,2019-03-23,12,3,0,33,5,18000,3,5,4,Yes,Travel_Rarely,1,3,174,90,4.3,LinkedIn,35,No
EMP12208,39,Female,Engineering,Electrical Engineer,Bachelor's,Marketing,Married,Noida,Full-Time,2022-03-07,12,6,5,17,5,22900,5,5,4,No,Travel_Frequently,10,4,229,90,5.0,LinkedIn,28,No
EMP12209,29,Male,HR,HR Analyst,Bachelor's,Engineering,Married,Bengaluru,Full-Time,2024-06-20,6,6,6,8,3,18000,2,5,3,No,Travel_Rarely,28,2,191,78,3.3,Campus Hiring,22,No
EMP12210,38,Male,Engineering,Electrical Engineer,Bachelor's,Other,Single,Gurugram,Full-Time,2018-11-08,14,4,2,14,5,43300,3,5,3,Yes,Travel_Frequently,28,4,213,26,3.3,Naukri,10,No
EMP12211,45,Male,Operations,Operations Manager,Master's,Finance,Married,Chennai,Contract,2022-12-31,5,4,1,23,2,27000,4,4,3,Yes,Non-Travel,14,7,149,67,3.7,Recruitment Agency,11,No
EMP12212,34,Other,Engineering,Mechanical Engineer,Bachelor's,Other,Married,Mumbai,Full-Time,2023-06-14,4,4,2,9,2,21800,4,3,4,No,Non-Travel,21,4,168,82,3.7,Campus Hiring,30,No
EMP12213,45,Male,IT,Data Analyst,Bachelor's,Human Resources,Single,Kolkata,Full-Time,2023-05-22,7,6,6,23,3,39000,4,5,3,No,Travel_Rarely,14,4,258,29,3.7,Employee Referral,31,Yes
EMP12214,39,Male,Engineering,Electrical Engineer,Bachelor's,Computer Science,Single,Kolkata,Part-Time,2024-01-14,15,6,0,15,5,18000,4,1,4,No,Travel_Frequently,7,5,237,11,3.0,Employee Referral,33,No
EMP12215,59,Male,Operations,Operations Executive,Bachelor's,Marketing,Married,Noida,Part-Time,2020-06-11,13,5,1,34,5,32500,5,2,3,No,Travel_Rarely,12,1,196,92,3.7,LinkedIn,39,No
EMP12216,35,Male,Finance,Finance Executive,Master's,Business,Married,Ahmedabad,Full-Time,2025-08-01,0,0,3,13,1,19800,5,5,2,Yes,Travel_Rarely,26,2,176,18,4.0,Company Website,31,No
EMP12217,36,Female,Engineering,Engineering Manager,Master's,Human Resources,Single,Gurugram,Full-Time,2021-09-15,6,6,6,14,3,18000,2,1,3,No,Non-Travel,22,5,247,72,2.3,Recruitment Agency,28,No
EMP12218,47,Male,HR,HR Executive,Master's,Other,Married,Ahmedabad,Full-Time,2022-09-20,11,1,1,26,4,29000,4,4,2,No,Travel_Rarely,22,1,183,92,3.3,LinkedIn,45,No
EMP12219,60,Male,Engineering,Engineering Manager,Bachelor's,Human Resources,Single,Delhi,Full-Time,2022-10-07,5,1,4,38,2,18300,5,1,1,No,Travel_Rarely,6,6,277,77,3.3,Naukri,19,Yes
EMP12220,30,Other,IT,System Administrator,Master's,Business,Married,Chennai,Part-Time,2017-11-13,4,4,0,4,2,23900,3,1,4,No,Travel_Rarely,13,4,266,15,2.7,LinkedIn,23,No
EMP12221,24,Female,Operations,Operations Executive,Bachelor's,Engineering,Married,Kolkata,Full-Time,2020-11-30,0,0,4,0,1,21100,5,4,3,No,Travel_Rarely,8,4,224,20,3.7,Company Website,10,No
EMP12222,39,Male,Sales,Sales Manager,Bachelor's,Human Resources,Married,Chennai,Full-Time,2022-07-13,4,4,2,19,2,25300,5,4,3,No,Travel_Rarely,23,7,157,30,4.3,LinkedIn,30,No
EMP12223,48,Female,IT,System Administrator,Master's,Other,Single,Bengaluru,Full-Time,2019-07-18,15,4,3,28,5,18000,2,2,3,Yes,Travel_Rarely,21,5,193,72,2.7,Company Website,22,Yes
EMP12224,41,Male,HR,HR Executive,Master's,Marketing,Married,Mumbai,Full-Time,2018-07-07,6,0,0,21,3,33400,5,5,3,No,Travel_Frequently,26,3,164,98,5.0,Employee Referral,18,No
EMP12225,34,Other,IT,Data Analyst,Bachelor's,Engineering,Single,Gurugram,Full-Time,2023-09-15,2,1,3,10,1,18000,3,1,3,No,Travel_Rarely,2,2,169,39,2.7,LinkedIn,19,No
EMP12226,53,Male,Sales,Sales Representative,Master's,Finance,Single,Hyderabad,Full-Time,2017-10-13,0,0,5,33,1,29400,4,3,4,No,Travel_Rarely,10,1,254,91,3.3,Employee Referral,17,No
EMP12227,30,Male,Finance,Accountant,PhD,Business,Married,Delhi,Full-Time,2020-05-22,8,7,0,9,3,18000,1,3,4,Yes,Travel_Frequently,6,4,231,98,2.7,LinkedIn,22,Yes
EMP12228,39,Female,Marketing,Marketing Executive,Bachelor's,Business,Married,Gurugram,Full-Time,2020-05-22,1,1,6,15,1,18000,2,2,4,No,Travel_Rarely,16,2,131,30,2.3,LinkedIn,11,No
EMP12229,50,Male,HR,Recruiter,Bachelor's,Engineering,Single,Delhi,Full-Time,2024-03-14,12,0,4,24,5,27900,3,3,2,No,Non-Travel,10,4,260,32,2.7,Naukri,12,Yes
EMP12230,42,Female,HR,HR Manager,Bachelor's,Finance,Married,Mumbai,Full-Time,2020-06-28,9,5,2,17,4,18000,2,2,3,No,Travel_Rarely,15,4,143,70,2.0,Campus Hiring,14,No
EMP12231,23,Female,Operations,Operations Analyst,Bachelor's,Human Resources,Single,Delhi,Full-Time,2020-01-25,0,0,1,0,1,23700,4,5,4,No,Travel_Rarely,21,4,228,39,4.7,Campus Hiring,18,No
EMP12232,57,Male,IT,Data Analyst,Bachelor's,Computer Science,Married,Gurugram,Contract,2025-04-09,2,2,7,33,1,18000,5,2,2,No,Travel_Rarely,20,7,197,55,3.0,Naukri,20,No
EMP12233,38,Male,Engineering,Engineering Manager,Diploma,Other,Divorced,Bengaluru,Full-Time,2018-12-17,7,2,7,14,3,18000,5,4,2,No,Travel_Rarely,10,2,176,69,4.0,LinkedIn,6,No
EMP12234,31,Male,Engineering,Electrical Engineer,Bachelor's,Finance,Married,Kolkata,Part-Time,2017-01-10,9,3,3,9,4,18000,3,4,4,No,Travel_Rarely,11,5,223,27,3.0,Campus Hiring,19,No
EMP12235,22,Female,Operations,Process Associate,Bachelor's,Engineering,Single,Noida,Contract,2025-08-28,0,0,0,0,1,18000,4,4,4,Yes,Travel_Rarely,21,2,180,71,3.3,Employee Referral,16,Yes
EMP12236,32,Male,Marketing,Digital Marketing Specialist,PhD,Human Resources,Single,Chennai,Full-Time,2022-09-20,8,5,0,10,3,18000,1,4,3,Yes,Travel_Rarely,25,2,177,54,3.0,LinkedIn,31,Yes
EMP12237,26,Male,Engineering,Engineering Manager,Master's,Human Resources,Single,Chennai,Contract,2019-11-09,0,0,5,0,1,55900,1,4,2,Yes,Travel_Rarely,28,6,206,70,2.7,Company Website,16,No
EMP12238,60,Female,IT,Data Analyst,Master's,Human Resources,Married,Ahmedabad,Full-Time,2021-10-04,15,7,3,33,5,20300,5,4,3,Yes,Travel_Rarely,29,3,254,68,4.0,Campus Hiring,33,No
EMP12239,49,Male,IT,System Administrator,Master's,Engineering,Married,Delhi,Contract,2025-08-31,2,2,1,26,1,18000,4,4,3,Yes,Travel_Frequently,2,7,242,44,3.7,LinkedIn,40,No
EMP12240,50,Female,HR,HR Executive,Bachelor's,Finance,Divorced,Gurugram,Part-Time,2022-11-27,5,1,2,23,2,18000,4,4,3,No,Travel_Frequently,22,3,139,31,3.3,LinkedIn,35,No
EMP12241,22,Female,Operations,Process Associate,Bachelor's,Engineering,Single,Ahmedabad,Part-Time,2020-03-19,1,1,0,1,1,22400,3,4,3,No,Travel_Rarely,27,7,264,33,3.3,Naukri,15,No
EMP12242,29,Male,IT,Data Analyst,Bachelor's,Business,Divorced,Bengaluru,Full-Time,2020-12-25,5,5,7,5,2,18600,1,5,3,No,Travel_Frequently,25,5,245,96,2.7,Employee Referral,29,No
EMP12243,22,Male,Marketing,Digital Marketing Specialist,Master's,Engineering,Married,Bengaluru,Part-Time,2016-01-17,0,0,0,0,1,18000,3,4,4,No,Travel_Rarely,28,3,146,60,3.0,LinkedIn,15,No
EMP12244,49,Female,Engineering,Project Engineer,PhD,Computer Science,Single,Bengaluru,Contract,2017-03-08,13,7,3,25,5,18000,2,2,4,No,Travel_Rarely,10,7,151,74,3.0,Campus Hiring,17,Yes
EMP12245,53,Female,Engineering,Engineering Manager,Bachelor's,Business,Single,Kolkata,Full-Time,2016-08-24,6,6,3,31,3,37600,4,5,3,No,Travel_Rarely,29,5,188,24,4.7,Employee Referral,17,No
EMP12246,30,Female,Sales,Sales Executive,Bachelor's,Other,Married,Pune,Full-Time,2016-11-02,3,0,0,6,2,18000,1,3,3,Yes,Travel_Rarely,21,7,173,37,2.0,Company Website,25,Yes
EMP12247,54,Female,IT,System Administrator,PhD,Marketing,Married,Mumbai,Full-Time,2020-11-20,15,8,0,29,5,18000,3,1,3,No,Travel_Rarely,12,4,140,51,2.0,LinkedIn,16,No
EMP12248,28,Male,Engineering,Engineering Manager,Bachelor's,Business,Divorced,Hyderabad,Full-Time,2017-03-08,1,1,5,1,1,18500,5,5,2,No,Travel_Rarely,11,4,171,29,4.7,Recruitment Agency,24,No
EMP12249,57,Male,Marketing,Marketing Executive,Bachelor's,Other,Single,Noida,Full-Time,2016-01-24,7,0,0,33,3,18000,2,4,3,No,Non-Travel,22,2,152,52,3.7,Company Website,35,No
EMP12250,53,Female,IT,System Administrator,Bachelor's,Business,Married,Ahmedabad,Full-Time,2021-07-28,3,3,4,27,2,18000,3,5,5,No,Travel_Rarely,15,4,247,89,3.7,Company Website,14,No
EMP12251,26,Female,IT,Software Engineer,Master's,Business,Married,Delhi,Contract,2019-08-16,6,6,0,6,3,18000,5,1,3,No,Travel_Rarely,26,3,191,78,3.7,Recruitment Agency,10,No
EMP12252,60,Female,Engineering,Mechanical Engineer,Master's,Human Resources,Married,Mumbai,Full-Time,2020-07-09,3,3,2,35,2,18000,1,1,3,No,Travel_Rarely,28,1,240,72,2.3,Campus Hiring,18,Yes
EMP12253,39,Male,Operations,Process Associate,Master's,Finance,Married,Gurugram,Full-Time,2025-01-22,7,7,2,14,3,22700,1,4,3,No,Travel_Rarely,4,2,183,52,3.3,Company Website,37,No
EMP12254,52,Male,Engineering,Engineering Manager,Master's,Other,Single,Gurugram,Full-Time,2018-10-10,14,6,6,28,5,24700,2,4,2,No,Travel_Rarely,5,5,211,88,3.0,Naukri,30,No
EMP12255,47,Female,Engineering,Electrical Engineer,Master's,Marketing,Single,Bengaluru,Full-Time,2017-11-11,4,1,5,24,2,18000,5,2,3,Yes,Travel_Rarely,24,4,248,11,3.0,LinkedIn,16,Yes
EMP12256,21,Female,Marketing,Digital Marketing Specialist,Master's,Computer Science,Single,Pune,Full-Time,2021-01-22,0,0,1,0,1,21100,4,1,3,No,Travel_Rarely,28,2,238,97,3.3,Recruitment Agency,15,Yes
EMP12257,53,Other,Sales,Sales Manager,Bachelor's,Business,Married,Gurugram,Full-Time,2020-02-24,5,3,3,32,2,18000,1,4,3,No,Non-Travel,1,2,241,86,3.3,Campus Hiring,27,No
EMP12258,60,Male,Sales,Sales Manager,Master's,Other,Married,Ahmedabad,Full-Time,2018-08-09,11,2,1,39,4,26400,4,1,3,No,Travel_Rarely,1,2,142,32,2.3,Naukri,25,No
EMP12259,52,Male,Finance,Finance Manager,Master's,Other,Married,Kolkata,Full-Time,2019-08-04,10,0,0,32,4,18000,4,2,2,No,Travel_Rarely,10,4,197,21,2.7,Employee Referral,30,No
EMP12260,25,Male,Sales,Sales Executive,Bachelor's,Finance,Married,Mumbai,Full-Time,2017-02-18,4,4,3,4,2,23700,3,3,3,Yes,Travel_Frequently,4,5,236,55,3.3,Employee Referral,14,No
EMP12261,37,Male,Operations,Operations Manager,Master's,Engineering,Single,Ahmedabad,Full-Time,2018-01-22,4,4,0,16,2,24600,3,1,3,No,Travel_Rarely,13,2,156,42,3.0,Naukri,23,Yes
EMP12262,28,Male,Marketing,Marketing Manager,Master's,Marketing,Married,Gurugram,Full-Time,2019-11-24,0,0,3,6,1,63000,1,2,4,No,Travel_Rarely,14,2,244,53,1.7,Employee Referral,32,Yes
EMP12263,54,Female,Engineering,Project Engineer,Bachelor's,Other,Divorced,Bengaluru,Full-Time,2017-02-19,6,6,5,27,3,18000,4,2,3,No,Travel_Rarely,26,2,203,34,3.0,Naukri,34,No
EMP12264,29,Male,Sales,Sales Executive,Bachelor's,Human Resources,Single,Kolkata,Full-Time,2018-05-25,5,0,6,7,2,72800,3,2,4,No,Travel_Rarely,19,6,221,44,2.7,Campus Hiring,13,No
EMP12265,43,Male,Marketing,Marketing Manager,Bachelor's,Other,Married,Pune,Full-Time,2023-10-28,1,0,4,20,1,31000,5,5,3,No,Travel_Rarely,5,4,214,44,4.7,LinkedIn,23,No
EMP12266,55,Female,Marketing,Marketing Executive,Bachelor's,Computer Science,Single,Pune,Full-Time,2018-06-08,10,0,7,29,4,50100,5,4,3,No,Travel_Rarely,11,6,245,74,4.7,Employee Referral,21,No
EMP12267,27,Male,Marketing,Marketing Manager,Bachelor's,Marketing,Single,Hyderabad,Full-Time,2025-09-24,6,1,6,7,3,33100,5,1,3,No,Travel_Rarely,26,3,204,52,2.7,Naukri,16,No
EMP12268,35,Female,Operations,Operations Manager,Diploma,Computer Science,Single,Gurugram,Full-Time,2019-06-28,5,0,4,14,2,18000,5,5,3,No,Travel_Rarely,8,5,213,77,4.3,LinkedIn,17,No
EMP12269,40,Male,HR,Recruiter,Bachelor's,Computer Science,Single,Delhi,Full-Time,2017-11-07,4,3,4,17,2,29600,4,1,3,Yes,Non-Travel,1,2,212,71,3.0,LinkedIn,29,No
EMP12270,45,Male,Sales,Sales Manager,Bachelor's,Engineering,Married,Chennai,Full-Time,2022-09-13,7,7,6,25,3,18000,5,5,2,No,Non-Travel,5,6,267,40,5.0,Employee Referral,17,No
EMP12271,23,Female,IT,IT Support Specialist,Bachelor's,Other,Single,Noida,Full-Time,2023-12-10,0,0,5,0,1,21200,4,4,4,Yes,Travel_Rarely,30,2,144,37,3.7,Naukri,23,Yes
EMP12272,44,Female,Finance,Accountant,Bachelor's,Computer Science,Divorced,Gurugram,Full-Time,2021-12-28,10,3,6,23,4,18000,1,2,2,No,Travel_Frequently,21,6,174,20,2.3,Employee Referral,28,Yes
EMP12273,54,Female,Sales,Sales Representative,Bachelor's,Engineering,Divorced,Hyderabad,Full-Time,2022-08-22,1,1,1,33,1,18000,1,1,3,No,Travel_Rarely,18,2,211,41,1.3,Naukri,40,Yes
EMP12274,42,Female,Marketing,Marketing Manager,Master's,Business,Divorced,Kolkata,Full-Time,2024-09-26,5,5,3,20,2,33000,5,2,3,Yes,Travel_Rarely,13,7,136,75,3.3,Employee Referral,27,No
EMP12275,31,Female,Engineering,Engineering Manager,Master's,Marketing,Single,Bengaluru,Part-Time,2019-09-23,7,6,1,7,3,26800,5,4,3,No,Non-Travel,5,4,207,69,4.7,Company Website,30,Yes
EMP12276,28,Female,Marketing,Marketing Executive,Master's,Computer Science,Single,Gurugram,Full-Time,2017-03-25,8,0,7,8,3,34900,5,1,4,Yes,Travel_Frequently,24,3,159,60,3.0,Naukri,26,No
EMP12277,59,Male,Operations,Operations Executive,Bachelor's,Engineering,Single,Ahmedabad,Full-Time,2024-01-14,11,0,3,38,4,18000,1,3,5,No,Travel_Rarely,26,2,247,68,2.0,LinkedIn,22,No
EMP12278,55,Male,Sales,Sales Manager,Master's,Business,Married,Ahmedabad,Contract,2024-11-06,0,0,7,28,1,18000,3,3,1,No,Travel_Frequently,7,6,178,86,2.7,Naukri,22,Yes
EMP12279,58,Female,Marketing,Digital Marketing Specialist,Master's,Marketing,Single,Pune,Full-Time,2024-09-11,4,3,7,38,2,36200,1,3,3,Yes,Non-Travel,12,2,230,26,2.7,Employee Referral,23,No
EMP12280,28,Male,IT,Software Engineer,Master's,Business,Married,Pune,Full-Time,2018-04-29,2,0,0,2,1,35000,5,4,4,Yes,Travel_Frequently,2,4,210,77,3.7,Employee Referral,5,No
EMP12281,57,Female,HR,HR Analyst,Master's,Finance,Married,Noida,Full-Time,2016-04-01,5,5,7,30,2,24200,3,3,3,No,Travel_Rarely,13,5,159,47,3.7,LinkedIn,21,No
EMP12282,47,Female,Finance,Accountant,Master's,Marketing,Divorced,Pune,Part-Time,2022-12-07,14,1,4,24,5,26600,3,1,3,No,Travel_Frequently,14,5,132,73,3.0,Employee Referral,28,Yes
EMP12283,48,Female,Sales,Business Development Executive,Bachelor's,Engineering,Divorced,Noida,Contract,2025-07-22,6,4,4,21,3,32500,2,3,5,Yes,Non-Travel,6,3,166,12,2.7,LinkedIn,17,No
EMP12284,60,Female,IT,IT Support Specialist,Bachelor's,Computer Science,Single,Kolkata,Full-Time,2017-02-24,13,7,3,37,5,23900,4,1,3,No,Travel_Rarely,16,7,159,63,2.7,Naukri,37,Yes
EMP12285,54,Female,IT,System Administrator,Bachelor's,Engineering,Single,Pune,Full-Time,2023-07-26,1,1,1,30,1,28000,5,4,2,Yes,Travel_Rarely,10,5,183,85,3.7,Company Website,25,No
EMP12286,52,Female,HR,HR Executive,Bachelor's,Human Resources,Single,Mumbai,Contract,2023-02-12,0,0,1,31,1,31800,4,2,4,No,Travel_Rarely,29,2,242,53,2.7,Naukri,23,Yes
EMP12287,35,Male,Engineering,Mechanical Engineer,Master's,Engineering,Married,Ahmedabad,Part-Time,2024-01-30,5,5,2,8,2,21100,2,5,5,No,Travel_Rarely,27,4,215,91,3.0,Employee Referral,32,No
EMP12288,37,Male,Finance,Accountant,Bachelor's,Engineering,Single,Chennai,Part-Time,2024-07-22,2,2,4,11,1,18900,4,3,4,Yes,Travel_Rarely,11,7,229,39,3.0,Recruitment Agency,29,No
EMP12289,53,Female,Sales,Sales Manager,PhD,Marketing,Single,Kolkata,Full-Time,2023-04-02,4,0,4,31,2,26200,5,5,3,Yes,Travel_Frequently,1,2,214,84,4.3,LinkedIn,34,No
EMP12290,36,Other,IT,System Administrator,Bachelor's,Marketing,Married,Kolkata,Full-Time,2020-03-17,11,4,1,15,4,61000,2,2,4,No,Travel_Rarely,15,2,264,97,3.0,Company Website,36,Yes
EMP12291,49,Male,Marketing,Digital Marketing Specialist,Bachelor's,Finance,Single,Pune,Full-Time,2024-09-03,14,2,4,29,5,18000,4,4,5,Yes,Travel_Rarely,16,3,137,94,4.0,Recruitment Agency,37,Yes
EMP12292,29,Male,HR,HR Executive,Diploma,Human Resources,Married,Mumbai,Full-Time,2020-05-10,4,3,1,4,2,18100,1,4,4,Yes,Travel_Rarely,10,5,215,63,2.7,LinkedIn,28,No
EMP12293,53,Male,HR,HR Executive,Bachelor's,Business,Single,Chennai,Full-Time,2021-03-10,12,3,2,30,5,18000,3,2,3,No,Travel_Rarely,10,5,192,57,2.7,Naukri,15,No
EMP12294,49,Male,Sales,Sales Manager,Bachelor's,Human Resources,Married,Hyderabad,Full-Time,2016-07-03,15,6,3,29,5,26800,2,5,4,No,Travel_Rarely,3,5,222,44,4.0,LinkedIn,22,Yes
EMP12295,33,Female,IT,System Administrator,Diploma,Other,Married,Hyderabad,Full-Time,2019-12-27,9,7,7,9,4,18000,1,3,3,No,Travel_Rarely,11,6,267,77,2.7,Employee Referral,39,No
EMP12296,41,Male,IT,IT Support Specialist,Master's,Engineering,Single,Bengaluru,Part-Time,2020-02-03,1,1,3,18,1,18000,5,1,3,No,Travel_Rarely,11,2,178,35,3.7,Employee Referral,26,No
EMP12297,41,Female,HR,HR Manager,Bachelor's,Finance,Married,Delhi,Full-Time,2018-08-22,14,6,2,19,5,21400,3,4,3,No,Non-Travel,16,4,250,81,3.0,Employee Referral,20,No
EMP12298,25,Female,IT,System Administrator,Bachelor's,Finance,Married,Kolkata,Full-Time,2019-02-22,0,0,4,2,1,43200,2,2,4,No,Travel_Rarely,6,4,168,97,2.7,Company Website,19,No
EMP12299,30,Female,IT,IT Support Specialist,Bachelor's,Marketing,Married,Chennai,Full-Time,2025-04-28,0,0,6,5,1,18800,3,5,4,No,Travel_Rarely,30,2,163,65,3.7,Employee Referral,14,No
EMP12300,26,Female,Finance,Accountant,Master's,Business,Married,Ahmedabad,Full-Time,2019-07-11,0,0,0,0,1,19600,2,3,4,No,Travel_Rarely,9,1,231,85,2.3,LinkedIn,32,No
EMP12301,33,Male,Engineering,Project Engineer,Bachelor's,Finance,Married,Bengaluru,Full-Time,2018-05-01,7,3,4,7,3,42400,2,5,3,No,Travel_Frequently,1,2,139,78,3.0,Recruitment Agency,20,No
EMP12302,21,Female,Marketing,Content Strategist,Bachelor's,Computer Science,Married,Delhi,Full-Time,2022-02-16,0,0,7,0,1,22000,4,3,3,No,Travel_Rarely,28,7,138,89,3.0,Naukri,15,Yes
EMP12303,40,Male,Sales,Sales Executive,Bachelor's,Finance,Married,Chennai,Part-Time,2021-02-16,9,4,1,19,4,18000,3,1,3,Yes,Travel_Rarely,6,6,225,73,2.0,LinkedIn,16,Yes
EMP12304,28,Female,HR,HR Executive,Master's,Marketing,Married,Hyderabad,Full-Time,2020-10-16,3,3,5,3,2,30000,3,1,4,Yes,Travel_Rarely,18,7,262,38,2.0,Recruitment Agency,5,No
EMP12305,30,Male,Engineering,Project Engineer,Master's,Engineering,Single,Delhi,Full-Time,2019-05-29,4,4,7,4,2,36500,1,2,1,Yes,Travel_Frequently,25,5,268,87,1.7,Campus Hiring,30,No
EMP12306,29,Female,Finance,Finance Executive,PhD,Marketing,Single,Ahmedabad,Full-Time,2022-02-24,1,1,0,4,1,20100,5,2,4,No,Travel_Frequently,13,2,171,68,3.7,Employee Referral,22,No
EMP12307,23,Male,IT,Software Engineer,Bachelor's,Other,Single,Hyderabad,Full-Time,2022-07-19,0,0,2,2,1,23400,1,3,3,No,Travel_Rarely,2,6,209,34,2.0,LinkedIn,13,No
EMP12308,31,Male,Marketing,Marketing Manager,PhD,Marketing,Married,Mumbai,Contract,2016-06-22,5,4,3,8,2,18000,4,3,4,Yes,Travel_Rarely,28,1,220,81,3.7,Campus Hiring,36,No
EMP12309,32,Male,IT,IT Support Specialist,Bachelor's,Business,Married,Bengaluru,Full-Time,2016-08-04,8,6,3,8,3,18000,2,3,3,No,Travel_Rarely,19,2,277,36,3.0,Employee Referral,24,Yes
EMP12310,30,Male,Finance,Accountant,Bachelor's,Human Resources,Married,Ahmedabad,Full-Time,2024-12-21,3,1,6,9,2,19000,4,3,3,No,Travel_Rarely,28,7,130,31,4.0,Employee Referral,5,Yes
EMP12311,45,Other,Sales,Sales Representative,Bachelor's,Computer Science,Single,Ahmedabad,Full-Time,2021-07-14,9,5,4,24,4,22800,4,1,5,No,Travel_Rarely,2,5,140,80,3.3,Recruitment Agency,30,Yes
EMP12312,45,Female,Engineering,Electrical Engineer,Bachelor's,Computer Science,Single,Noida,Full-Time,2020-05-21,12,6,3,19,5,18000,1,2,4,No,Travel_Rarely,27,3,190,56,2.3,LinkedIn,15,No
EMP12313,31,Female,Sales,Sales Manager,Diploma,Human Resources,Single,Noida,Full-Time,2019-10-28,9,4,7,9,4,18600,2,2,2,No,Travel_Rarely,4,4,208,85,2.0,Company Website,29,Yes
EMP12314,56,Other,Operations,Process Associate,PhD,Business,Married,Pune,Full-Time,2016-06-22,14,8,4,29,5,20800,5,4,3,No,Travel_Rarely,4,1,233,64,4.7,Employee Referral,29,No
EMP12315,59,Female,Engineering,Engineering Manager,Bachelor's,Other,Married,Ahmedabad,Full-Time,2021-10-26,6,3,6,36,3,18000,4,2,4,No,Travel_Rarely,10,3,177,18,2.7,Naukri,25,No
EMP12316,46,Male,IT,Software Engineer,Bachelor's,Business,Married,Mumbai,Full-Time,2025-04-17,15,0,6,25,5,19500,5,2,3,No,Travel_Rarely,17,4,211,63,3.0,LinkedIn,13,Yes
EMP12317,34,Female,HR,HR Analyst,PhD,Finance,Single,Kolkata,Part-Time,2025-12-04,10,7,1,10,4,37100,2,5,4,No,Travel_Rarely,24,3,157,73,4.0,LinkedIn,13,No
EMP12318,59,Female,Finance,Finance Manager,Master's,Other,Married,Kolkata,Full-Time,2023-03-08,5,5,1,39,2,18000,2,5,3,No,Travel_Rarely,16,7,218,48,4.0,Employee Referral,24,No
EMP12319,60,Male,Sales,Sales Manager,Bachelor's,Human Resources,Married,Kolkata,Part-Time,2025-06-17,4,4,2,37,2,18000,1,4,5,No,Travel_Rarely,21,2,204,92,3.3,Naukri,16,Yes
EMP12320,21,Male,Sales,Sales Executive,Bachelor's,Computer Science,Divorced,Chennai,Full-Time,2023-11-28,0,0,5,0,1,56300,3,3,3,Yes,Travel_Rarely,28,2,209,17,2.7,LinkedIn,35,Yes
EMP12321,24,Female,Engineering,Mechanical Engineer,Bachelor's,Marketing,Married,Delhi,Full-Time,2022-10-20,0,0,1,0,1,24400,1,4,4,No,Travel_Rarely,8,4,165,36,2.7,Naukri,23,No
EMP12322,50,Male,Operations,Operations Executive,Master's,Human Resources,Married,Chennai,Contract,2022-02-24,12,2,4,29,5,18000,5,4,2,Yes,Travel_Rarely,29,4,216,78,4.0,Naukri,15,No
EMP12323,32,Male,Marketing,Digital Marketing Specialist,Bachelor's,Finance,Married,Gurugram,Full-Time,2023-04-03,8,8,3,8,3,29400,1,1,3,Yes,Travel_Rarely,6,2,199,42,2.3,LinkedIn,33,No
EMP12324,55,Male,Finance,Finance Executive,Bachelor's,Computer Science,Single,Hyderabad,Full-Time,2024-06-05,11,0,1,32,4,24700,2,2,3,Yes,Travel_Rarely,30,2,236,94,2.0,LinkedIn,7,No
EMP12325,33,Male,Engineering,Mechanical Engineer,Bachelor's,Other,Married,Chennai,Full-Time,2019-07-10,9,7,1,9,4,18000,4,1,4,No,Non-Travel,2,6,235,19,2.7,Recruitment Agency,23,No
EMP12326,51,Female,Engineering,Project Engineer,Diploma,Other,Single,Gurugram,Full-Time,2024-05-09,1,1,4,27,1,21500,3,2,4,Yes,Travel_Rarely,23,4,199,25,3.3,LinkedIn,29,Yes
EMP12327,58,Female,Engineering,Electrical Engineer,Master's,Other,Married,Chennai,Full-Time,2017-09-25,4,4,6,31,2,19300,2,4,3,No,Non-Travel,26,4,139,20,2.7,Employee Referral,15,No
EMP12328,43,Male,IT,Data Analyst,Diploma,Human Resources,Single,Hyderabad,Full-Time,2020-08-26,8,4,1,17,3,34400,4,2,3,No,Travel_Rarely,15,7,134,28,2.7,Employee Referral,20,No
EMP12329,24,Female,Marketing,Marketing Executive,Master's,Engineering,Married,Noida,Full-Time,2023-04-29,0,0,3,0,1,29900,5,3,4,No,Travel_Rarely,25,6,157,73,3.3,Company Website,18,No
EMP12330,36,Male,IT,Software Engineer,Diploma,Marketing,Single,Pune,Full-Time,2023-01-16,1,1,5,14,1,18000,5,3,4,No,Travel_Rarely,23,4,188,61,3.3,Naukri,14,Yes
EMP12331,27,Female,HR,HR Manager,Bachelor's,Other,Married,Delhi,Full-Time,2018-08-20,0,0,3,0,1,51900,5,4,3,Yes,Travel_Rarely,11,7,266,86,3.7,Campus Hiring,25,No
EMP12332,42,Female,IT,IT Support Specialist,Bachelor's,Human Resources,Married,Bengaluru,Full-Time,2024-06-18,9,4,6,19,4,19300,1,5,5,No,Travel_Rarely,21,5,221,24,2.7,Company Website,32,No
EMP12333,49,Male,Marketing,Marketing Executive,Bachelor's,Other,Single,Bengaluru,Full-Time,2021-01-18,13,3,5,28,5,47800,5,3,4,Yes,Travel_Rarely,16,7,191,51,3.3,LinkedIn,42,Yes
EMP12334,31,Male,Operations,Process Associate,Master's,Marketing,Single,Delhi,Full-Time,2022-04-20,3,3,3,9,2,30400,5,4,3,No,Non-Travel,4,6,218,92,4.7,Naukri,31,No
EMP12335,53,Male,IT,IT Support Specialist,Master's,Finance,Married,Hyderabad,Full-Time,2017-08-20,12,6,7,32,5,24600,1,1,3,Yes,Travel_Rarely,11,5,236,88,2.3,LinkedIn,22,Yes
EMP12336,49,Male,Finance,Financial Analyst,Bachelor's,Computer Science,Single,Mumbai,Full-Time,2024-11-25,12,8,7,29,5,21100,4,5,3,No,Travel_Rarely,14,2,167,47,4.3,Naukri,34,Yes
EMP12337,59,Female,Sales,Business Development Executive,Bachelor's,Business,Married,Ahmedabad,Part-Time,2025-05-17,2,2,6,35,1,76200,2,3,4,Yes,Travel_Rarely,8,5,250,95,3.3,Company Website,14,No
EMP12338,32,Male,Finance,Finance Manager,Bachelor's,Engineering,Married,Delhi,Full-Time,2023-03-05,10,7,3,12,4,19500,3,4,3,No,Travel_Rarely,6,7,239,58,4.0,Naukri,19,No
EMP12339,27,Male,IT,IT Support Specialist,Bachelor's,Marketing,Married,Chennai,Full-Time,2020-10-16,1,1,0,1,1,18000,5,4,4,Yes,Non-Travel,29,1,273,86,4.3,Employee Referral,33,No
EMP12340,59,Female,Sales,Business Development Executive,PhD,Business,Married,Noida,Full-Time,2018-06-11,0,0,6,35,1,18000,5,1,1,No,Travel_Rarely,21,2,195,93,3.7,Recruitment Agency,18,No
EMP12341,46,Female,Operations,Operations Manager,PhD,Business,Married,Hyderabad,Contract,2016-08-02,2,1,3,21,1,22000,5,1,4,No,Non-Travel,23,1,195,58,3.0,Naukri,25,No
EMP12342,60,Female,IT,IT Support Specialist,Bachelor's,Business,Single,Pune,Full-Time,2025-05-22,10,2,6,38,4,22000,1,5,4,No,Travel_Frequently,27,3,175,88,3.0,Naukri,18,Yes
EMP12343,29,Female,IT,IT Support Specialist,Master's,Business,Married,Kolkata,Full-Time,2018-06-02,8,4,6,8,3,34600,1,3,3,No,Travel_Rarely,19,1,278,80,3.0,Employee Referral,22,No
EMP12344,54,Female,Finance,Accountant,Bachelor's,Finance,Single,Gurugram,Contract,2023-04-03,13,1,0,27,5,31000,1,4,3,No,Travel_Rarely,25,3,189,64,3.3,Company Website,23,No
EMP12345,33,Female,Engineering,Engineering Manager,Master's,Human Resources,Single,Mumbai,Full-Time,2020-06-19,7,2,3,7,3,31000,3,5,2,Yes,Travel_Rarely,4,1,267,31,4.3,Naukri,28,No
EMP12346,56,Female,Operations,Operations Manager,Master's,Human Resources,Divorced,Ahmedabad,Full-Time,2025-12-23,8,3,6,31,3,19900,2,5,4,No,Travel_Rarely,28,7,275,52,4.0,Campus Hiring,25,No
EMP12347,45,Male,Operations,Operations Executive,Bachelor's,Marketing,Single,Bengaluru,Full-Time,2023-02-28,6,5,6,24,3,29900,5,1,4,Yes,Travel_Rarely,4,7,219,59,3.3,Recruitment Agency,30,No
EMP12348,44,Female,Finance,Accountant,Master's,Other,Single,Kolkata,Full-Time,2019-05-28,15,4,3,22,5,31300,4,4,3,No,Travel_Rarely,24,3,242,93,4.0,Company Website,28,No
EMP12349,37,Other,Marketing,Digital Marketing Specialist,Diploma,Business,Married,Pune,Full-Time,2017-08-28,2,2,4,14,1,21300,5,2,2,Yes,Non-Travel,6,3,214,28,4.0,LinkedIn,22,Yes
EMP12350,22,Female,IT,System Administrator,Bachelor's,Other,Single,Delhi,Full-Time,2017-07-05,0,0,5,0,1,25000,5,1,3,No,Travel_Rarely,30,2,195,100,3.7,Company Website,19,No
EMP12351,33,Male,Marketing,Content Strategist,Bachelor's,Business,Single,Kolkata,Full-Time,2022-07-12,2,2,3,13,1,31300,5,4,3,No,Non-Travel,11,7,175,81,4.3,Company Website,16,No
EMP12352,51,Female,Engineering,Engineering Manager,Master's,Computer Science,Single,Gurugram,Part-Time,2016-11-14,3,3,1,31,2,24200,5,5,3,No,Travel_Rarely,1,4,247,27,4.3,Naukri,5,No
EMP12353,49,Female,Marketing,Digital Marketing Specialist,Bachelor's,Marketing,Single,Ahmedabad,Full-Time,2022-11-18,15,6,3,22,5,25300,2,5,3,No,Travel_Rarely,2,4,280,19,3.0,Naukri,23,No
EMP12354,48,Male,Engineering,Project Engineer,Diploma,Other,Single,Noida,Contract,2017-12-29,6,0,7,27,3,41500,4,3,3,Yes,Travel_Rarely,9,2,224,59,4.0,Company Website,14,No
EMP12355,47,Female,Operations,Operations Executive,Bachelor's,Human Resources,Married,Noida,Full-Time,2024-01-26,6,3,2,26,3,24300,1,2,3,Yes,Travel_Rarely,16,3,133,58,2.0,Naukri,16,No
EMP12356,35,Other,IT,IT Support Specialist,Bachelor's,Engineering,Single,Gurugram,Full-Time,2019-03-23,11,4,7,14,4,18000,4,1,3,No,Non-Travel,6,4,132,50,2.3,Naukri,21,No
EMP12357,51,Male,Engineering,Electrical Engineer,Master's,Business,Single,Hyderabad,Full-Time,2016-12-16,11,7,4,25,4,18000,5,3,4,No,Travel_Rarely,23,4,249,24,3.3,Recruitment Agency,19,No
EMP12358,60,Male,IT,Software Engineer,Bachelor's,Finance,Married,Noida,Full-Time,2018-12-21,13,7,4,38,5,23200,4,3,3,No,Travel_Rarely,27,1,203,32,3.3,Recruitment Agency,29,No
EMP12359,35,Female,Sales,Sales Manager,Bachelor's,Human Resources,Married,Gurugram,Full-Time,2020-01-23,1,0,3,12,1,19000,5,2,3,No,Travel_Rarely,9,5,235,85,4.0,Employee Referral,23,No
EMP12360,53,Male,IT,Software Engineer,Bachelor's,Business,Married,Ahmedabad,Full-Time,2018-08-07,11,4,2,33,4,31700,4,1,2,No,Travel_Rarely,19,2,225,36,2.3,Naukri,39,No
EMP12361,40,Female,IT,Software Engineer,Bachelor's,Business,Single,Bengaluru,Full-Time,2025-01-24,14,0,6,15,5,44800,3,1,3,Yes,Travel_Rarely,5,5,165,15,3.0,Naukri,44,No
EMP12362,32,Male,Sales,Sales Representative,Diploma,Human Resources,Single,Mumbai,Full-Time,2016-07-08,4,0,5,8,2,18000,4,5,4,No,Travel_Rarely,21,3,156,33,4.7,Employee Referral,21,Yes
EMP12363,57,Male,HR,HR Executive,Master's,Business,Single,Mumbai,Contract,2024-10-22,6,1,3,31,3,18000,1,1,1,No,Travel_Rarely,10,1,182,95,1.7,Employee Referral,16,No
EMP12364,29,Female,Sales,Business Development Executive,Master's,Marketing,Married,Noida,Full-Time,2020-03-25,3,1,1,3,2,21800,1,3,3,No,Travel_Rarely,30,4,178,18,2.7,Employee Referral,8,No
EMP12365,43,Female,Marketing,Digital Marketing Specialist,Bachelor's,Marketing,Married,Kolkata,Full-Time,2025-03-17,5,5,6,21,2,18000,4,5,2,No,Travel_Rarely,7,6,231,83,4.7,LinkedIn,40,No
EMP12366,28,Male,IT,System Administrator,Bachelor's,Business,Married,Gurugram,Part-Time,2020-07-23,8,3,4,8,3,19900,4,1,3,Yes,Travel_Rarely,29,1,130,71,3.0,Employee Referral,17,No
EMP12367,52,Female,IT,Software Engineer,Bachelor's,Finance,Single,Ahmedabad,Full-Time,2024-07-28,9,2,6,25,4,18000,2,2,3,No,Non-Travel,2,2,191,76,2.3,Recruitment Agency,19,No
EMP12368,34,Male,Sales,Business Development Executive,Bachelor's,Engineering,Married,Ahmedabad,Contract,2020-02-05,11,0,4,11,4,18000,4,3,2,No,Travel_Rarely,20,7,228,79,3.3,LinkedIn,18,No
EMP12369,47,Other,Finance,Finance Executive,Master's,Other,Married,Noida,Full-Time,2017-11-17,7,1,5,25,3,31900,1,4,2,Yes,Travel_Rarely,27,3,195,99,2.7,Naukri,21,Yes
EMP12370,45,Male,Operations,Operations Executive,Bachelor's,Computer Science,Married,Kolkata,Full-Time,2016-03-13,2,2,2,20,1,22800,3,2,4,Yes,Travel_Rarely,4,1,279,87,2.7,Company Website,20,No
EMP12371,33,Male,Marketing,Content Strategist,Diploma,Engineering,Divorced,Hyderabad,Contract,2019-06-16,13,8,0,13,5,50200,1,2,3,No,Travel_Rarely,28,1,173,51,1.7,Employee Referral,31,Yes
EMP12372,41,Male,Engineering,Engineering Manager,PhD,Human Resources,Divorced,Ahmedabad,Full-Time,2022-09-29,0,0,5,19,1,25900,2,1,3,No,Travel_Rarely,8,1,131,69,2.3,LinkedIn,5,Yes
EMP12373,51,Female,Operations,Operations Manager,Bachelor's,Finance,Single,Noida,Full-Time,2022-02-04,2,2,2,31,1,39300,4,5,4,Yes,Travel_Rarely,26,4,188,92,4.0,Campus Hiring,22,No
EMP12374,57,Male,Sales,Sales Executive,Master's,Human Resources,Married,Pune,Part-Time,2018-12-26,10,4,7,37,4,18000,3,5,3,No,Travel_Rarely,3,3,143,57,3.7,LinkedIn,30,Yes
EMP12375,25,Female,Operations,Operations Manager,Bachelor's,Human Resources,Single,Delhi,Full-Time,2020-06-04,0,0,6,0,1,18000,1,3,4,Yes,Travel_Rarely,2,4,145,65,3.0,Campus Hiring,18,No
EMP12376,33,Female,HR,HR Manager,Master's,Human Resources,Single,Ahmedabad,Full-Time,2016-03-17,1,1,1,7,1,59800,3,1,5,No,Travel_Rarely,9,1,180,96,2.7,LinkedIn,29,Yes
EMP12377,48,Female,Finance,Finance Manager,Bachelor's,Human Resources,Single,Hyderabad,Full-Time,2022-04-14,13,7,2,25,5,18000,5,5,3,Yes,Travel_Rarely,28,7,229,14,4.3,LinkedIn,25,No
EMP12378,45,Female,Operations,Process Associate,PhD,Finance,Single,Delhi,Full-Time,2017-12-07,13,3,5,19,5,18000,1,4,3,No,Travel_Rarely,11,4,157,88,3.0,Campus Hiring,18,No
EMP12379,55,Male,Sales,Sales Executive,Diploma,Engineering,Married,Delhi,Full-Time,2018-09-14,1,1,0,31,1,18000,5,1,3,Yes,Travel_Rarely,4,4,182,63,3.3,Campus Hiring,8,No
EMP12380,59,Male,Operations,Process Associate,Master's,Engineering,Single,Noida,Full-Time,2021-10-16,4,4,6,36,2,52200,3,1,4,No,Non-Travel,9,2,181,47,2.3,Recruitment Agency,28,Yes
EMP12381,27,Male,Engineering,Mechanical Engineer,Bachelor's,Human Resources,Single,Bengaluru,Full-Time,2023-12-07,7,4,1,7,3,19500,4,5,3,Yes,Non-Travel,6,5,245,28,3.7,LinkedIn,27,No
EMP12382,58,Other,Engineering,Project Engineer,Master's,Business,Single,Kolkata,Part-Time,2020-05-10,0,0,1,36,1,26400,4,2,4,No,Travel_Frequently,1,5,138,78,3.0,Company Website,17,Yes
EMP12383,52,Female,Engineering,Engineering Manager,Bachelor's,Engineering,Single,Noida,Full-Time,2024-09-05,9,5,7,27,4,23600,4,1,5,Yes,Travel_Frequently,30,2,140,82,2.3,LinkedIn,31,No
EMP12384,23,Female,Sales,Sales Manager,Master's,Other,Married,Chennai,Contract,2020-12-10,0,0,0,0,1,18000,5,2,4,Yes,Non-Travel,27,2,236,80,3.3,LinkedIn,20,No
EMP12385,59,Female,Finance,Accountant,Master's,Human Resources,Divorced,Mumbai,Full-Time,2017-08-10,13,4,7,36,5,19300,4,3,4,No,Travel_Rarely,3,6,174,33,3.0,LinkedIn,33,No
EMP12386,57,Male,Marketing,Content Strategist,Bachelor's,Engineering,Married,Pune,Contract,2018-04-22,9,8,3,33,4,32200,2,3,4,No,Travel_Rarely,7,4,214,89,3.3,LinkedIn,27,No
EMP12387,42,Male,Finance,Accountant,Bachelor's,Business,Married,Gurugram,Full-Time,2025-12-28,4,4,2,22,2,18000,1,5,4,Yes,Travel_Frequently,9,6,131,19,3.3,Recruitment Agency,37,No
EMP12388,28,Female,Marketing,Content Strategist,Bachelor's,Finance,Married,Hyderabad,Full-Time,2025-11-25,1,1,5,3,1,29800,1,3,3,Yes,Travel_Rarely,8,4,198,94,2.7,LinkedIn,27,Yes
EMP12389,37,Male,Operations,Operations Executive,Bachelor's,Marketing,Married,Gurugram,Full-Time,2023-09-29,4,4,1,14,2,42000,3,5,4,Yes,Travel_Rarely,28,3,268,30,3.7,Employee Referral,24,No
EMP12390,47,Male,Operations,Operations Manager,Bachelor's,Business,Single,Kolkata,Full-Time,2020-04-14,9,4,5,21,4,25100,5,5,4,No,Travel_Rarely,21,5,158,24,4.3,Employee Referral,7,No
EMP12391,53,Female,Finance,Financial Analyst,Master's,Engineering,Single,Gurugram,Contract,2025-11-18,14,1,2,27,5,40100,1,2,3,No,Travel_Rarely,28,4,240,73,1.7,LinkedIn,24,Yes
EMP12392,37,Male,IT,Software Engineer,Bachelor's,Computer Science,Single,Chennai,Full-Time,2024-01-08,3,3,6,14,2,18000,5,2,2,No,Travel_Rarely,13,3,221,22,3.0,Recruitment Agency,22,No
EMP12393,32,Female,Sales,Business Development Executive,Bachelor's,Other,Single,Mumbai,Full-Time,2017-12-22,7,6,0,9,3,18000,3,3,3,No,Travel_Rarely,24,7,134,80,2.7,Naukri,39,Yes
EMP12394,47,Male,IT,Software Engineer,Bachelor's,Engineering,Married,Gurugram,Full-Time,2020-12-09,0,0,7,24,1,24600,4,2,2,No,Travel_Rarely,18,6,149,49,2.7,Recruitment Agency,26,Yes
EMP12395,28,Male,Engineering,Electrical Engineer,Master's,Other,Married,Hyderabad,Full-Time,2016-11-19,3,3,4,3,2,18000,3,1,3,No,Travel_Rarely,19,5,230,17,2.0,Recruitment Agency,31,No
EMP12396,43,Male,Finance,Finance Manager,Bachelor's,Computer Science,Single,Delhi,Full-Time,2024-09-29,11,7,0,17,4,32700,2,4,3,No,Non-Travel,24,3,168,47,3.0,Recruitment Agency,37,No
EMP12397,49,Female,IT,System Administrator,Bachelor's,Business,Single,Pune,Full-Time,2024-07-01,4,4,2,27,2,19200,4,1,5,No,Travel_Rarely,9,3,256,61,3.0,Employee Referral,36,No
EMP12398,40,Female,IT,IT Support Specialist,Master's,Marketing,Single,Bengaluru,Full-Time,2017-10-16,13,1,1,16,5,23500,4,1,3,Yes,Travel_Frequently,26,2,130,11,2.3,Naukri,23,No
EMP12399,36,Male,Marketing,Marketing Executive,PhD,Marketing,Married,Bengaluru,Full-Time,2016-05-24,12,5,6,12,5,22800,4,5,4,No,Travel_Rarely,24,1,248,31,4.3,LinkedIn,43,No
EMP12400,37,Male,Marketing,Marketing Executive,Bachelor's,Computer Science,Married,Noida,Full-Time,2023-09-22,10,8,2,10,4,23200,3,4,2,No,Travel_Rarely,20,1,258,13,3.7,Company Website,19,No
EMP12401,36,Other,Finance,Accountant,Bachelor's,Finance,Married,Delhi,Full-Time,2025-10-28,11,5,6,16,4,18000,2,5,3,No,Travel_Rarely,29,1,133,61,3.3,Naukri,36,No
EMP12402,39,Female,IT,IT Support Specialist,Bachelor's,Computer Science,Married,Bengaluru,Full-Time,2020-08-23,9,3,4,18,4,18000,5,2,3,Yes,Travel_Rarely,6,3,272,16,4.0,Campus Hiring,17,No
EMP12403,28,Female,Sales,Sales Manager,Master's,Computer Science,Single,Ahmedabad,Contract,2022-06-15,0,0,1,6,1,20000,3,2,3,No,Travel_Rarely,27,4,263,10,2.3,Employee Referral,32,Yes
EMP12404,58,Female,Finance,Finance Manager,Bachelor's,Human Resources,Single,Chennai,Full-Time,2016-05-23,9,2,6,32,4,42300,1,4,4,No,Travel_Rarely,21,6,231,92,2.3,Naukri,15,No
EMP12405,58,Male,Operations,Process Associate,Master's,Business,Single,Gurugram,Full-Time,2018-07-30,9,4,4,38,4,18000,1,3,4,No,Travel_Rarely,12,1,258,67,2.0,LinkedIn,30,No
EMP12406,49,Female,Marketing,Marketing Manager,Bachelor's,Other,Divorced,Chennai,Full-Time,2023-06-04,3,0,6,22,2,18000,3,2,4,No,Non-Travel,4,4,191,71,2.3,Naukri,16,Yes
EMP12407,56,Female,Finance,Accountant,Bachelor's,Other,Married,Hyderabad,Full-Time,2018-06-11,7,2,3,36,3,23600,5,1,3,No,Non-Travel,9,7,262,75,3.0,Company Website,15,No
EMP12408,46,Male,HR,Recruiter,Bachelor's,Engineering,Single,Gurugram,Full-Time,2023-01-08,0,0,5,23,1,18000,1,4,4,No,Non-Travel,10,7,183,64,3.3,LinkedIn,15,No
EMP12409,51,Female,Engineering,Engineering Manager,Diploma,Other,Single,Ahmedabad,Full-Time,2016-07-13,10,8,0,30,4,34600,5,4,3,No,Travel_Rarely,3,5,178,22,4.0,Employee Referral,28,No
EMP12410,32,Female,Sales,Sales Manager,Bachelor's,Finance,Single,Pune,Full-Time,2025-09-24,6,6,3,6,3,18000,4,2,2,No,Travel_Rarely,17,6,136,37,2.7,Employee Referral,28,No
EMP12411,37,Female,Operations,Operations Analyst,Bachelor's,Human Resources,Single,Ahmedabad,Full-Time,2020-07-18,1,1,2,16,1,19300,3,2,4,No,Travel_Rarely,29,6,229,23,2.3,LinkedIn,28,No
EMP12412,35,Male,IT,IT Support Specialist,Bachelor's,Other,Married,Chennai,Part-Time,2025-09-16,0,0,7,13,1,69000,4,5,4,No,Travel_Rarely,7,1,132,12,4.3,Company Website,26,No
EMP12413,29,Female,Sales,Sales Manager,Master's,Human Resources,Married,Delhi,Full-Time,2020-05-30,8,4,3,8,3,18000,1,5,3,No,Travel_Frequently,26,3,205,25,3.3,Employee Referral,20,No
EMP12414,59,Female,IT,Software Engineer,Bachelor's,Other,Married,Hyderabad,Full-Time,2018-03-28,6,2,0,39,3,42700,5,1,4,No,Travel_Rarely,8,2,252,98,3.7,Company Website,18,No
EMP12415,32,Male,Sales,Business Development Executive,Bachelor's,Computer Science,Single,Hyderabad,Contract,2024-11-14,1,0,1,11,1,23300,4,4,4,No,Travel_Rarely,11,7,208,55,3.3,Recruitment Agency,15,Yes
EMP12416,52,Female,Engineering,Mechanical Engineer,Bachelor's,Business,Married,Pune,Full-Time,2023-08-08,0,0,5,31,1,24800,1,3,3,No,Travel_Frequently,13,3,278,12,2.0,LinkedIn,14,No
EMP12417,45,Female,Finance,Finance Manager,Bachelor's,Human Resources,Single,Delhi,Full-Time,2024-11-28,14,1,4,21,5,18000,2,3,3,Yes,Travel_Rarely,3,6,161,12,3.3,Naukri,35,No
EMP12418,59,Female,IT,System Administrator,Bachelor's,Other,Single,Hyderabad,Part-Time,2019-02-10,11,8,6,33,4,31600,4,4,5,Yes,Travel_Rarely,19,7,141,50,4.0,Recruitment Agency,14,Yes
EMP12419,38,Other,IT,IT Support Specialist,Bachelor's,Finance,Married,Noida,Full-Time,2019-07-23,12,0,7,12,5,18700,2,1,4,Yes,Travel_Rarely,14,4,233,38,2.3,Naukri,16,Yes
EMP12420,35,Female,Finance,Finance Manager,Bachelor's,Other,Married,Chennai,Full-Time,2022-11-28,5,5,1,15,2,18000,2,5,3,No,Travel_Rarely,22,7,240,49,3.0,Naukri,15,No
EMP12421,52,Female,IT,IT Support Specialist,Bachelor's,Marketing,Single,Ahmedabad,Full-Time,2024-11-23,5,5,5,27,2,42400,1,5,3,No,Non-Travel,16,5,136,28,3.3,Employee Referral,12,No
EMP12422,26,Female,IT,IT Support Specialist,Diploma,Marketing,Married,Pune,Full-Time,2020-07-18,5,1,3,5,2,18500,3,5,3,Yes,Travel_Frequently,15,6,224,29,4.3,Employee Referral,27,Yes
EMP12423,55,Female,Operations,Process Associate,Bachelor's,Business,Married,Delhi,Full-Time,2019-08-07,1,1,2,34,1,18000,5,3,3,No,Non-Travel,2,3,194,30,3.7,LinkedIn,19,No
EMP12424,54,Female,Sales,Sales Manager,Bachelor's,Finance,Married,Gurugram,Part-Time,2017-03-09,14,7,3,31,5,19500,1,3,3,Yes,Travel_Rarely,6,6,174,29,2.7,Company Website,23,Yes
EMP12425,58,Female,HR,HR Analyst,Diploma,Engineering,Single,Pune,Full-Time,2025-09-04,0,0,0,32,1,31700,4,1,3,Yes,Travel_Rarely,21,2,163,56,3.3,Naukri,23,Yes
EMP12426,25,Female,Engineering,Project Engineer,Diploma,Business,Married,Gurugram,Full-Time,2017-02-20,4,4,0,4,2,29500,5,3,3,No,Travel_Rarely,30,7,268,100,3.3,Employee Referral,27,No
EMP12427,38,Male,IT,Data Analyst,Bachelor's,Other,Single,Chennai,Full-Time,2021-02-01,9,5,2,12,4,18000,3,2,4,No,Travel_Frequently,7,2,137,53,2.7,Company Website,25,No
EMP12428,36,Female,Engineering,Project Engineer,Master's,Human Resources,Married,Noida,Full-Time,2017-12-11,2,2,5,15,1,18000,1,3,5,No,Non-Travel,9,5,174,98,3.0,Employee Referral,35,No
EMP12429,28,Female,Finance,Accountant,Diploma,Human Resources,Married,Ahmedabad,Full-Time,2016-05-17,4,1,1,4,2,18000,3,5,4,No,Travel_Rarely,9,1,233,11,3.7,Employee Referral,18,No
EMP12430,45,Female,Engineering,Electrical Engineer,Bachelor's,Other,Single,Ahmedabad,Full-Time,2025-09-30,13,5,6,25,5,21800,4,1,4,No,Travel_Rarely,17,3,207,52,3.0,Naukri,19,No
EMP12431,52,Female,Marketing,Content Strategist,Bachelor's,Engineering,Married,Delhi,Full-Time,2020-10-19,4,2,6,26,2,23600,1,4,4,Yes,Travel_Rarely,23,6,174,66,2.3,Naukri,23,No
EMP12432,46,Female,Engineering,Project Engineer,Master's,Computer Science,Married,Chennai,Full-Time,2023-10-27,15,1,0,24,5,30300,4,4,3,Yes,Travel_Rarely,3,3,252,97,4.0,Naukri,23,Yes
EMP12433,42,Male,Engineering,Electrical Engineer,Bachelor's,Engineering,Married,Bengaluru,Part-Time,2024-11-13,5,0,0,22,2,20600,5,1,4,No,Travel_Rarely,4,2,267,28,3.3,Naukri,11,No
EMP12434,51,Male,HR,Recruiter,Master's,Business,Married,Bengaluru,Full-Time,2021-12-21,2,2,2,28,1,20300,5,2,2,No,Travel_Rarely,2,4,172,99,4.0,Employee Referral,10,No
EMP12435,30,Female,Engineering,Project Engineer,Bachelor's,Finance,Single,Bengaluru,Part-Time,2019-03-30,8,0,1,10,3,19400,3,4,3,No,Travel_Frequently,1,3,210,73,4.0,Employee Referral,23,No
EMP12436,32,Female,Finance,Finance Executive,Master's,Engineering,Divorced,Chennai,Full-Time,2023-10-02,10,4,7,11,4,23600,3,5,3,No,Travel_Rarely,10,7,140,55,4.0,Naukri,36,No
EMP12437,48,Female,Finance,Finance Manager,Master's,Other,Married,Gurugram,Full-Time,2023-10-10,4,4,7,25,2,20700,5,4,3,Yes,Travel_Rarely,30,2,275,50,4.7,Recruitment Agency,37,No
EMP12438,26,Female,Finance,Accountant,Master's,Computer Science,Divorced,Bengaluru,Full-Time,2020-11-18,6,2,3,6,3,33600,2,4,3,No,Travel_Rarely,3,4,134,76,3.7,Company Website,14,No
EMP12439,40,Male,Sales,Sales Representative,PhD,Finance,Married,Bengaluru,Full-Time,2018-01-03,1,1,4,13,1,25300,5,5,4,No,Travel_Rarely,10,1,160,100,4.3,LinkedIn,20,Yes
EMP12440,25,Female,IT,System Administrator,Master's,Other,Single,Pune,Contract,2021-01-25,2,1,2,2,1,23100,1,3,3,No,Travel_Frequently,9,7,145,23,2.7,Naukri,25,No
EMP12441,43,Male,Sales,Sales Representative,Bachelor's,Marketing,Single,Chennai,Full-Time,2022-08-21,5,5,1,16,2,21600,4,2,5,No,Travel_Rarely,17,1,138,29,3.3,Company Website,27,No
EMP12442,29,Male,Sales,Sales Executive,Bachelor's,Marketing,Married,Chennai,Full-Time,2019-09-15,7,1,4,7,3,18000,5,5,3,No,Travel_Rarely,15,2,131,44,5.0,Naukri,15,No
EMP12443,49,Male,Operations,Operations Analyst,Bachelor's,Finance,Divorced,Noida,Full-Time,2017-01-29,7,4,6,29,3,22000,5,5,4,No,Travel_Rarely,3,7,166,96,4.7,Campus Hiring,39,No
EMP12444,36,Female,Engineering,Engineering Manager,Master's,Human Resources,Single,Noida,Full-Time,2019-04-10,10,6,2,10,4,18000,4,1,3,No,Travel_Rarely,27,2,213,34,3.0,Company Website,19,No
EMP12445,42,Female,Sales,Sales Executive,Bachelor's,Human Resources,Married,Bengaluru,Full-Time,2022-11-22,5,2,3,16,2,25700,4,2,3,No,Travel_Rarely,21,1,187,13,3.7,Recruitment Agency,27,No
EMP12446,28,Female,Finance,Finance Executive,Master's,Business,Single,Pune,Full-Time,2023-09-19,3,3,3,3,2,20100,1,3,3,Yes,Travel_Frequently,3,2,212,66,2.0,LinkedIn,21,Yes
EMP12447,40,Male,HR,HR Manager,Bachelor's,Engineering,Married,Delhi,Full-Time,2025-07-25,5,0,1,19,2,46600,4,5,3,No,Travel_Frequently,4,7,235,11,4.7,Employee Referral,21,No
EMP12448,34,Male,IT,System Administrator,Bachelor's,Engineering,Married,Delhi,Contract,2025-02-09,7,2,1,7,3,18000,3,3,3,No,Travel_Rarely,4,5,265,75,2.7,Recruitment Agency,31,No
EMP12449,59,Female,IT,IT Support Specialist,Bachelor's,Human Resources,Married,Mumbai,Full-Time,2021-07-21,7,7,3,36,3,18000,5,5,3,No,Travel_Rarely,17,3,181,98,4.0,Naukri,33,No
EMP12450,57,Male,Finance,Finance Manager,Diploma,Finance,Single,Mumbai,Contract,2019-02-17,12,4,3,32,5,24800,4,5,2,Yes,Travel_Rarely,6,5,204,96,4.0,LinkedIn,30,No
EMP12451,54,Female,HR,Recruiter,Master's,Engineering,Married,Noida,Full-Time,2021-08-28,9,7,2,29,4,18000,1,1,3,Yes,Travel_Rarely,11,4,206,30,1.3,Company Website,16,No
EMP12452,31,Male,Engineering,Project Engineer,Bachelor's,Marketing,Divorced,Pune,Full-Time,2018-03-18,1,1,5,7,1,23700,4,4,5,Yes,Non-Travel,12,2,198,98,4.0,Recruitment Agency,12,Yes
EMP12453,60,Female,Sales,Business Development Executive,Bachelor's,Finance,Single,Bengaluru,Full-Time,2016-09-03,7,2,6,33,3,18000,5,2,2,No,Travel_Rarely,23,2,254,100,4.0,Employee Referral,48,No
EMP12454,53,Female,Finance,Finance Executive,Bachelor's,Human Resources,Married,Noida,Full-Time,2019-05-13,5,5,5,30,2,52000,2,1,3,Yes,Travel_Rarely,28,7,163,61,2.3,Employee Referral,27,Yes
EMP12455,51,Female,Marketing,Content Strategist,Master's,Other,Single,Bengaluru,Full-Time,2025-07-23,15,3,1,26,5,18500,4,3,4,No,Travel_Rarely,7,4,226,84,3.0,Employee Referral,16,No
EMP12456,54,Male,IT,IT Support Specialist,Bachelor's,Engineering,Single,Bengaluru,Full-Time,2024-08-04,1,1,4,30,1,18000,3,5,3,No,Travel_Rarely,13,7,142,87,4.3,LinkedIn,32,No
EMP12457,27,Male,Sales,Sales Executive,Master's,Computer Science,Married,Hyderabad,Full-Time,2016-12-07,0,0,3,2,1,51600,5,5,3,No,Non-Travel,6,3,179,90,5.0,Naukri,16,No
EMP12458,43,Female,Marketing,Marketing Manager,Bachelor's,Human Resources,Married,Pune,Full-Time,2022-07-20,5,0,4,22,2,32100,1,2,3,No,Travel_Rarely,23,1,220,24,2.7,LinkedIn,42,No
EMP12459,27,Female,Sales,Sales Executive,Master's,Human Resources,Single,Gurugram,Full-Time,2021-04-23,5,3,1,5,2,41200,5,1,3,No,Travel_Rarely,30,5,133,55,3.7,Naukri,20,No
EMP12460,45,Female,Sales,Business Development Executive,Master's,Other,Married,Kolkata,Part-Time,2024-02-19,6,5,6,18,3,20400,2,1,2,No,Travel_Rarely,3,3,193,40,2.0,Campus Hiring,32,No
EMP12461,23,Female,Engineering,Electrical Engineer,Bachelor's,Business,Married,Pune,Full-Time,2022-08-31,0,0,1,0,1,22500,1,3,3,No,Travel_Rarely,21,1,203,71,2.3,Employee Referral,24,No
EMP12462,58,Male,Engineering,Electrical Engineer,Bachelor's,Computer Science,Married,Gurugram,Full-Time,2016-12-07,13,5,0,36,5,18000,2,1,3,Yes,Travel_Rarely,14,1,145,43,2.0,Recruitment Agency,10,No
EMP12463,40,Male,Marketing,Digital Marketing Specialist,Bachelor's,Human Resources,Single,Bengaluru,Full-Time,2016-04-17,9,4,3,17,4,18000,2,1,4,No,Travel_Rarely,14,2,213,45,2.7,LinkedIn,15,No
EMP12464,54,Male,Marketing,Marketing Manager,Bachelor's,Computer Science,Married,Noida,Full-Time,2023-06-17,4,2,6,33,2,26300,3,4,4,No,Travel_Frequently,23,4,267,53,3.7,Naukri,17,Yes
EMP12465,50,Male,Marketing,Content Strategist,PhD,Engineering,Divorced,Bengaluru,Full-Time,2017-09-24,13,1,5,26,5,18700,4,2,4,No,Travel_Rarely,10,6,238,72,2.7,Campus Hiring,18,No
EMP12466,37,Male,HR,HR Analyst,Bachelor's,Finance,Married,Ahmedabad,Part-Time,2018-09-24,9,2,5,14,4,59800,3,1,3,No,Non-Travel,5,2,191,86,2.3,Naukri,26,No
EMP12467,30,Male,Finance,Financial Analyst,Bachelor's,Marketing,Single,Bengaluru,Full-Time,2019-11-26,5,5,7,5,2,32200,3,3,3,No,Travel_Rarely,30,7,173,27,3.3,LinkedIn,5,No
EMP12468,55,Female,IT,Software Engineer,Bachelor's,Finance,Married,Hyderabad,Full-Time,2017-08-18,10,2,1,29,4,51400,3,5,3,No,Travel_Rarely,26,6,215,90,3.7,Naukri,26,No
EMP12469,40,Male,Sales,Sales Representative,Bachelor's,Engineering,Divorced,Mumbai,Full-Time,2019-08-18,12,2,1,20,5,18000,1,1,3,No,Non-Travel,2,4,210,54,1.7,Naukri,6,Yes
EMP12470,38,Female,Sales,Sales Executive,Bachelor's,Engineering,Married,Noida,Full-Time,2020-12-01,11,0,3,15,4,51700,4,1,3,No,Travel_Frequently,6,2,251,48,2.3,Recruitment Agency,27,Yes
EMP12471,47,Male,HR,HR Manager,Bachelor's,Marketing,Married,Chennai,Full-Time,2019-02-04,8,1,0,25,3,18000,4,5,4,Yes,Travel_Rarely,23,5,233,35,4.7,Company Website,17,No
EMP12472,56,Female,Engineering,Engineering Manager,Bachelor's,Computer Science,Single,Bengaluru,Full-Time,2017-08-07,3,2,0,35,2,18000,1,4,3,Yes,Travel_Rarely,11,2,262,87,3.0,Campus Hiring,25,Yes
EMP12473,43,Male,Engineering,Mechanical Engineer,Bachelor's,Computer Science,Single,Delhi,Full-Time,2022-11-29,6,1,0,22,3,18000,3,2,3,No,Travel_Frequently,18,5,249,84,2.7,Recruitment Agency,12,No
EMP12474,52,Male,Operations,Operations Executive,Bachelor's,Other,Single,Ahmedabad,Full-Time,2022-07-12,7,7,0,29,3,24600,3,4,3,No,Travel_Rarely,26,6,275,33,4.0,LinkedIn,18,No
EMP12475,30,Male,Sales,Sales Executive,Master's,Finance,Single,Bengaluru,Full-Time,2025-09-01,5,5,6,5,2,21800,2,3,4,Yes,Travel_Frequently,24,3,263,67,3.0,Employee Referral,6,No
EMP12476,31,Female,Engineering,Mechanical Engineer,Master's,Business,Single,Hyderabad,Full-Time,2022-06-18,5,5,2,11,2,31500,2,1,3,No,Travel_Frequently,21,3,235,59,2.0,Naukri,13,Yes
EMP12477,58,Female,IT,Data Analyst,Bachelor's,Engineering,Married,Ahmedabad,Full-Time,2019-03-23,1,0,3,31,1,21200,5,4,3,No,Travel_Frequently,11,6,256,81,4.7,LinkedIn,37,Yes
EMP12478,26,Female,Operations,Operations Analyst,Bachelor's,Marketing,Single,Delhi,Full-Time,2020-12-29,4,4,3,4,2,38200,2,2,4,No,Travel_Rarely,24,6,157,48,2.0,Campus Hiring,37,No
EMP12479,54,Female,IT,Software Engineer,Diploma,Finance,Single,Gurugram,Full-Time,2017-08-31,12,1,3,31,5,18000,4,3,2,No,Travel_Rarely,15,2,236,81,3.3,Naukri,13,No
EMP12480,56,Female,Operations,Process Associate,Bachelor's,Other,Married,Mumbai,Contract,2021-01-01,8,5,6,33,3,38600,1,4,3,No,Travel_Rarely,3,3,153,40,3.3,Naukri,21,No
EMP12481,57,Male,HR,Recruiter,Bachelor's,Marketing,Single,Bengaluru,Full-Time,2019-10-04,4,2,5,31,2,21700,3,1,4,No,Travel_Rarely,2,1,157,92,2.0,Naukri,28,No
EMP12482,37,Male,Engineering,Engineering Manager,Bachelor's,Computer Science,Married,Pune,Full-Time,2023-10-08,14,6,6,16,5,63600,5,2,4,No,Travel_Frequently,7,5,275,45,4.0,Naukri,25,Yes
EMP12483,60,Female,Engineering,Project Engineer,Bachelor's,Human Resources,Married,Kolkata,Full-Time,2020-11-24,1,1,0,38,1,32600,2,1,1,No,Travel_Rarely,5,6,133,48,2.0,Naukri,19,Yes
EMP12484,60,Female,IT,System Administrator,Bachelor's,Other,Single,Chennai,Full-Time,2023-03-26,3,3,0,40,2,19200,5,1,3,No,Non-Travel,21,7,233,30,2.7,Naukri,10,No
EMP12485,32,Male,Sales,Sales Executive,Master's,Computer Science,Single,Bengaluru,Contract,2025-11-09,2,2,5,11,1,21700,1,3,3,No,Travel_Rarely,13,4,257,32,2.3,Naukri,32,No
EMP12486,41,Female,Engineering,Project Engineer,Bachelor's,Finance,Single,Bengaluru,Full-Time,2022-06-05,3,3,7,18,2,18000,1,2,3,No,Travel_Rarely,8,5,257,63,2.7,Recruitment Agency,19,No
EMP12487,60,Female,Sales,Sales Representative,Bachelor's,Other,Divorced,Gurugram,Full-Time,2023-07-02,9,3,6,39,4,25900,5,5,3,No,Travel_Rarely,29,2,235,45,5.0,Naukri,9,No
EMP12488,39,Female,Engineering,Electrical Engineer,Master's,Business,Single,Hyderabad,Full-Time,2017-12-28,6,6,5,18,3,19200,5,1,5,No,Travel_Frequently,9,3,225,24,3.0,LinkedIn,24,No
EMP12489,23,Female,Marketing,Content Strategist,Bachelor's,Computer Science,Married,Pune,Full-Time,2020-04-06,0,0,1,0,1,30500,5,2,3,No,Travel_Rarely,30,3,256,11,3.3,LinkedIn,21,No
EMP12490,38,Male,Finance,Finance Manager,Bachelor's,Marketing,Single,Hyderabad,Contract,2016-08-23,7,7,2,17,3,18000,3,1,3,No,Travel_Rarely,8,1,222,85,2.7,Employee Referral,19,No
EMP12491,39,Female,HR,Recruiter,Bachelor's,Engineering,Single,Kolkata,Full-Time,2018-08-22,0,0,5,14,1,19000,4,4,3,No,Travel_Rarely,10,3,195,79,4.0,Company Website,25,No
EMP12492,26,Female,HR,HR Executive,Diploma,Other,Married,Gurugram,Full-Time,2024-01-23,5,5,3,5,2,18000,2,4,2,No,Travel_Rarely,2,2,187,47,3.0,Recruitment Agency,22,No
EMP12493,36,Male,Operations,Operations Manager,Bachelor's,Engineering,Single,Noida,Full-Time,2016-07-29,7,5,2,9,3,18000,2,2,3,No,Travel_Rarely,10,2,140,74,3.0,Employee Referral,34,No
EMP12494,28,Male,Finance,Financial Analyst,Bachelor's,Business,Single,Hyderabad,Full-Time,2016-10-12,3,0,6,3,2,28900,2,3,3,No,Travel_Rarely,11,4,240,59,3.3,LinkedIn,16,Yes
EMP12495,38,Female,Sales,Sales Manager,Bachelor's,Finance,Single,Kolkata,Full-Time,2022-10-06,11,6,5,16,4,36500,5,5,4,No,Non-Travel,23,5,233,99,5.0,LinkedIn,17,No
EMP12496,59,Male,Sales,Sales Representative,Master's,Business,Married,Gurugram,Contract,2020-10-08,6,0,7,38,3,18000,5,4,3,No,Travel_Rarely,11,7,194,96,4.3,Company Website,31,No
EMP12497,32,Male,Marketing,Marketing Manager,Bachelor's,Marketing,Single,Gurugram,Part-Time,2017-05-08,10,6,3,12,4,50900,5,3,3,Yes,Travel_Rarely,5,5,257,10,4.3,Employee Referral,46,No
EMP12498,30,Female,Engineering,Project Engineer,Master's,Other,Married,Ahmedabad,Full-Time,2018-10-14,5,1,0,5,2,41400,3,5,3,Yes,Travel_Rarely,14,5,146,30,4.0,LinkedIn,45,No
EMP12499,27,Male,Engineering,Project Engineer,Bachelor's,Business,Married,Mumbai,Full-Time,2025-07-22,0,0,6,2,1,18000,3,4,3,No,Travel_Rarely,23,7,243,66,4.0,Employee Referral,31,No
EMP12500,21,Male,Sales,Sales Executive,Bachelor's,Other,Single,Pune,Contract,2023-11-24,0,0,0,0,1,32000,3,5,3,Yes,Travel_Rarely,3,4,209,28,3.7,Campus Hiring,21,No
EMP12501,56,Male,Engineering,Electrical Engineer,Bachelor's,Engineering,Married,Chennai,Full-Time,2023-09-15,0,0,3,34,1,18000,3,1,4,No,Travel_Rarely,20,4,195,38,3.0,Employee Referral,19,No
EMP12502,41,Male,Operations,Operations Executive,Master's,Human Resources,Married,Chennai,Full-Time,2021-06-12,4,2,7,20,2,21100,1,2,4,Yes,Travel_Rarely,23,4,247,59,2.0,Employee Referral,21,Yes
EMP12503,57,Male,Marketing,Digital Marketing Specialist,Master's,Other,Married,Kolkata,Full-Time,2022-07-20,13,0,4,31,5,28900,3,4,2,No,Travel_Rarely,2,1,242,99,3.3,Campus Hiring,8,Yes
EMP12504,44,Male,Engineering,Mechanical Engineer,Master's,Computer Science,Single,Hyderabad,Full-Time,2017-06-06,13,4,6,24,5,27300,3,4,4,No,Travel_Rarely,18,4,261,43,4.0,LinkedIn,30,No
EMP12505,45,Female,HR,HR Analyst,Master's,Computer Science,Married,Noida,Contract,2018-03-29,5,4,0,22,2,18000,3,1,3,No,Travel_Rarely,1,3,200,90,2.7,Naukri,36,Yes
EMP12506,27,Female,IT,Software Engineer,Bachelor's,Other,Married,Kolkata,Full-Time,2022-06-24,5,4,7,5,2,18000,2,4,3,No,Travel_Rarely,1,6,190,91,3.3,LinkedIn,23,No
EMP12507,37,Female,Engineering,Engineering Manager,PhD,Human Resources,Single,Pune,Full-Time,2019-09-27,8,8,7,10,3,18000,2,4,3,No,Travel_Rarely,28,1,187,63,3.3,LinkedIn,43,Yes
EMP12508,49,Male,Sales,Sales Representative,Bachelor's,Finance,Single,Chennai,Full-Time,2025-06-12,7,5,1,24,3,36800,2,4,3,Yes,Travel_Frequently,17,7,182,41,3.7,Recruitment Agency,49,No
EMP12509,50,Female,Engineering,Electrical Engineer,Bachelor's,Other,Married,Delhi,Full-Time,2025-11-26,6,5,5,30,3,18000,4,4,1,No,Travel_Rarely,6,3,134,13,3.7,Naukri,32,No
EMP12510,27,Male,Engineering,Project Engineer,Bachelor's,Marketing,Married,Noida,Full-Time,2020-07-14,0,0,0,0,1,20500,1,4,3,Yes,Travel_Frequently,13,7,243,39,3.0,Employee Referral,18,No
EMP12511,53,Male,IT,Data Analyst,PhD,Finance,Single,Pune,Full-Time,2024-05-22,4,4,1,32,2,44700,5,3,3,Yes,Travel_Rarely,21,5,190,27,4.0,Employee Referral,16,No
EMP12512,27,Female,Engineering,Engineering Manager,Bachelor's,Other,Married,Hyderabad,Full-Time,2023-07-05,1,1,7,1,1,30200,3,4,2,Yes,Travel_Rarely,26,2,150,78,3.0,Employee Referral,31,No
EMP12513,44,Female,Sales,Sales Executive,Master's,Human Resources,Married,Bengaluru,Full-Time,2017-08-12,14,2,2,20,5,35300,2,1,3,Yes,Travel_Rarely,24,5,143,38,2.7,Company Website,33,Yes
EMP12514,31,Female,Sales,Sales Manager,Bachelor's,Business,Single,Delhi,Full-Time,2017-09-26,2,1,6,7,1,20600,1,4,3,No,Travel_Rarely,21,4,225,21,3.3,Company Website,18,Yes
EMP12515,29,Female,Marketing,Marketing Manager,Master's,Business,Married,Pune,Contract,2020-12-16,7,4,0,7,3,18000,3,5,4,No,Travel_Rarely,1,2,208,24,4.3,Naukri,14,No
EMP12516,32,Female,Engineering,Electrical Engineer,Bachelor's,Business,Divorced,Bengaluru,Full-Time,2016-07-26,6,2,5,6,3,22600,4,5,3,No,Travel_Rarely,28,5,207,88,3.7,Recruitment Agency,9,No
EMP12517,55,Other,IT,Data Analyst,Master's,Marketing,Married,Gurugram,Full-Time,2022-02-11,12,4,0,35,5,18000,5,1,3,No,Travel_Rarely,24,1,170,62,3.0,LinkedIn,15,Yes
EMP12518,24,Female,Sales,Business Development Executive,Bachelor's,Other,Married,Hyderabad,Full-Time,2018-09-03,1,1,5,1,1,60100,3,3,3,Yes,Travel_Rarely,6,4,145,44,3.0,LinkedIn,20,No
EMP12519,56,Male,Operations,Operations Executive,Bachelor's,Computer Science,Married,Bengaluru,Full-Time,2021-08-26,2,0,2,36,1,20500,5,1,4,No,Travel_Rarely,8,5,180,61,3.3,Company Website,34,Yes
EMP12520,48,Female,Operations,Operations Executive,Bachelor's,Human Resources,Single,Delhi,Full-Time,2019-08-06,15,3,5,22,5,29300,3,3,3,No,Travel_Rarely,13,2,130,62,2.7,Naukri,19,No
EMP12521,33,Male,Operations,Operations Manager,Bachelor's,Engineering,Married,Ahmedabad,Full-Time,2016-09-10,2,2,1,6,1,47400,4,2,4,No,Travel_Frequently,2,3,169,23,2.7,Naukri,5,No
EMP12522,43,Female,IT,Data Analyst,Bachelor's,Engineering,Single,Mumbai,Full-Time,2018-08-28,2,1,4,18,1,18000,1,5,3,Yes,Travel_Frequently,26,5,147,27,3.0,Recruitment Agency,18,No
EMP12523,39,Female,HR,HR Manager,Bachelor's,Business,Divorced,Ahmedabad,Full-Time,2017-09-02,13,1,6,15,5,18000,5,5,4,No,Travel_Rarely,8,1,163,47,4.7,Employee Referral,21,No
EMP12524,57,Male,Finance,Financial Analyst,Bachelor's,Other,Married,Mumbai,Full-Time,2022-10-29,15,0,5,35,5,27500,5,5,3,Yes,Travel_Rarely,22,2,229,95,5.0,Campus Hiring,21,Yes
EMP12525,59,Male,Engineering,Project Engineer,Bachelor's,Business,Married,Delhi,Full-Time,2024-05-01,5,5,6,38,2,29900,1,3,3,No,Travel_Frequently,1,5,278,47,3.0,Naukri,5,No
EMP12526,44,Male,HR,Recruiter,PhD,Other,Married,Gurugram,Contract,2020-01-19,0,0,5,24,1,18300,5,1,3,No,Travel_Rarely,13,3,258,64,3.7,Naukri,21,No
EMP12527,36,Male,HR,Recruiter,Diploma,Business,Divorced,Pune,Full-Time,2019-03-16,10,2,6,12,4,18000,2,3,3,No,Travel_Frequently,1,4,268,20,2.7,Employee Referral,36,Yes
EMP12528,53,Female,Engineering,Project Engineer,Bachelor's,Marketing,Married,Mumbai,Full-Time,2018-06-02,3,1,1,30,2,25300,1,5,3,Yes,Travel_Rarely,10,4,249,76,3.7,Campus Hiring,20,Yes
EMP12529,32,Male,IT,IT Support Specialist,Bachelor's,Engineering,Married,Gurugram,Full-Time,2024-09-20,10,3,7,10,4,21800,4,5,3,Yes,Travel_Rarely,28,7,231,62,4.3,Company Website,18,No
EMP12530,54,Female,Engineering,Mechanical Engineer,Diploma,Finance,Single,Ahmedabad,Part-Time,2024-09-03,7,0,6,33,3,25500,3,5,2,Yes,Non-Travel,5,4,244,87,3.3,Recruitment Agency,17,No
EMP12531,27,Female,Operations,Process Associate,Bachelor's,Computer Science,Married,Pune,Full-Time,2025-06-15,2,2,3,7,1,18000,3,5,3,Yes,Travel_Rarely,23,6,143,53,4.0,Recruitment Agency,25,No
EMP12532,31,Male,Engineering,Electrical Engineer,Bachelor's,Finance,Single,Ahmedabad,Full-Time,2019-10-31,8,4,3,8,3,25500,1,2,4,Yes,Travel_Rarely,20,2,221,34,1.7,Company Website,10,Yes
EMP12533,51,Male,HR,HR Manager,Master's,Computer Science,Married,Pune,Full-Time,2024-04-18,4,0,3,30,2,31800,2,5,5,No,Travel_Rarely,30,7,279,71,4.0,Naukri,14,No
EMP12534,49,Female,IT,Data Analyst,Bachelor's,Marketing,Married,Mumbai,Full-Time,2017-05-20,1,1,5,24,1,18000,4,3,3,No,Travel_Rarely,13,7,150,23,3.0,Company Website,34,No
EMP12535,33,Male,Operations,Operations Analyst,Diploma,Computer Science,Single,Gurugram,Full-Time,2025-04-16,9,5,2,9,4,42500,3,5,1,Yes,Travel_Frequently,26,7,249,56,4.3,Recruitment Agency,30,No
EMP12536,51,Male,Engineering,Engineering Manager,Master's,Marketing,Single,Bengaluru,Full-Time,2022-07-03,1,1,1,26,1,24700,3,4,2,No,Travel_Frequently,5,6,148,98,3.0,Naukri,19,No
EMP12537,22,Female,Operations,Operations Manager,Master's,Engineering,Married,Hyderabad,Full-Time,2016-12-14,0,0,5,0,1,32300,2,2,4,No,Non-Travel,10,7,153,64,2.3,Employee Referral,28,Yes
EMP12538,59,Male,IT,Software Engineer,Master's,Other,Married,Pune,Full-Time,2024-11-15,12,6,6,36,5,18000,5,5,4,No,Travel_Rarely,3,3,155,92,4.3,Employee Referral,16,Yes
EMP12539,35,Female,Operations,Operations Analyst,Bachelor's,Other,Single,Ahmedabad,Full-Time,2022-06-12,6,5,0,8,3,29900,1,4,4,No,Travel_Rarely,2,3,174,21,2.7,Naukri,16,Yes
EMP12540,31,Female,Operations,Operations Manager,Master's,Computer Science,Single,Kolkata,Full-Time,2016-07-17,6,6,5,6,3,18000,2,3,3,Yes,Travel_Rarely,2,5,237,16,3.0,Company Website,15,No
EMP12541,54,Male,Marketing,Digital Marketing Specialist,Master's,Business,Married,Mumbai,Full-Time,2024-11-22,2,1,3,30,1,18000,2,2,4,No,Travel_Rarely,30,4,268,58,2.3,Naukri,10,Yes
EMP12542,59,Male,Operations,Operations Executive,Bachelor's,Business,Single,Gurugram,Full-Time,2019-02-21,4,4,1,37,2,24800,2,5,4,No,Non-Travel,5,2,153,23,3.0,Campus Hiring,23,No
EMP12543,24,Male,Engineering,Electrical Engineer,Diploma,Other,Single,Pune,Full-Time,2019-03-26,1,1,0,1,1,19500,2,3,3,No,Travel_Rarely,4,6,153,38,3.3,Employee Referral,42,No
EMP12544,31,Male,Marketing,Marketing Executive,Master's,Marketing,Single,Kolkata,Full-Time,2023-04-08,5,3,7,7,2,22300,5,4,4,No,Travel_Rarely,2,6,141,56,4.0,Campus Hiring,6,No
EMP12545,49,Male,IT,Software Engineer,Bachelor's,Engineering,Single,Kolkata,Full-Time,2025-03-11,12,5,1,29,5,52400,4,2,2,No,Travel_Rarely,21,4,264,23,3.7,LinkedIn,39,No
EMP12546,22,Male,Sales,Sales Representative,Bachelor's,Marketing,Married,Ahmedabad,Full-Time,2017-09-02,0,0,2,0,1,22100,2,5,3,No,Non-Travel,26,6,210,96,3.0,LinkedIn,5,No
EMP12547,36,Male,IT,Data Analyst,Bachelor's,Finance,Single,Bengaluru,Full-Time,2018-07-09,2,2,3,11,1,30300,2,3,5,Yes,Travel_Rarely,9,4,228,60,2.7,Campus Hiring,28,No
EMP12548,59,Female,Sales,Sales Executive,Bachelor's,Finance,Single,Kolkata,Full-Time,2021-03-17,7,0,4,37,3,21400,1,2,3,No,Travel_Frequently,24,5,199,23,2.3,Naukri,7,No
EMP12549,33,Male,Sales,Sales Manager,Master's,Finance,Married,Noida,Full-Time,2022-04-01,1,1,5,12,1,21100,3,4,4,No,Travel_Rarely,9,5,208,96,3.7,LinkedIn,29,No
EMP12550,57,Male,IT,System Administrator,Diploma,Business,Single,Kolkata,Full-Time,2020-09-21,2,2,6,30,1,18000,5,5,3,No,Travel_Rarely,9,5,152,17,4.0,LinkedIn,17,No
EMP12551,37,Female,Finance,Financial Analyst,Bachelor's,Human Resources,Married,Noida,Contract,2019-08-10,7,7,3,16,3,26000,2,2,4,Yes,Travel_Rarely,24,1,252,86,2.3,Company Website,30,No
EMP12552,41,Female,IT,Data Analyst,Bachelor's,Finance,Married,Gurugram,Full-Time,2018-02-23,7,1,3,17,3,68900,4,4,3,No,Non-Travel,25,1,167,74,3.7,LinkedIn,17,No
EMP12553,39,Female,Engineering,Electrical Engineer,Master's,Computer Science,Single,Hyderabad,Full-Time,2023-11-29,0,0,2,18,1,22900,4,4,4,Yes,Travel_Rarely,4,6,158,46,3.3,Company Website,28,No
EMP12554,27,Female,Engineering,Project Engineer,Bachelor's,Finance,Single,Pune,Full-Time,2024-06-16,3,3,0,3,2,19500,4,3,4,No,Travel_Frequently,8,2,205,99,3.7,Employee Referral,22,No
EMP12555,58,Male,IT,System Administrator,Bachelor's,Business,Single,Chennai,Part-Time,2018-08-16,9,4,3,36,4,36800,1,4,3,No,Non-Travel,30,2,197,77,2.7,Company Website,35,No
EMP12556,28,Female,Engineering,Mechanical Engineer,Bachelor's,Computer Science,Married,Hyderabad,Part-Time,2019-04-12,1,1,0,7,1,34900,4,4,1,No,Travel_Frequently,18,5,150,25,3.7,Recruitment Agency,22,No
EMP12557,33,Other,Sales,Sales Executive,Master's,Engineering,Single,Gurugram,Contract,2019-11-27,8,4,0,8,3,26800,1,1,4,No,Non-Travel,9,3,138,98,1.7,LinkedIn,26,No
EMP12558,57,Female,HR,HR Manager,Master's,Marketing,Single,Pune,Part-Time,2022-08-25,6,6,2,32,3,19200,5,4,3,No,Non-Travel,29,2,178,92,4.7,Company Website,24,Yes
EMP12559,22,Female,IT,Software Engineer,Bachelor's,Marketing,Married,Bengaluru,Full-Time,2021-01-15,2,2,3,2,1,36900,4,5,3,No,Travel_Rarely,25,6,227,29,4.7,LinkedIn,32,No
EMP12560,31,Female,Sales,Business Development Executive,Diploma,Human Resources,Married,Delhi,Full-Time,2024-09-26,1,1,5,7,1,23300,3,2,2,No,Travel_Rarely,27,7,166,99,3.0,Campus Hiring,32,No
EMP12561,44,Female,Operations,Operations Analyst,Bachelor's,Computer Science,Married,Delhi,Full-Time,2018-02-06,4,4,2,23,2,33200,2,5,4,No,Travel_Rarely,3,1,150,76,3.3,Recruitment Agency,24,No
EMP12562,26,Male,Operations,Process Associate,Diploma,Human Resources,Married,Gurugram,Full-Time,2021-11-13,1,1,2,1,1,18000,5,5,3,No,Non-Travel,6,7,152,80,4.7,Naukri,8,No
EMP12563,46,Female,IT,Software Engineer,Diploma,Computer Science,Single,Bengaluru,Full-Time,2021-09-09,7,7,4,20,3,18000,3,3,4,No,Travel_Rarely,28,7,267,41,3.7,Naukri,15,No
EMP12564,27,Female,IT,System Administrator,Master's,Human Resources,Single,Ahmedabad,Full-Time,2021-11-14,2,1,5,5,1,23000,5,1,4,No,Travel_Frequently,23,6,199,78,3.7,Naukri,31,No
EMP12565,59,Male,Sales,Sales Manager,Master's,Marketing,Married,Hyderabad,Contract,2020-02-02,0,0,2,32,1,18000,4,1,2,No,Travel_Rarely,19,6,278,94,2.7,Campus Hiring,10,No
EMP12566,39,Female,HR,Recruiter,Bachelor's,Marketing,Single,Noida,Contract,2017-12-05,12,0,4,17,5,18600,5,5,3,No,Non-Travel,5,1,230,39,4.7,Employee Referral,17,No
EMP12567,26,Male,HR,Recruiter,Bachelor's,Computer Science,Married,Delhi,Full-Time,2020-11-03,0,0,7,0,1,18000,5,2,4,Yes,Non-Travel,17,4,158,29,3.0,Recruitment Agency,18,Yes
EMP12568,49,Male,HR,HR Manager,Bachelor's,Marketing,Single,Chennai,Full-Time,2018-12-05,12,0,0,23,5,18000,5,1,4,Yes,Travel_Rarely,27,7,188,67,3.3,LinkedIn,22,No
EMP12569,59,Male,Engineering,Mechanical Engineer,Bachelor's,Other,Married,Delhi,Part-Time,2022-04-02,4,1,5,39,2,65900,1,1,3,No,Travel_Rarely,19,5,150,38,1.3,Company Website,21,No
EMP12570,22,Male,Engineering,Project Engineer,Master's,Other,Married,Bengaluru,Full-Time,2025-12-11,0,0,5,0,1,18000,3,5,5,No,Travel_Frequently,28,7,215,33,3.7,Employee Referral,24,Yes
EMP12571,39,Female,Sales,Sales Representative,Diploma,Human Resources,Divorced,Hyderabad,Full-Time,2022-07-12,6,6,0,17,3,18000,4,1,3,No,Travel_Rarely,24,6,228,10,3.3,Recruitment Agency,14,No
EMP12572,24,Male,Engineering,Electrical Engineer,Bachelor's,Engineering,Single,Noida,Full-Time,2023-06-14,0,0,7,3,1,22800,2,3,3,No,Non-Travel,3,3,192,98,2.7,Naukri,16,No
EMP12573,26,Female,Finance,Financial Analyst,Master's,Finance,Married,Mumbai,Full-Time,2022-05-21,2,1,1,2,1,18000,4,5,4,Yes,Travel_Rarely,8,5,175,36,4.7,Naukri,40,No
EMP12574,57,Male,Sales,Sales Executive,Bachelor's,Other,Married,Gurugram,Full-Time,2021-12-21,11,4,5,34,4,18000,4,1,3,Yes,Travel_Rarely,9,7,262,98,2.7,Recruitment Agency,37,Yes
EMP12575,48,Female,HR,HR Analyst,Diploma,Human Resources,Married,Chennai,Part-Time,2018-02-07,13,4,7,21,5,50300,1,1,3,Yes,Travel_Rarely,22,1,144,30,1.3,LinkedIn,29,Yes
EMP12576,50,Female,Marketing,Marketing Manager,Master's,Finance,Single,Ahmedabad,Full-Time,2023-07-05,15,0,6,28,5,25900,1,1,4,No,Travel_Frequently,23,3,234,26,1.7,Company Website,29,Yes
EMP12577,27,Female,Engineering,Mechanical Engineer,Master's,Engineering,Single,Mumbai,Full-Time,2023-01-30,0,0,1,0,1,34300,5,5,3,Yes,Travel_Rarely,22,2,240,41,4.7,Company Website,26,No
EMP12578,29,Female,Marketing,Marketing Manager,PhD,Finance,Single,Bengaluru,Full-Time,2016-09-16,2,2,0,2,1,44700,4,2,3,No,Travel_Rarely,8,4,212,53,3.3,LinkedIn,23,No
EMP12579,45,Male,Finance,Finance Executive,Diploma,Finance,Single,Hyderabad,Full-Time,2022-12-25,4,4,3,18,2,24200,3,4,3,No,Travel_Rarely,14,6,209,31,3.0,Naukri,16,No
EMP12580,53,Female,Marketing,Marketing Manager,Bachelor's,Finance,Single,Chennai,Full-Time,2023-03-24,7,0,1,31,3,19900,1,1,3,No,Travel_Rarely,23,1,240,51,2.0,Employee Referral,37,Yes
EMP12581,21,Other,IT,Data Analyst,Diploma,Business,Single,Delhi,Full-Time,2019-04-18,0,0,2,0,1,18000,1,4,3,Yes,Travel_Rarely,10,4,236,92,2.3,Naukri,41,No
EMP12582,26,Male,Engineering,Engineering Manager,Master's,Other,Married,Pune,Full-Time,2024-01-22,4,0,5,4,2,18500,3,4,4,No,Travel_Rarely,17,6,216,71,3.0,Naukri,19,No
EMP12583,38,Male,Sales,Sales Manager,Master's,Human Resources,Single,Gurugram,Part-Time,2025-02-20,9,8,6,17,4,20500,1,1,3,No,Non-Travel,3,7,133,57,2.3,Campus Hiring,34,Yes
EMP12584,30,Female,Sales,Sales Manager,Master's,Human Resources,Single,Noida,Full-Time,2020-05-06,4,4,1,9,2,18000,3,1,4,No,Travel_Rarely,3,7,171,17,3.0,Recruitment Agency,20,No
EMP12585,48,Female,Marketing,Content Strategist,Bachelor's,Engineering,Single,Bengaluru,Part-Time,2024-05-27,11,0,5,25,4,44200,2,4,4,No,Travel_Rarely,3,6,248,11,3.0,Employee Referral,17,No
EMP12586,31,Female,Marketing,Marketing Manager,Bachelor's,Human Resources,Married,Mumbai,Full-Time,2016-03-24,6,6,0,6,3,36200,3,2,4,No,Travel_Rarely,4,5,155,14,3.3,Campus Hiring,20,No
EMP12587,53,Female,IT,Data Analyst,Master's,Marketing,Single,Mumbai,Full-Time,2017-02-13,9,4,3,31,4,34300,2,4,3,No,Travel_Rarely,29,3,235,37,2.7,Recruitment Agency,20,No
EMP12588,21,Female,Operations,Operations Executive,Diploma,Other,Divorced,Ahmedabad,Full-Time,2019-03-25,0,0,7,0,1,20900,5,2,3,Yes,Travel_Rarely,17,5,233,13,4.0,Campus Hiring,29,Yes
EMP12589,33,Female,HR,Recruiter,Bachelor's,Computer Science,Married,Pune,Contract,2025-10-01,1,1,0,6,1,18000,5,3,3,No,Travel_Rarely,14,4,137,62,4.0,Recruitment Agency,20,No
EMP12590,57,Male,Operations,Process Associate,Bachelor's,Engineering,Single,Gurugram,Full-Time,2022-07-03,5,5,7,35,2,40000,1,2,4,No,Travel_Rarely,27,7,202,10,2.3,Employee Referral,31,Yes
EMP12591,40,Female,Engineering,Engineering Manager,Bachelor's,Engineering,Single,Chennai,Full-Time,2021-06-08,4,4,3,16,2,25600,3,5,3,No,Travel_Rarely,2,1,207,88,3.7,Employee Referral,17,No
EMP12592,21,Female,Engineering,Mechanical Engineer,Bachelor's,Human Resources,Married,Chennai,Full-Time,2020-06-27,0,0,7,0,1,31200,1,1,3,Yes,Non-Travel,12,4,277,86,1.3,Employee Referral,23,Yes
EMP12593,23,Female,Sales,Business Development Executive,Master's,Business,Single,Noida,Contract,2022-07-21,2,2,5,2,1,29100,3,3,3,No,Travel_Rarely,5,1,195,90,3.0,Recruitment Agency,13,No
EMP12594,38,Male,Sales,Sales Manager,Master's,Business,Single,Delhi,Full-Time,2024-02-18,3,1,1,18,2,25300,1,4,4,Yes,Travel_Rarely,27,7,197,15,2.7,Employee Referral,12,No
EMP12595,34,Female,IT,IT Support Specialist,PhD,Other,Single,Bengaluru,Contract,2021-11-14,8,6,2,8,3,54200,5,2,2,No,Travel_Rarely,22,7,228,97,4.0,Employee Referral,27,Yes
EMP12596,51,Male,Operations,Operations Manager,Bachelor's,Finance,Single,Pune,Part-Time,2023-05-08,2,1,2,31,1,18000,5,3,5,Yes,Travel_Rarely,25,4,207,64,3.7,Naukri,25,Yes
EMP12597,47,Other,HR,HR Analyst,Bachelor's,Business,Married,Noida,Full-Time,2022-02-08,8,5,7,27,3,19200,1,5,2,No,Travel_Rarely,2,5,214,61,3.7,Recruitment Agency,19,No
EMP12598,37,Male,Sales,Sales Manager,Bachelor's,Marketing,Single,Chennai,Full-Time,2025-04-21,7,1,7,17,3,46100,3,2,3,No,Travel_Rarely,30,7,208,86,3.3,Naukri,15,No
EMP12599,49,Female,HR,HR Manager,Bachelor's,Marketing,Single,Delhi,Full-Time,2025-12-16,5,5,7,23,2,22900,4,4,3,No,Non-Travel,12,4,168,94,3.7,LinkedIn,13,No
EMP12600,56,Male,IT,Software Engineer,Master's,Other,Married,Kolkata,Full-Time,2018-03-24,0,0,0,31,1,20800,3,4,2,No,Travel_Rarely,9,2,179,33,3.3,Campus Hiring,27,Yes
EMP12601,57,Female,Marketing,Marketing Executive,Master's,Finance,Single,Bengaluru,Full-Time,2018-06-14,13,0,5,31,5,19700,1,2,4,Yes,Non-Travel,23,7,149,71,1.7,Naukri,17,Yes
EMP12602,46,Male,IT,IT Support Specialist,Diploma,Other,Single,Noida,Full-Time,2017-10-22,9,6,3,21,4,29900,3,5,3,Yes,Travel_Rarely,9,5,199,65,4.3,LinkedIn,38,No
EMP12603,37,Female,Operations,Process Associate,Bachelor's,Business,Married,Delhi,Part-Time,2018-08-02,11,2,7,11,4,19900,2,1,2,No,Travel_Rarely,20,4,246,95,2.3,Naukri,25,No
EMP12604,42,Female,Finance,Accountant,Master's,Finance,Single,Delhi,Full-Time,2023-10-20,11,3,1,16,4,18900,3,1,4,No,Travel_Rarely,23,4,241,33,2.0,LinkedIn,28,Yes
EMP12605,45,Female,IT,Data Analyst,Bachelor's,Computer Science,Married,Delhi,Full-Time,2022-08-22,10,5,6,23,4,29700,5,4,3,No,Travel_Frequently,1,3,157,85,4.7,LinkedIn,36,No
EMP12606,22,Female,Sales,Business Development Executive,Bachelor's,Business,Single,Hyderabad,Full-Time,2019-01-15,0,0,7,0,1,23000,5,5,5,No,Travel_Rarely,24,7,248,29,5.0,Company Website,16,Yes
EMP12607,42,Male,IT,IT Support Specialist,PhD,Business,Single,Delhi,Part-Time,2023-06-20,11,3,3,20,4,18000,2,4,3,No,Travel_Rarely,7,5,227,43,3.7,Campus Hiring,28,No
EMP12608,25,Male,HR,HR Executive,Master's,Business,Married,Delhi,Full-Time,2019-03-04,1,1,3,1,1,22300,3,1,3,No,Travel_Frequently,23,3,202,24,3.0,Naukri,28,Yes
EMP12609,24,Male,Operations,Process Associate,Bachelor's,Business,Married,Kolkata,Full-Time,2021-11-07,2,2,3,2,1,41300,4,4,2,No,Travel_Rarely,18,5,280,60,4.3,Employee Referral,19,No
EMP12610,56,Male,IT,Data Analyst,Bachelor's,Marketing,Married,Gurugram,Full-Time,2022-12-10,2,2,5,36,1,31100,3,2,4,No,Travel_Rarely,10,1,237,13,2.3,Campus Hiring,10,Yes
EMP12611,26,Male,Engineering,Electrical Engineer,Master's,Human Resources,Single,Pune,Full-Time,2018-03-30,2,1,1,3,1,43600,5,2,3,No,Travel_Rarely,15,5,151,62,4.0,Naukri,5,No
EMP12612,41,Male,IT,Data Analyst,Bachelor's,Finance,Married,Mumbai,Full-Time,2021-01-14,5,5,5,18,2,18000,5,5,5,No,Travel_Frequently,9,5,134,23,4.3,Employee Referral,16,No
EMP12613,33,Female,HR,HR Analyst,PhD,Marketing,Married,Noida,Full-Time,2021-03-25,12,6,6,12,5,35700,1,1,4,No,Travel_Rarely,11,4,189,74,2.0,Naukri,34,No
EMP12614,57,Other,Operations,Operations Analyst,Bachelor's,Finance,Married,Delhi,Part-Time,2023-12-20,2,2,3,36,1,18000,5,5,4,No,Travel_Rarely,24,2,243,42,4.0,Employee Referral,17,No
EMP12615,45,Female,Finance,Finance Manager,Master's,Computer Science,Single,Kolkata,Contract,2018-01-12,12,7,6,18,5,18000,1,5,5,No,Travel_Rarely,1,6,227,59,2.7,Naukri,32,Yes
EMP12616,46,Male,IT,System Administrator,PhD,Other,Single,Delhi,Contract,2024-08-26,10,8,6,24,4,18000,5,1,3,No,Travel_Rarely,11,5,174,72,3.3,Recruitment Agency,17,Yes
EMP12617,59,Female,Finance,Accountant,Master's,Business,Married,Bengaluru,Full-Time,2019-08-09,9,2,5,33,4,23400,5,3,3,No,Travel_Rarely,1,3,242,59,3.3,LinkedIn,24,No
EMP12618,40,Female,HR,HR Manager,PhD,Engineering,Married,Chennai,Full-Time,2017-03-21,5,5,7,14,2,35000,4,3,3,No,Travel_Rarely,30,2,266,83,4.0,Company Website,29,No
EMP12619,53,Female,Engineering,Electrical Engineer,Bachelor's,Other,Single,Hyderabad,Full-Time,2025-07-02,4,4,7,30,2,25300,1,4,3,Yes,Travel_Rarely,5,5,143,45,3.3,Naukri,33,Yes
EMP12620,34,Female,Finance,Accountant,Bachelor's,Other,Single,Mumbai,Full-Time,2025-10-25,3,0,2,14,2,20600,1,3,3,Yes,Travel_Rarely,18,2,198,87,2.7,Employee Referral,20,No
EMP12621,56,Male,Operations,Operations Executive,Bachelor's,Marketing,Single,Pune,Contract,2019-11-19,7,7,0,31,3,18000,5,2,2,No,Travel_Frequently,1,1,243,95,3.0,Naukri,18,Yes
EMP12622,37,Female,Engineering,Project Engineer,Master's,Human Resources,Married,Ahmedabad,Full-Time,2023-12-21,1,1,4,17,1,30300,1,5,3,No,Travel_Rarely,10,2,185,80,3.0,Naukri,6,No
EMP12623,41,Female,Sales,Sales Manager,Master's,Engineering,Married,Delhi,Contract,2018-11-06,14,4,7,14,5,34000,5,4,3,No,Travel_Rarely,28,1,240,59,4.3,Naukri,20,Yes
EMP12624,36,Female,Engineering,Mechanical Engineer,Master's,Computer Science,Married,Delhi,Full-Time,2021-06-30,11,5,3,16,4,25200,5,5,1,Yes,Non-Travel,13,2,220,50,4.0,LinkedIn,54,Yes
EMP12625,36,Male,Finance,Financial Analyst,Bachelor's,Engineering,Single,Chennai,Full-Time,2020-09-27,13,2,6,14,5,18000,3,1,3,No,Travel_Rarely,27,2,140,79,2.0,Campus Hiring,22,No
EMP12626,40,Male,Engineering,Project Engineer,Master's,Computer Science,Single,Kolkata,Full-Time,2020-07-13,10,4,2,18,4,31700,1,3,2,Yes,Travel_Rarely,8,3,244,36,2.7,Naukri,11,No
EMP12627,49,Female,IT,Data Analyst,Master's,Marketing,Married,Ahmedabad,Part-Time,2025-01-26,6,4,5,25,3,38300,2,1,3,No,Travel_Rarely,28,6,230,39,2.7,Employee Referral,22,Yes
EMP12628,48,Female,Operations,Operations Analyst,Master's,Computer Science,Married,Noida,Full-Time,2021-06-03,3,0,6,21,2,43900,1,4,3,No,Travel_Rarely,13,3,227,41,3.0,Company Website,30,No
EMP12629,28,Female,Sales,Sales Manager,Master's,Marketing,Single,Ahmedabad,Full-Time,2023-06-26,1,1,2,8,1,18100,1,2,4,No,Travel_Rarely,20,4,244,92,2.3,LinkedIn,18,Yes
EMP12630,44,Male,Finance,Accountant,Bachelor's,Human Resources,Divorced,Hyderabad,Full-Time,2020-04-16,14,2,0,18,5,26800,4,3,2,No,Travel_Rarely,2,2,209,31,3.7,LinkedIn,14,Yes
EMP12631,23,Female,Marketing,Marketing Executive,Bachelor's,Marketing,Single,Gurugram,Full-Time,2020-12-15,0,0,0,0,1,18000,2,1,4,Yes,Travel_Rarely,30,1,187,94,2.3,Recruitment Agency,47,No
EMP12632,45,Male,Operations,Operations Analyst,Diploma,Engineering,Single,Delhi,Full-Time,2018-10-24,12,6,4,18,5,18000,2,3,3,Yes,Travel_Rarely,21,7,159,78,3.0,Employee Referral,27,No
EMP12633,39,Male,IT,Data Analyst,PhD,Finance,Divorced,Pune,Full-Time,2022-05-17,0,0,4,19,1,44900,4,5,3,Yes,Travel_Rarely,12,2,196,30,4.7,LinkedIn,38,No
EMP12634,53,Female,IT,System Administrator,Bachelor's,Human Resources,Married,Mumbai,Full-Time,2024-04-04,3,3,6,31,2,28400,4,2,3,Yes,Travel_Rarely,27,7,158,65,3.0,Employee Referral,20,No
EMP12635,22,Female,Operations,Process Associate,Bachelor's,Other,Married,Bengaluru,Full-Time,2023-01-24,0,0,7,0,1,39400,1,3,3,Yes,Travel_Rarely,29,5,171,93,3.0,Campus Hiring,40,Yes
EMP12636,35,Female,Operations,Process Associate,Master's,Finance,Married,Ahmedabad,Full-Time,2020-02-03,11,8,4,11,4,18000,3,2,2,No,Travel_Frequently,13,1,248,40,2.7,Naukri,32,No
EMP12637,42,Male,Engineering,Electrical Engineer,Bachelor's,Finance,Single,Hyderabad,Full-Time,2025-01-22,3,3,1,18,2,25100,4,5,4,No,Travel_Rarely,28,5,191,68,4.7,Company Website,29,No
EMP12638,30,Male,Operations,Operations Manager,Bachelor's,Business,Divorced,Delhi,Full-Time,2017-08-27,9,4,1,9,4,27700,2,5,4,No,Travel_Rarely,22,4,158,79,3.7,Naukri,13,No
EMP12639,38,Male,Engineering,Mechanical Engineer,Bachelor's,Other,Single,Pune,Full-Time,2017-04-22,11,6,2,11,4,18000,2,1,5,Yes,Travel_Rarely,8,5,158,52,1.7,LinkedIn,17,No
EMP12640,42,Female,Operations,Operations Analyst,Bachelor's,Engineering,Divorced,Ahmedabad,Full-Time,2021-11-06,2,2,5,19,1,43000,1,4,3,No,Travel_Rarely,15,4,233,97,2.7,Naukri,28,Yes
EMP12641,47,Male,HR,HR Analyst,Master's,Computer Science,Married,Chennai,Full-Time,2024-09-19,9,5,0,27,4,19700,3,1,3,No,Travel_Rarely,7,4,186,63,2.3,Employee Referral,21,No
EMP12642,33,Male,IT,Data Analyst,Bachelor's,Finance,Single,Delhi,Full-Time,2020-10-22,6,0,3,6,3,27000,5,2,3,Yes,Travel_Rarely,7,4,184,27,3.0,Company Website,27,Yes
EMP12643,53,Female,Operations,Operations Executive,Diploma,Engineering,Single,Hyderabad,Full-Time,2017-09-01,1,1,7,27,1,18000,4,1,3,No,Travel_Rarely,17,5,245,64,2.7,Naukri,20,Yes
EMP12644,25,Female,Marketing,Digital Marketing Specialist,PhD,Business,Married,Mumbai,Full-Time,2016-05-21,5,0,0,5,2,18000,4,3,4,No,Travel_Frequently,19,4,257,38,4.0,Naukri,28,No
EMP12645,46,Female,IT,Software Engineer,Bachelor's,Engineering,Married,Delhi,Full-Time,2023-06-02,13,3,1,22,5,33200,1,1,3,No,Travel_Frequently,3,4,280,70,1.7,Company Website,18,No
EMP12646,33,Male,Finance,Accountant,Bachelor's,Computer Science,Married,Pune,Full-Time,2017-07-13,9,7,2,9,4,26100,3,4,4,No,Travel_Rarely,7,3,206,60,4.0,Naukri,28,Yes
EMP12647,47,Male,Engineering,Mechanical Engineer,Master's,Finance,Single,Delhi,Contract,2021-09-29,2,2,3,26,1,24500,2,4,3,No,Non-Travel,12,7,198,85,3.3,Employee Referral,15,Yes
EMP12648,34,Male,Sales,Sales Representative,Master's,Computer Science,Single,Gurugram,Contract,2022-03-05,0,0,4,11,1,19400,2,2,3,No,Travel_Rarely,14,6,187,21,2.3,LinkedIn,21,No
EMP12649,44,Female,Sales,Sales Executive,Bachelor's,Business,Divorced,Mumbai,Part-Time,2023-01-14,9,7,4,23,4,25800,5,5,5,No,Travel_Rarely,2,2,214,70,4.3,Campus Hiring,22,No
EMP12650,23,Male,Sales,Business Development Executive,Master's,Other,Single,Pune,Full-Time,2020-03-11,0,0,1,0,1,38900,2,4,4,Yes,Travel_Rarely,26,4,198,80,3.0,LinkedIn,16,Yes
EMP12651,50,Male,HR,Recruiter,Bachelor's,Computer Science,Married,Bengaluru,Contract,2019-07-17,0,0,2,27,1,18000,4,2,3,No,Travel_Rarely,7,1,230,25,3.7,Employee Referral,18,No
EMP12652,55,Female,Finance,Accountant,Master's,Human Resources,Single,Chennai,Full-Time,2019-07-10,2,2,6,30,1,28300,5,4,3,No,Travel_Rarely,16,1,165,21,4.3,Naukri,27,Yes
EMP12653,34,Female,Finance,Finance Executive,Master's,Business,Married,Chennai,Full-Time,2017-12-09,13,4,5,14,5,24100,3,4,3,No,Non-Travel,9,3,257,71,3.0,Employee Referral,30,Yes
EMP12654,32,Female,IT,IT Support Specialist,Bachelor's,Computer Science,Single,Gurugram,Full-Time,2019-04-24,2,2,0,11,1,20300,5,5,2,No,Travel_Rarely,1,5,216,94,4.0,Campus Hiring,26,No
EMP12655,48,Male,Operations,Operations Executive,PhD,Business,Married,Pune,Full-Time,2018-03-18,12,0,1,24,5,18000,3,3,4,No,Travel_Rarely,12,5,203,77,2.7,Naukri,29,No
EMP12656,49,Female,Sales,Sales Representative,Bachelor's,Engineering,Single,Pune,Full-Time,2025-01-05,14,6,5,28,5,21900,2,2,3,Yes,Travel_Rarely,30,5,222,69,3.0,Employee Referral,25,Yes
EMP12657,37,Female,Engineering,Mechanical Engineer,Diploma,Engineering,Married,Pune,Full-Time,2021-10-29,1,1,5,12,1,29800,1,4,3,No,Travel_Rarely,2,4,228,90,2.3,LinkedIn,18,No
EMP12658,60,Male,Engineering,Engineering Manager,Bachelor's,Engineering,Divorced,Kolkata,Full-Time,2017-02-12,13,8,0,39,5,25500,5,4,3,No,Travel_Rarely,27,6,153,37,4.0,LinkedIn,8,No
EMP12659,41,Female,HR,HR Analyst,Bachelor's,Human Resources,Married,Mumbai,Full-Time,2018-08-31,4,1,3,21,2,18000,5,1,3,No,Travel_Rarely,22,7,216,73,3.3,Recruitment Agency,19,Yes
EMP12660,43,Female,Marketing,Marketing Executive,Bachelor's,Human Resources,Single,Bengaluru,Part-Time,2024-01-17,9,2,0,18,4,38600,4,3,3,No,Travel_Rarely,18,6,196,81,3.7,LinkedIn,23,No
EMP12661,40,Male,Sales,Sales Executive,Bachelor's,Engineering,Married,Hyderabad,Contract,2023-06-22,2,2,3,13,1,46200,4,5,4,Yes,Non-Travel,14,5,271,59,4.7,Naukri,18,Yes
EMP12662,31,Female,Engineering,Project Engineer,Diploma,Other,Married,Noida,Full-Time,2016-03-26,2,0,7,4,1,21000,3,2,1,Yes,Non-Travel,12,5,197,35,2.7,LinkedIn,38,No
EMP12663,54,Male,HR,Recruiter,Master's,Computer Science,Single,Ahmedabad,Contract,2025-12-06,7,6,5,27,3,62300,1,4,4,No,Travel_Rarely,18,2,235,49,2.3,Company Website,26,No
EMP12664,30,Female,Operations,Operations Executive,PhD,Other,Married,Delhi,Full-Time,2020-12-01,3,2,2,6,2,18000,4,2,3,No,Travel_Rarely,5,6,248,64,3.3,Recruitment Agency,23,No
EMP12665,30,Male,Marketing,Content Strategist,Master's,Human Resources,Married,Bengaluru,Full-Time,2021-11-21,3,2,1,6,2,18000,4,5,4,Yes,Travel_Frequently,7,4,161,40,4.0,Naukri,29,No
EMP12666,26,Female,HR,Recruiter,Bachelor's,Marketing,Married,Ahmedabad,Full-Time,2019-07-31,0,0,0,0,1,18000,2,3,4,No,Travel_Rarely,4,4,249,92,2.7,Company Website,42,No
EMP12667,56,Female,IT,System Administrator,Bachelor's,Business,Married,Noida,Full-Time,2017-04-04,10,7,2,29,4,24600,2,1,3,Yes,Travel_Rarely,13,7,274,80,2.7,Naukri,21,No
EMP12668,44,Male,Marketing,Content Strategist,Bachelor's,Business,Single,Gurugram,Full-Time,2023-08-19,0,0,2,17,1,18000,4,3,2,Yes,Travel_Rarely,16,1,259,14,4.0,Naukri,15,No
EMP12669,32,Female,Operations,Operations Executive,Master's,Other,Married,Mumbai,Full-Time,2020-09-19,7,1,0,10,3,19200,3,1,3,No,Travel_Rarely,22,1,207,22,2.3,Company Website,27,Yes
EMP12670,43,Male,Finance,Finance Manager,Bachelor's,Marketing,Married,Bengaluru,Full-Time,2022-11-13,14,0,4,16,5,82500,1,2,3,No,Travel_Rarely,28,2,167,27,2.7,Company Website,14,No
EMP12671,47,Male,Marketing,Digital Marketing Specialist,Bachelor's,Business,Married,Noida,Full-Time,2019-02-18,0,0,5,22,1,18000,4,3,4,No,Travel_Rarely,16,3,184,91,3.3,Naukri,15,Yes
EMP12672,57,Male,Finance,Accountant,Diploma,Business,Single,Noida,Contract,2025-05-16,6,5,4,35,3,18000,3,3,2,Yes,Travel_Rarely,19,4,163,59,3.7,Campus Hiring,37,Yes
EMP12673,26,Female,Operations,Operations Manager,Master's,Engineering,Married,Bengaluru,Full-Time,2022-10-23,4,4,3,4,2,18000,3,3,2,Yes,Travel_Rarely,4,7,175,93,3.3,LinkedIn,36,No
EMP12674,21,Male,IT,IT Support Specialist,Bachelor's,Business,Single,Ahmedabad,Full-Time,2017-07-22,1,1,7,1,1,19400,4,5,3,No,Travel_Rarely,20,1,259,96,4.7,LinkedIn,30,No
EMP12675,26,Male,Engineering,Project Engineer,Bachelor's,Business,Single,Pune,Full-Time,2021-02-19,3,1,2,5,2,18800,3,2,3,No,Travel_Rarely,20,5,199,45,2.7,Recruitment Agency,28,Yes
EMP12676,42,Male,HR,Recruiter,Master's,Finance,Married,Noida,Full-Time,2024-12-04,7,0,1,18,3,18000,5,1,3,No,Travel_Rarely,28,4,165,61,3.3,Employee Referral,13,No
EMP12677,44,Female,Finance,Finance Manager,PhD,Other,Married,Bengaluru,Full-Time,2023-12-26,10,7,1,20,4,20500,3,3,3,Yes,Travel_Rarely,1,4,279,42,3.0,Campus Hiring,17,No
EMP12678,45,Female,IT,Data Analyst,Bachelor's,Other,Single,Gurugram,Part-Time,2017-07-03,10,2,2,24,4,29300,4,2,4,No,Travel_Rarely,13,4,198,73,3.0,Employee Referral,36,No
EMP12679,35,Female,IT,Software Engineer,PhD,Other,Single,Hyderabad,Full-Time,2020-10-02,11,0,4,11,4,41100,3,5,2,Yes,Travel_Rarely,20,6,234,80,4.3,Naukri,19,No
EMP12680,46,Female,Sales,Sales Representative,Bachelor's,Business,Single,Noida,Full-Time,2022-03-26,13,7,5,25,5,19400,4,5,3,No,Travel_Rarely,20,1,183,78,4.3,Employee Referral,17,No
EMP12681,28,Male,HR,HR Executive,Diploma,Marketing,Married,Mumbai,Full-Time,2019-11-10,3,0,2,3,2,22100,2,2,4,Yes,Travel_Rarely,22,2,279,82,2.3,LinkedIn,22,Yes
EMP12682,44,Female,Engineering,Engineering Manager,Master's,Business,Married,Pune,Full-Time,2019-02-28,15,7,6,24,5,27100,4,1,3,No,Travel_Rarely,9,1,241,39,2.3,Employee Referral,29,No
EMP12683,58,Female,IT,IT Support Specialist,Diploma,Marketing,Married,Chennai,Full-Time,2016-06-19,13,0,3,31,5,18000,3,2,4,No,Travel_Rarely,10,5,236,77,3.3,Company Website,22,Yes
EMP12684,26,Female,Finance,Finance Executive,Master's,Human Resources,Married,Delhi,Full-Time,2019-09-15,6,6,2,6,3,20600,4,2,4,No,Travel_Rarely,6,5,182,98,3.3,Recruitment Agency,22,Yes
EMP12685,55,Male,Finance,Accountant,Bachelor's,Business,Single,Kolkata,Contract,2016-02-04,0,0,0,29,1,18000,1,4,4,No,Non-Travel,22,3,246,31,3.0,Employee Referral,5,No
EMP12686,21,Female,IT,IT Support Specialist,Bachelor's,Marketing,Single,Kolkata,Full-Time,2019-05-09,1,1,4,1,1,33800,4,5,3,Yes,Travel_Rarely,7,1,235,68,4.0,LinkedIn,23,No
EMP12687,56,Male,IT,System Administrator,Master's,Business,Married,Hyderabad,Part-Time,2019-04-06,9,2,0,35,4,48500,4,1,4,No,Travel_Rarely,23,1,222,17,3.0,Company Website,33,No
EMP12688,32,Female,Sales,Sales Manager,Bachelor's,Human Resources,Married,Pune,Full-Time,2020-03-12,6,3,0,6,3,18000,1,4,4,Yes,Non-Travel,16,3,188,75,3.0,LinkedIn,23,No
EMP12689,58,Female,Sales,Sales Representative,Bachelor's,Business,Single,Kolkata,Full-Time,2021-03-31,12,4,2,37,5,39200,1,2,4,No,Travel_Rarely,17,3,226,46,1.7,Employee Referral,43,No
EMP12690,31,Male,Sales,Business Development Executive,Bachelor's,Finance,Single,Ahmedabad,Full-Time,2025-10-22,4,4,5,4,2,18000,1,5,3,No,Travel_Rarely,24,4,215,65,3.3,Company Website,17,Yes
EMP12691,32,Male,Sales,Sales Executive,Bachelor's,Human Resources,Single,Mumbai,Full-Time,2025-01-30,1,1,2,9,1,24100,5,4,3,No,Travel_Rarely,1,4,156,70,3.7,Naukri,20,Yes
EMP12692,59,Female,Marketing,Digital Marketing Specialist,Master's,Finance,Single,Pune,Contract,2019-06-01,5,3,5,33,2,24800,4,4,3,Yes,Travel_Rarely,9,5,201,95,4.3,Recruitment Agency,18,No
EMP12693,27,Male,IT,Software Engineer,Diploma,Business,Married,Hyderabad,Part-Time,2022-07-16,0,0,1,0,1,18000,1,1,3,No,Travel_Rarely,30,7,251,74,2.3,Recruitment Agency,18,No
EMP12694,31,Male,Sales,Business Development Executive,Diploma,Finance,Married,Mumbai,Full-Time,2023-03-02,0,0,5,4,1,18000,1,2,3,No,Travel_Frequently,14,7,263,51,2.7,Recruitment Agency,29,No
EMP12695,56,Female,Engineering,Electrical Engineer,PhD,Computer Science,Married,Mumbai,Full-Time,2020-12-30,5,1,7,32,2,18000,2,1,3,No,Travel_Rarely,15,7,154,58,2.3,Naukri,22,No
EMP12696,51,Male,Sales,Sales Representative,Master's,Human Resources,Single,Kolkata,Contract,2017-06-20,15,7,0,27,5,18000,5,4,5,Yes,Travel_Rarely,4,7,227,77,4.7,Employee Referral,41,No
EMP12697,53,Female,Operations,Process Associate,Diploma,Computer Science,Single,Ahmedabad,Full-Time,2021-07-18,7,3,7,30,3,18000,4,4,5,No,Travel_Rarely,25,2,266,18,3.3,Recruitment Agency,26,No
EMP12698,33,Female,Finance,Finance Executive,Master's,Human Resources,Single,Gurugram,Full-Time,2025-08-12,9,6,2,10,4,20100,3,1,4,Yes,Travel_Rarely,8,5,193,17,2.7,Company Website,16,No
EMP12699,38,Female,Operations,Operations Analyst,Diploma,Engineering,Single,Ahmedabad,Contract,2017-06-27,12,3,7,18,5,21200,5,4,5,No,Travel_Frequently,25,6,276,67,4.3,Naukri,15,No
EMP12700,44,Male,Operations,Operations Analyst,Bachelor's,Human Resources,Married,Ahmedabad,Part-Time,2020-07-03,1,1,1,17,1,21100,5,3,5,No,Travel_Rarely,15,1,242,95,3.3,Campus Hiring,39,No
EMP12701,29,Female,Sales,Sales Executive,PhD,Engineering,Married,Gurugram,Full-Time,2019-03-19,4,4,6,6,2,31100,2,5,4,No,Travel_Frequently,30,7,194,63,3.0,Campus Hiring,26,No
EMP12702,51,Male,Engineering,Project Engineer,Bachelor's,Computer Science,Single,Gurugram,Full-Time,2022-07-31,5,3,0,30,2,18000,4,2,2,No,Travel_Rarely,22,2,227,94,2.7,Employee Referral,36,No
EMP12703,30,Female,IT,Software Engineer,Master's,Human Resources,Divorced,Pune,Full-Time,2018-01-14,3,3,1,3,2,18600,4,5,3,No,Travel_Rarely,25,4,274,57,4.7,Naukri,25,No
EMP12704,22,Male,IT,Software Engineer,Bachelor's,Other,Divorced,Hyderabad,Contract,2021-06-22,0,0,4,0,1,69700,1,2,3,Yes,Travel_Rarely,4,3,163,63,2.3,LinkedIn,24,Yes
EMP12705,58,Male,Operations,Operations Manager,Master's,Other,Married,Ahmedabad,Full-Time,2018-10-16,3,0,3,37,2,32800,1,4,2,No,Travel_Frequently,19,3,270,37,2.7,Employee Referral,36,No
EMP12706,35,Male,Engineering,Project Engineer,Master's,Engineering,Single,Bengaluru,Full-Time,2017-06-16,6,6,0,9,3,32900,5,1,4,No,Travel_Frequently,3,7,188,75,3.0,Company Website,27,Yes
EMP12707,23,Female,IT,System Administrator,Bachelor's,Business,Married,Mumbai,Part-Time,2022-08-17,0,0,2,0,1,18000,2,1,2,No,Travel_Frequently,8,5,218,90,2.3,Employee Referral,27,No
EMP12708,51,Male,HR,HR Analyst,Master's,Business,Married,Ahmedabad,Full-Time,2025-07-15,8,2,5,27,3,20200,4,4,3,No,Travel_Rarely,2,7,205,40,4.0,LinkedIn,20,No
EMP12709,26,Female,IT,Data Analyst,Bachelor's,Engineering,Married,Pune,Full-Time,2025-02-05,5,5,4,5,2,18000,2,2,2,No,Non-Travel,28,1,278,22,2.0,LinkedIn,32,No
EMP12710,23,Female,HR,HR Analyst,Bachelor's,Computer Science,Single,Gurugram,Full-Time,2021-04-22,0,0,7,0,1,28700,3,4,3,No,Travel_Rarely,22,1,230,68,4.0,Naukri,23,Yes
EMP12711,31,Male,Operations,Process Associate,Master's,Other,Single,Pune,Full-Time,2018-10-12,10,2,6,10,4,41400,4,2,3,No,Non-Travel,25,3,239,91,2.7,Naukri,19,No
EMP12712,35,Male,Sales,Business Development Executive,Master's,Marketing,Divorced,Noida,Full-Time,2021-08-23,11,0,1,11,4,18000,1,4,4,Yes,Travel_Rarely,25,5,135,97,2.3,Employee Referral,43,No
EMP12713,48,Male,Finance,Finance Manager,Master's,Human Resources,Divorced,Pune,Full-Time,2022-03-12,12,0,3,23,5,18000,5,4,3,No,Travel_Rarely,8,6,238,40,4.0,Naukri,21,No
EMP12714,30,Male,Finance,Finance Executive,Bachelor's,Business,Married,Ahmedabad,Part-Time,2023-01-27,9,6,5,9,4,21700,2,4,3,Yes,Non-Travel,8,5,140,42,3.7,Employee Referral,17,Yes
EMP12715,58,Female,IT,IT Support Specialist,Bachelor's,Human Resources,Single,Kolkata,Full-Time,2018-11-09,1,1,0,32,1,23600,1,1,4,No,Travel_Rarely,17,4,209,62,2.0,Employee Referral,34,No
EMP12716,27,Male,HR,HR Executive,Diploma,Finance,Married,Gurugram,Full-Time,2018-07-16,3,0,3,3,2,18000,5,2,4,No,Travel_Frequently,16,7,279,100,3.7,LinkedIn,30,No
EMP12717,35,Male,Marketing,Marketing Executive,Bachelor's,Marketing,Divorced,Gurugram,Full-Time,2020-02-20,4,4,7,13,2,18000,1,4,3,No,Travel_Rarely,16,4,268,45,2.7,Recruitment Agency,18,No
EMP12718,38,Male,Engineering,Electrical Engineer,Bachelor's,Finance,Married,Delhi,Full-Time,2020-10-03,7,5,4,12,3,18000,4,5,2,Yes,Travel_Rarely,16,4,155,94,3.7,Campus Hiring,23,No
EMP12719,38,Female,Engineering,Mechanical Engineer,Bachelor's,Business,Single,Pune,Full-Time,2022-10-19,13,3,7,18,5,21500,2,5,2,No,Travel_Rarely,27,7,235,78,4.0,Employee Referral,30,No
EMP12720,44,Female,IT,Data Analyst,Bachelor's,Engineering,Single,Kolkata,Full-Time,2019-09-06,4,4,3,23,2,28700,3,1,4,No,Travel_Rarely,7,6,278,84,2.0,Recruitment Agency,26,No
EMP12721,22,Male,Engineering,Engineering Manager,Bachelor's,Other,Single,Gurugram,Full-Time,2024-04-26,0,0,7,0,1,21500,1,3,3,Yes,Travel_Rarely,30,2,144,43,3.0,Naukri,31,Yes
EMP12722,60,Female,Operations,Operations Executive,Diploma,Finance,Married,Delhi,Full-Time,2024-07-20,11,8,0,40,4,20600,2,1,2,No,Travel_Rarely,15,5,232,70,1.7,Naukri,24,No
EMP12723,40,Male,Operations,Operations Manager,Bachelor's,Other,Single,Kolkata,Full-Time,2022-08-01,7,0,4,19,3,18000,4,3,3,Yes,Travel_Rarely,17,5,268,69,4.0,LinkedIn,31,No
EMP12724,54,Female,Sales,Sales Executive,PhD,Human Resources,Married,Ahmedabad,Contract,2020-09-17,7,4,1,32,3,32500,1,1,4,Yes,Travel_Rarely,25,6,235,12,1.3,Company Website,21,No
EMP12725,46,Female,Finance,Accountant,Master's,Other,Single,Delhi,Full-Time,2023-07-29,8,2,0,24,3,21500,4,5,3,Yes,Non-Travel,3,7,197,15,4.0,Company Website,18,No
EMP12726,27,Female,Finance,Financial Analyst,Bachelor's,Computer Science,Single,Pune,Full-Time,2023-12-29,1,1,3,1,1,18100,3,4,3,No,Travel_Rarely,1,4,218,29,4.0,Employee Referral,33,No
EMP12727,58,Female,IT,System Administrator,Diploma,Finance,Married,Ahmedabad,Full-Time,2017-08-29,5,3,0,33,2,24700,3,2,3,No,Travel_Rarely,8,3,158,13,2.3,LinkedIn,27,No
EMP12728,50,Female,HR,HR Analyst,Bachelor's,Computer Science,Single,Delhi,Full-Time,2025-05-12,15,3,7,28,5,18000,5,4,2,Yes,Travel_Rarely,7,4,193,62,4.7,LinkedIn,30,No
EMP12729,25,Female,HR,Recruiter,Bachelor's,Marketing,Married,Gurugram,Full-Time,2023-09-26,0,0,7,0,1,18300,5,5,3,No,Travel_Rarely,18,2,225,80,4.0,Naukri,35,No
EMP12730,31,Male,Sales,Sales Manager,Diploma,Marketing,Single,Mumbai,Full-Time,2016-11-21,3,0,7,8,2,23100,5,2,3,No,Travel_Rarely,30,6,157,71,3.3,LinkedIn,19,Yes
EMP12731,21,Female,Operations,Operations Manager,Diploma,Engineering,Married,Chennai,Full-Time,2023-01-18,0,0,4,0,1,18000,4,3,3,No,Travel_Rarely,23,7,213,90,4.0,Employee Referral,29,No
EMP12732,54,Female,Sales,Sales Representative,Master's,Computer Science,Single,Mumbai,Full-Time,2023-06-27,10,1,3,27,4,18000,5,3,4,No,Travel_Rarely,5,3,152,47,3.3,Employee Referral,45,No
EMP12733,21,Male,IT,IT Support Specialist,Bachelor's,Other,Married,Mumbai,Contract,2016-08-06,0,0,1,0,1,18000,2,5,3,No,Travel_Rarely,15,5,168,45,3.3,Naukri,23,No
EMP12734,39,Male,Engineering,Project Engineer,Master's,Human Resources,Single,Delhi,Full-Time,2017-06-05,13,7,6,13,5,26900,4,2,4,No,Travel_Frequently,7,2,198,43,2.7,LinkedIn,13,No
EMP12735,22,Male,Engineering,Mechanical Engineer,Bachelor's,Engineering,Single,Chennai,Full-Time,2017-02-08,2,2,6,2,1,21700,4,4,3,No,Non-Travel,10,2,150,15,4.0,LinkedIn,31,No
EMP12736,41,Female,Operations,Operations Manager,Master's,Finance,Married,Pune,Full-Time,2018-11-08,15,5,5,17,5,21400,5,5,3,No,Travel_Frequently,16,6,249,75,4.0,Employee Referral,9,No
EMP12737,40,Female,Engineering,Project Engineer,Bachelor's,Other,Single,Hyderabad,Full-Time,2017-08-02,13,8,2,16,5,18000,5,3,3,Yes,Travel_Frequently,28,3,215,27,4.0,Recruitment Agency,14,No
EMP12738,43,Male,Sales,Sales Manager,Diploma,Engineering,Divorced,Hyderabad,Full-Time,2018-02-28,4,4,1,16,2,21800,4,5,3,No,Non-Travel,23,4,223,36,4.0,Naukri,24,No
EMP12739,41,Female,Engineering,Project Engineer,Bachelor's,Other,Married,Kolkata,Full-Time,2021-01-28,5,3,0,16,2,18400,3,4,3,No,Travel_Rarely,2,4,221,48,3.0,Campus Hiring,24,No
EMP12740,44,Female,IT,Data Analyst,Bachelor's,Human Resources,Married,Mumbai,Full-Time,2022-05-30,2,2,2,17,1,18000,3,1,3,Yes,Travel_Rarely,18,1,210,60,3.0,Campus Hiring,26,No
EMP12741,24,Female,Finance,Finance Manager,Bachelor's,Other,Single,Ahmedabad,Part-Time,2021-08-24,0,0,5,0,1,21300,5,1,4,No,Travel_Rarely,15,3,214,28,3.7,LinkedIn,44,No
EMP12742,32,Female,HR,HR Executive,Bachelor's,Finance,Single,Noida,Contract,2016-11-21,8,0,5,8,3,25200,3,4,5,No,Non-Travel,23,4,256,97,4.0,Recruitment Agency,25,No
EMP12743,42,Male,IT,IT Support Specialist,Bachelor's,Marketing,Single,Pune,Full-Time,2018-08-28,6,6,7,20,3,48400,2,2,3,No,Travel_Rarely,19,2,217,43,3.0,Company Website,19,Yes
EMP12744,40,Female,IT,IT Support Specialist,Bachelor's,Engineering,Married,Ahmedabad,Full-Time,2021-01-09,10,7,4,15,4,28400,2,5,2,No,Travel_Frequently,20,6,223,98,3.0,Recruitment Agency,18,Yes
EMP12745,38,Female,Marketing,Digital Marketing Specialist,Master's,Human Resources,Single,Kolkata,Full-Time,2016-06-06,4,4,5,14,2,32400,2,4,3,No,Non-Travel,14,4,257,33,2.7,Company Website,20,No
EMP12746,21,Female,Operations,Process Associate,Master's,Marketing,Married,Hyderabad,Full-Time,2024-09-10,0,0,6,0,1,36200,4,1,4,No,Travel_Rarely,23,6,171,34,3.0,Naukri,13,No
EMP12747,50,Female,Marketing,Content Strategist,Master's,Finance,Married,Chennai,Full-Time,2020-12-20,14,6,3,27,5,18000,4,3,3,Yes,Travel_Rarely,30,4,228,85,3.0,Recruitment Agency,29,No
EMP12748,53,Female,IT,Data Analyst,Bachelor's,Computer Science,Single,Mumbai,Full-Time,2020-06-09,2,2,7,28,1,19100,4,4,3,Yes,Travel_Frequently,2,6,263,79,3.7,Naukri,27,Yes
EMP12749,44,Male,Engineering,Mechanical Engineer,Bachelor's,Business,Married,Delhi,Full-Time,2024-01-26,13,1,3,23,5,18000,4,4,3,Yes,Travel_Rarely,29,2,265,39,4.3,Recruitment Agency,28,No
EMP12750,34,Female,Marketing,Marketing Executive,Bachelor's,Other,Divorced,Delhi,Full-Time,2020-12-02,12,2,4,12,5,18000,4,4,3,Yes,Travel_Rarely,18,3,198,88,3.3,LinkedIn,31,No
EMP12751,56,Other,Finance,Finance Executive,Bachelor's,Finance,Married,Hyderabad,Full-Time,2018-03-16,7,3,5,36,3,18200,5,1,2,No,Travel_Rarely,9,1,169,63,3.0,Employee Referral,30,No
EMP12752,25,Male,Operations,Operations Manager,Diploma,Finance,Divorced,Kolkata,Part-Time,2019-07-29,4,3,0,4,2,18000,3,1,3,No,Travel_Rarely,27,6,267,87,2.7,Naukri,12,Yes
EMP12753,31,Male,HR,HR Manager,Bachelor's,Other,Single,Bengaluru,Full-Time,2022-01-03,3,3,1,10,2,24400,5,4,3,No,Travel_Frequently,1,4,160,34,4.0,Recruitment Agency,21,No
EMP12754,44,Other,Finance,Finance Manager,Diploma,Other,Single,Bengaluru,Contract,2017-05-28,11,6,7,17,4,26800,3,4,3,No,Non-Travel,16,6,159,14,3.7,LinkedIn,22,No
EMP12755,51,Male,Engineering,Project Engineer,Diploma,Business,Single,Noida,Full-Time,2024-08-05,11,3,6,24,4,18000,5,2,3,No,Travel_Rarely,12,6,214,11,4.0,Naukri,36,Yes
EMP12756,33,Female,HR,Recruiter,Bachelor's,Business,Married,Gurugram,Full-Time,2017-05-18,12,5,2,12,5,19100,2,3,3,No,Travel_Rarely,12,4,190,89,3.0,Employee Referral,37,No
EMP12757,36,Male,Sales,Business Development Executive,Bachelor's,Marketing,Married,Chennai,Full-Time,2024-08-06,8,8,4,12,3,19200,1,5,2,No,Travel_Frequently,19,7,156,72,3.3,Recruitment Agency,20,No
EMP12758,44,Female,Engineering,Project Engineer,Master's,Finance,Single,Delhi,Full-Time,2025-12-09,4,4,7,19,2,18000,4,5,3,Yes,Travel_Rarely,10,4,164,63,4.0,Naukri,15,No
EMP12759,33,Male,Operations,Process Associate,Master's,Finance,Single,Chennai,Full-Time,2021-03-05,8,2,5,8,3,18000,1,5,3,Yes,Travel_Rarely,20,3,189,47,3.7,Naukri,25,Yes
EMP12760,44,Male,IT,IT Support Specialist,Bachelor's,Other,Single,Gurugram,Contract,2017-02-16,14,0,0,18,5,32600,1,1,3,No,Non-Travel,5,2,161,26,1.7,Company Website,21,Yes
EMP12761,46,Female,IT,Software Engineer,Bachelor's,Engineering,Divorced,Pune,Full-Time,2018-12-23,9,4,7,22,4,32400,2,1,4,No,Travel_Rarely,3,2,219,40,2.7,Naukri,23,No
EMP12762,22,Male,IT,IT Support Specialist,Bachelor's,Business,Single,Gurugram,Full-Time,2023-03-24,0,0,0,0,1,18000,1,2,4,No,Travel_Rarely,9,2,261,10,2.0,Campus Hiring,35,No
EMP12763,36,Male,Marketing,Marketing Executive,Diploma,Human Resources,Single,Delhi,Full-Time,2018-02-04,5,5,2,12,2,27200,1,1,3,No,Non-Travel,21,2,220,15,1.3,LinkedIn,26,No
EMP12764,58,Male,Sales,Business Development Executive,Bachelor's,Computer Science,Married,Hyderabad,Full-Time,2016-08-24,13,0,7,34,5,18000,2,4,3,No,Travel_Rarely,23,2,229,79,3.0,Employee Referral,20,Yes
EMP12765,21,Female,IT,IT Support Specialist,Bachelor's,Finance,Single,Kolkata,Full-Time,2017-01-30,0,0,4,0,1,18400,3,3,4,Yes,Travel_Rarely,15,7,156,45,3.3,Company Website,18,No
EMP12766,31,Male,Engineering,Engineering Manager,Master's,Engineering,Married,Ahmedabad,Full-Time,2021-06-27,9,2,1,9,4,21100,5,3,2,No,Travel_Rarely,14,2,176,17,3.7,Naukri,11,Yes
EMP12767,55,Female,Sales,Sales Executive,Bachelor's,Computer Science,Married,Pune,Full-Time,2021-02-07,12,2,6,29,5,30900,1,3,3,Yes,Non-Travel,11,4,263,82,2.7,Company Website,29,No
EMP12768,49,Male,HR,HR Analyst,Master's,Marketing,Divorced,Ahmedabad,Part-Time,2024-10-15,8,7,1,27,3,20400,4,3,4,No,Travel_Rarely,13,4,155,95,3.3,Campus Hiring,27,No
EMP12769,57,Female,Sales,Business Development Executive,Diploma,Human Resources,Married,Ahmedabad,Part-Time,2020-12-04,6,4,4,34,3,18000,2,5,3,No,Travel_Rarely,7,2,153,19,3.3,Naukri,29,No
EMP12770,37,Female,Operations,Operations Executive,Bachelor's,Engineering,Married,Bengaluru,Contract,2025-04-10,11,7,3,11,4,18000,1,5,3,Yes,Travel_Rarely,27,2,248,33,3.3,LinkedIn,24,Yes
EMP12771,59,Male,IT,System Administrator,Bachelor's,Computer Science,Single,Bengaluru,Part-Time,2019-12-17,4,4,6,36,2,23800,3,4,3,No,Non-Travel,25,3,173,72,4.0,LinkedIn,14,No
EMP12772,48,Female,HR,Recruiter,Bachelor's,Finance,Married,Kolkata,Full-Time,2016-05-11,1,1,5,25,1,18000,3,2,2,No,Travel_Rarely,2,6,271,49,2.7,Employee Referral,25,No
EMP12773,49,Male,Engineering,Mechanical Engineer,Bachelor's,Engineering,Married,Delhi,Part-Time,2022-03-23,3,3,1,26,2,18300,4,1,3,No,Travel_Rarely,3,3,270,11,2.3,Naukri,34,No
EMP12774,23,Female,Sales,Sales Executive,Bachelor's,Business,Single,Chennai,Full-Time,2020-02-05,0,0,3,0,1,34100,1,1,3,Yes,Non-Travel,20,5,172,29,1.3,Recruitment Agency,25,Yes
EMP12775,30,Female,Sales,Sales Executive,Master's,Computer Science,Married,Chennai,Full-Time,2021-07-27,2,2,4,9,1,26800,4,5,1,No,Travel_Rarely,8,4,172,90,4.3,Employee Referral,39,No
EMP12776,34,Male,Sales,Sales Manager,Diploma,Other,Single,Ahmedabad,Full-Time,2016-04-27,9,4,5,13,4,45000,3,3,3,Yes,Travel_Rarely,1,7,195,42,3.3,Naukri,26,No
EMP12777,32,Female,IT,IT Support Specialist,Master's,Other,Single,Gurugram,Contract,2017-09-29,9,4,0,9,4,18000,3,4,3,No,Travel_Rarely,25,2,239,23,3.7,Company Website,42,No
EMP12778,50,Female,IT,IT Support Specialist,Master's,Finance,Married,Gurugram,Full-Time,2021-08-06,2,2,4,27,1,18000,5,2,3,No,Travel_Frequently,21,7,240,63,3.0,Company Website,42,No
EMP12779,52,Female,Sales,Sales Representative,Master's,Engineering,Married,Delhi,Full-Time,2021-05-17,3,3,0,32,2,23900,3,5,3,Yes,Travel_Frequently,4,6,130,64,4.0,Recruitment Agency,16,No
EMP12780,52,Male,HR,Recruiter,Bachelor's,Human Resources,Single,Noida,Contract,2020-10-28,5,5,7,25,2,49900,2,4,3,No,Travel_Frequently,13,7,269,46,3.3,Company Website,18,Yes
EMP12781,52,Female,IT,Software Engineer,Bachelor's,Computer Science,Married,Ahmedabad,Full-Time,2016-12-04,11,5,4,31,4,18000,5,4,2,Yes,Travel_Rarely,24,4,239,97,4.7,LinkedIn,20,No
EMP12782,46,Female,Engineering,Electrical Engineer,Master's,Marketing,Married,Delhi,Full-Time,2022-10-02,2,2,6,19,1,22400,4,5,3,No,Travel_Frequently,14,7,189,93,3.7,Company Website,9,No
EMP12783,21,Female,Engineering,Engineering Manager,Bachelor's,Other,Married,Gurugram,Full-Time,2019-12-29,0,0,3,0,1,39900,3,4,1,Yes,Travel_Rarely,9,5,155,15,4.0,Employee Referral,28,No
EMP12784,22,Male,Operations,Operations Executive,Master's,Marketing,Married,Pune,Full-Time,2019-04-17,2,2,5,2,1,22500,2,3,3,No,Travel_Rarely,3,3,186,42,3.3,Employee Referral,28,No
EMP12785,37,Male,Engineering,Mechanical Engineer,Master's,Business,Single,Mumbai,Full-Time,2021-07-15,0,0,3,10,1,34900,5,4,3,Yes,Travel_Rarely,14,5,269,59,4.3,Recruitment Agency,26,No
EMP12786,50,Female,HR,HR Manager,Bachelor's,Engineering,Married,Bengaluru,Full-Time,2021-05-02,0,0,5,24,1,53100,2,2,3,No,Travel_Rarely,4,1,262,84,3.0,Naukri,13,No
EMP12787,59,Male,Engineering,Mechanical Engineer,Master's,Engineering,Married,Kolkata,Contract,2022-11-14,15,6,6,39,5,25200,5,4,3,No,Travel_Frequently,17,7,264,93,4.0,Naukri,38,No
EMP12788,27,Male,IT,Data Analyst,Master's,Business,Single,Mumbai,Full-Time,2020-06-08,0,0,4,0,1,27100,5,1,3,No,Travel_Rarely,15,3,273,79,3.0,Company Website,7,No
EMP12789,47,Female,Engineering,Project Engineer,Bachelor's,Engineering,Married,Hyderabad,Full-Time,2017-11-06,8,8,0,20,3,30800,5,4,4,No,Travel_Frequently,12,4,181,81,4.0,Recruitment Agency,12,No
EMP12790,29,Other,Engineering,Engineering Manager,Master's,Marketing,Single,Noida,Full-Time,2023-07-28,4,4,4,5,2,18000,4,5,3,No,Travel_Rarely,14,3,210,92,4.7,Recruitment Agency,32,Yes
EMP12791,42,Male,Operations,Operations Analyst,Bachelor's,Marketing,Single,Gurugram,Contract,2024-09-10,8,4,0,15,3,18000,5,1,3,No,Travel_Frequently,19,5,278,88,3.0,Recruitment Agency,27,No
EMP12792,54,Female,Engineering,Engineering Manager,Bachelor's,Business,Single,Bengaluru,Full-Time,2021-12-01,10,1,3,29,4,23700,5,5,4,No,Travel_Rarely,10,2,156,95,4.0,Naukri,18,No
EMP12793,21,Female,Marketing,Marketing Manager,Master's,Finance,Married,Ahmedabad,Full-Time,2025-02-24,0,0,2,0,1,18000,2,2,3,No,Travel_Rarely,5,6,240,60,2.3,Company Website,24,Yes
EMP12794,29,Male,HR,HR Executive,Master's,Business,Divorced,Ahmedabad,Full-Time,2023-02-23,7,7,1,7,3,35400,5,3,5,No,Travel_Rarely,29,5,245,75,3.7,Naukri,25,No
EMP12795,40,Male,Sales,Sales Executive,Bachelor's,Marketing,Married,Kolkata,Full-Time,2016-11-01,11,6,3,19,4,25400,4,2,4,No,Travel_Rarely,24,5,208,70,3.7,Naukri,35,No
EMP12796,39,Male,Marketing,Digital Marketing Specialist,Bachelor's,Other,Married,Gurugram,Full-Time,2020-10-23,6,6,4,16,3,35100,2,1,3,No,Travel_Rarely,30,7,152,37,1.7,LinkedIn,13,No
EMP12797,56,Male,IT,System Administrator,Bachelor's,Business,Divorced,Chennai,Full-Time,2017-09-14,8,3,4,29,3,18000,5,3,4,No,Travel_Rarely,17,7,256,53,4.3,LinkedIn,27,No
EMP12798,60,Male,Marketing,Marketing Executive,Bachelor's,Marketing,Single,Gurugram,Full-Time,2016-02-24,14,2,0,34,5,34600,2,4,4,Yes,Non-Travel,17,2,154,91,2.7,Naukri,34,Yes
EMP12799,24,Male,Engineering,Mechanical Engineer,Diploma,Finance,Married,Ahmedabad,Full-Time,2017-06-07,1,1,1,1,1,18000,4,1,4,No,Travel_Rarely,3,6,268,21,2.3,Naukri,15,No
EMP12800,29,Female,IT,System Administrator,Diploma,Marketing,Married,Gurugram,Part-Time,2022-10-17,7,1,5,7,3,18000,2,3,3,No,Travel_Rarely,16,4,192,92,3.3,Naukri,24,No
EMP12801,42,Female,Operations,Operations Analyst,Master's,Human Resources,Married,Bengaluru,Full-Time,2016-07-08,10,4,3,16,4,29300,4,5,3,No,Travel_Rarely,25,6,214,66,4.0,Naukri,23,No
EMP12802,38,Other,Engineering,Electrical Engineer,Master's,Engineering,Single,Noida,Full-Time,2017-01-23,7,6,6,17,3,18000,3,3,1,No,Travel_Rarely,9,7,248,35,3.3,Employee Referral,9,No
EMP12803,32,Female,Engineering,Engineering Manager,Master's,Computer Science,Married,Gurugram,Full-Time,2023-06-07,6,0,1,6,3,18300,5,5,3,No,Travel_Rarely,17,4,139,34,4.7,Naukri,27,Yes
EMP12804,59,Female,Engineering,Electrical Engineer,Master's,Other,Single,Chennai,Full-Time,2025-04-29,15,3,7,36,5,23100,4,5,3,Yes,Travel_Frequently,20,3,241,24,4.0,Employee Referral,27,Yes
EMP12805,29,Female,Sales,Sales Executive,Bachelor's,Finance,Married,Chennai,Full-Time,2016-12-11,5,1,1,6,2,41800,5,3,3,No,Non-Travel,12,5,258,83,4.0,Naukri,37,No
EMP12806,26,Female,Engineering,Engineering Manager,Bachelor's,Computer Science,Divorced,Noida,Full-Time,2022-05-01,2,2,3,2,1,18000,4,2,5,No,Travel_Rarely,24,3,199,86,3.3,Campus Hiring,24,Yes
EMP12807,39,Female,Operations,Operations Executive,Master's,Finance,Married,Hyderabad,Full-Time,2023-12-29,3,0,0,12,2,38600,1,2,2,No,Non-Travel,2,2,184,89,1.7,LinkedIn,28,No
EMP12808,27,Female,IT,IT Support Specialist,Bachelor's,Finance,Single,Ahmedabad,Full-Time,2024-09-10,6,6,5,7,3,39700,1,5,4,No,Travel_Rarely,20,1,227,62,3.7,LinkedIn,37,No
EMP12809,36,Male,Sales,Sales Manager,Master's,Finance,Divorced,Ahmedabad,Full-Time,2020-08-25,2,2,0,10,1,18000,1,1,3,Yes,Travel_Rarely,16,7,215,74,2.3,Employee Referral,18,Yes
EMP12810,25,Female,Operations,Operations Analyst,Diploma,Human Resources,Married,Kolkata,Part-Time,2016-05-20,2,0,6,2,1,18000,4,3,1,Yes,Travel_Rarely,23,4,263,63,3.3,Recruitment Agency,13,Yes
EMP12811,36,Male,HR,HR Analyst,Master's,Finance,Single,Bengaluru,Full-Time,2023-08-28,1,1,0,11,1,20900,5,1,3,No,Travel_Rarely,23,2,234,96,3.0,LinkedIn,25,Yes
EMP12812,21,Female,Marketing,Marketing Executive,Bachelor's,Marketing,Married,Noida,Full-Time,2023-02-16,0,0,2,0,1,18000,1,2,3,No,Travel_Frequently,21,4,153,87,2.7,LinkedIn,22,Yes
EMP12813,57,Female,Operations,Operations Manager,Master's,Engineering,Single,Kolkata,Full-Time,2016-08-26,10,1,1,32,4,25700,5,1,5,No,Travel_Rarely,23,3,214,48,3.3,Recruitment Agency,23,No
EMP12814,59,Male,IT,Software Engineer,Master's,Marketing,Single,Gurugram,Full-Time,2019-12-24,1,1,2,37,1,27300,4,4,3,No,Travel_Frequently,6,1,232,60,3.7,LinkedIn,20,No
EMP12815,39,Female,Marketing,Digital Marketing Specialist,Bachelor's,Marketing,Married,Noida,Full-Time,2019-01-26,8,2,0,13,3,18000,5,4,3,No,Travel_Rarely,2,7,262,29,3.7,Naukri,16,No
EMP12816,57,Male,Operations,Operations Analyst,Bachelor's,Human Resources,Married,Pune,Full-Time,2021-03-25,4,4,5,33,2,18000,5,2,2,No,Travel_Rarely,9,6,264,73,4.0,Recruitment Agency,32,Yes
EMP12817,37,Male,Sales,Sales Executive,Master's,Other,Single,Mumbai,Full-Time,2023-11-23,10,7,3,16,4,18000,1,1,3,No,Travel_Rarely,5,5,260,98,2.0,Campus Hiring,24,No
EMP12818,46,Male,IT,IT Support Specialist,Master's,Engineering,Single,Mumbai,Contract,2025-09-02,7,4,1,22,3,24300,2,3,1,No,Travel_Rarely,18,6,270,20,2.3,Naukri,44,Yes
EMP12819,42,Male,IT,Data Analyst,Diploma,Other,Married,Hyderabad,Full-Time,2018-08-27,2,2,3,22,1,32600,3,2,3,No,Travel_Rarely,22,4,205,99,3.3,Recruitment Agency,15,No
EMP12820,28,Female,Finance,Finance Manager,Master's,Human Resources,Married,Pune,Full-Time,2023-02-25,5,2,4,5,2,18000,4,4,3,No,Non-Travel,26,5,263,61,4.3,Company Website,42,Yes
EMP12821,53,Male,Engineering,Electrical Engineer,Bachelor's,Finance,Married,Hyderabad,Full-Time,2023-04-22,14,0,1,26,5,32500,4,2,2,Yes,Non-Travel,21,7,227,94,3.3,LinkedIn,27,Yes
EMP12822,22,Male,HR,HR Analyst,Bachelor's,Engineering,Married,Mumbai,Full-Time,2022-04-23,1,0,3,1,1,18000,4,1,3,No,Travel_Rarely,18,3,176,63,2.7,Employee Referral,24,No
EMP12823,50,Male,Marketing,Marketing Manager,Bachelor's,Computer Science,Single,Hyderabad,Full-Time,2018-10-31,7,1,0,28,3,30400,3,1,4,No,Non-Travel,29,4,184,78,2.0,Company Website,14,No
EMP12824,40,Male,HR,HR Analyst,Master's,Engineering,Married,Pune,Full-Time,2016-06-26,13,7,2,13,5,19400,2,1,3,No,Travel_Rarely,10,6,178,16,1.7,Company Website,18,No
EMP12825,38,Male,Finance,Financial Analyst,Bachelor's,Marketing,Married,Hyderabad,Full-Time,2025-06-26,6,0,3,12,3,18100,5,5,3,Yes,Travel_Rarely,10,3,132,21,4.0,Recruitment Agency,35,No
EMP12826,30,Female,Engineering,Engineering Manager,Bachelor's,Finance,Married,Chennai,Full-Time,2025-03-19,10,4,6,10,4,36800,4,1,3,Yes,Non-Travel,23,5,151,11,3.3,LinkedIn,5,Yes
EMP12827,44,Male,Operations,Operations Manager,Bachelor's,Marketing,Married,Ahmedabad,Full-Time,2018-09-09,4,4,5,24,2,49200,5,4,4,No,Travel_Rarely,10,3,164,30,4.3,Employee Referral,8,No
EMP12828,24,Female,IT,System Administrator,Bachelor's,Computer Science,Married,Noida,Full-Time,2022-09-10,0,0,7,0,1,18000,1,4,4,No,Travel_Rarely,29,7,157,78,3.0,Company Website,9,No
EMP12829,57,Female,Sales,Sales Manager,Bachelor's,Human Resources,Married,Pune,Full-Time,2025-06-22,10,1,4,37,4,28800,1,5,4,No,Travel_Rarely,18,7,269,100,3.7,Naukri,35,Yes
EMP12830,24,Male,IT,System Administrator,Master's,Human Resources,Married,Kolkata,Contract,2023-01-28,3,3,0,3,2,23900,1,4,3,No,Travel_Rarely,16,7,258,85,2.3,Employee Referral,30,No
EMP12831,33,Other,Sales,Sales Manager,Bachelor's,Finance,Single,Hyderabad,Full-Time,2017-09-29,0,0,6,9,1,29600,4,4,2,Yes,Non-Travel,23,7,229,45,3.3,Employee Referral,15,No
EMP12832,45,Female,Operations,Operations Executive,Bachelor's,Business,Single,Ahmedabad,Full-Time,2022-05-02,4,2,4,18,2,18000,3,2,3,No,Travel_Rarely,30,7,246,30,3.0,Campus Hiring,20,No
EMP12833,33,Male,IT,System Administrator,Diploma,Human Resources,Single,Mumbai,Full-Time,2019-03-02,11,5,5,13,4,18000,4,1,4,No,Travel_Rarely,6,3,152,62,2.7,Campus Hiring,25,No
EMP12834,38,Other,HR,HR Manager,Bachelor's,Marketing,Married,Ahmedabad,Full-Time,2025-03-03,8,8,5,12,3,18000,1,2,2,No,Travel_Rarely,12,3,230,28,2.7,Company Website,33,No
EMP12835,44,Female,Finance,Finance Manager,Bachelor's,Marketing,Single,Gurugram,Full-Time,2020-04-26,9,1,2,17,4,24200,1,2,3,No,Travel_Rarely,28,2,157,12,2.0,Naukri,15,No
EMP12836,22,Female,Engineering,Engineering Manager,Bachelor's,Engineering,Divorced,Hyderabad,Full-Time,2024-04-20,0,0,7,0,1,18000,4,4,4,Yes,Travel_Rarely,4,2,242,69,3.3,Company Website,25,No
EMP12837,53,Female,Engineering,Mechanical Engineer,Bachelor's,Finance,Married,Hyderabad,Full-Time,2019-01-29,12,3,4,27,5,19000,3,3,3,No,Travel_Rarely,20,4,246,90,3.7,Naukri,21,No
EMP12838,39,Female,IT,System Administrator,Master's,Human Resources,Married,Bengaluru,Full-Time,2022-09-17,8,1,5,14,3,32000,3,1,3,No,Non-Travel,16,3,254,82,3.0,Naukri,23,No
EMP12839,29,Other,Operations,Operations Analyst,Bachelor's,Other,Married,Kolkata,Full-Time,2019-07-31,8,2,3,8,3,55400,5,3,3,Yes,Travel_Rarely,28,6,183,43,3.7,Company Website,16,No
EMP12840,48,Male,Finance,Financial Analyst,Bachelor's,Human Resources,Married,Hyderabad,Full-Time,2025-03-02,1,1,5,26,1,31000,2,4,2,No,Travel_Rarely,22,3,185,38,3.7,Employee Referral,26,Yes
EMP12841,55,Male,Finance,Accountant,Bachelor's,Human Resources,Divorced,Mumbai,Full-Time,2016-05-18,3,3,5,33,2,32400,1,5,3,No,Travel_Rarely,25,7,139,83,3.3,Company Website,17,No
EMP12842,59,Male,Operations,Process Associate,Bachelor's,Other,Married,Delhi,Full-Time,2025-01-05,8,7,7,35,3,20300,3,2,2,No,Travel_Rarely,26,3,262,66,2.7,Recruitment Agency,25,No
EMP12843,30,Male,Engineering,Project Engineer,Master's,Human Resources,Single,Delhi,Full-Time,2016-03-09,3,3,3,7,2,18000,1,4,4,No,Non-Travel,22,2,271,82,3.0,Naukri,38,No
EMP12844,21,Male,Engineering,Electrical Engineer,Bachelor's,Other,Married,Gurugram,Full-Time,2023-10-23,0,0,0,0,1,19000,2,4,4,Yes,Travel_Rarely,22,5,157,49,2.7,Naukri,33,Yes
EMP12845,41,Male,Marketing,Marketing Manager,Bachelor's,Marketing,Married,Delhi,Part-Time,2022-02-02,10,3,2,20,4,21500,1,3,3,No,Travel_Rarely,11,3,150,59,2.3,Employee Referral,37,No
EMP12846,29,Male,Finance,Accountant,Bachelor's,Computer Science,Single,Pune,Full-Time,2025-06-06,7,7,2,8,3,18000,3,5,3,No,Non-Travel,1,7,205,84,4.3,Employee Referral,27,No
EMP12847,35,Male,Operations,Process Associate,Master's,Finance,Divorced,Gurugram,Full-Time,2017-06-28,11,7,1,11,4,31800,5,2,3,No,Travel_Rarely,5,1,149,28,3.3,LinkedIn,34,No
EMP12848,55,Female,HR,HR Manager,Master's,Finance,Married,Noida,Full-Time,2022-06-06,0,0,6,32,1,43600,4,5,3,No,Travel_Rarely,17,4,244,31,4.3,Naukri,8,No
EMP12849,25,Female,Marketing,Marketing Manager,Bachelor's,Other,Married,Noida,Full-Time,2019-06-05,0,0,1,0,1,23300,4,5,1,Yes,Travel_Frequently,11,2,225,60,4.3,Naukri,9,No
EMP12850,42,Male,Finance,Finance Executive,Bachelor's,Engineering,Single,Gurugram,Full-Time,2020-07-29,8,0,3,18,3,35900,3,5,3,No,Travel_Rarely,14,5,180,58,3.3,Campus Hiring,15,No
EMP12851,43,Male,Marketing,Digital Marketing Specialist,Bachelor's,Marketing,Single,Bengaluru,Full-Time,2019-10-27,8,8,5,22,3,37900,3,1,4,No,Travel_Rarely,9,7,231,61,3.0,Campus Hiring,16,No
EMP12852,27,Male,HR,HR Executive,Master's,Marketing,Divorced,Pune,Full-Time,2018-10-11,3,3,4,4,2,18000,2,5,5,No,Travel_Frequently,10,1,169,31,4.0,Naukri,33,Yes
EMP12853,43,Male,IT,Software Engineer,Bachelor's,Business,Single,Mumbai,Full-Time,2017-10-07,12,7,5,22,5,18000,1,4,3,No,Travel_Rarely,4,3,214,71,2.3,LinkedIn,10,No
EMP12854,45,Male,Engineering,Mechanical Engineer,Master's,Business,Single,Pune,Full-Time,2022-09-12,15,4,5,22,5,18000,2,1,3,Yes,Travel_Rarely,2,6,210,69,2.3,Naukri,12,Yes
EMP12855,47,Female,IT,Software Engineer,Bachelor's,Finance,Single,Pune,Full-Time,2024-10-19,1,1,4,24,1,23000,4,1,3,No,Travel_Rarely,25,6,244,89,3.3,LinkedIn,23,No
EMP12856,26,Female,Sales,Business Development Executive,Master's,Marketing,Married,Mumbai,Contract,2018-01-26,0,0,0,0,1,18000,1,5,3,No,Travel_Rarely,6,2,237,90,3.7,Naukri,25,No
EMP12857,54,Male,HR,Recruiter,Bachelor's,Human Resources,Single,Ahmedabad,Part-Time,2021-07-24,12,4,2,30,5,41800,2,4,3,No,Travel_Rarely,30,3,131,16,3.3,Naukri,32,No
EMP12858,29,Male,IT,Data Analyst,Bachelor's,Other,Married,Chennai,Full-Time,2024-10-13,5,3,7,5,2,52900,4,2,4,Yes,Travel_Rarely,27,4,143,62,2.7,Company Website,22,No
EMP12859,53,Female,IT,IT Support Specialist,Bachelor's,Engineering,Single,Delhi,Full-Time,2023-03-05,13,0,3,29,5,23900,1,5,4,Yes,Travel_Rarely,29,2,143,40,3.3,Naukri,22,No
EMP12860,26,Female,IT,Data Analyst,Bachelor's,Marketing,Married,Gurugram,Full-Time,2021-10-04,3,3,4,3,2,18000,5,1,3,No,Travel_Rarely,26,1,173,13,3.7,Company Website,32,No
EMP12861,57,Male,Engineering,Electrical Engineer,Bachelor's,Engineering,Single,Delhi,Full-Time,2020-07-26,5,3,7,34,2,27400,5,2,3,Yes,Travel_Rarely,3,6,169,16,3.3,Naukri,16,No
EMP12862,51,Male,HR,Recruiter,Diploma,Business,Married,Bengaluru,Full-Time,2022-08-26,11,2,1,30,4,18000,2,2,5,No,Travel_Rarely,13,7,163,12,2.0,Campus Hiring,25,Yes
EMP12863,54,Female,Engineering,Project Engineer,Diploma,Human Resources,Married,Delhi,Full-Time,2021-04-29,0,0,3,32,1,36800,3,1,4,No,Travel_Frequently,12,5,194,34,2.3,Recruitment Agency,29,Yes
EMP12864,49,Male,Marketing,Marketing Executive,Bachelor's,Computer Science,Married,Mumbai,Full-Time,2017-04-15,11,0,0,25,4,19800,1,2,3,No,Travel_Rarely,18,5,147,43,2.3,Naukri,21,Yes
EMP12865,34,Male,Sales,Sales Representative,Bachelor's,Human Resources,Married,Noida,Full-Time,2019-05-16,7,4,3,7,3,30600,2,4,3,Yes,Travel_Rarely,6,4,241,42,2.7,LinkedIn,32,No
EMP12866,56,Male,Marketing,Content Strategist,Bachelor's,Marketing,Married,Noida,Full-Time,2023-05-06,4,4,4,31,2,33100,3,4,4,No,Travel_Rarely,10,5,163,97,3.0,Naukri,16,No
EMP12867,56,Female,Sales,Sales Manager,Master's,Human Resources,Married,Pune,Contract,2023-08-22,14,1,6,35,5,28100,3,5,3,No,Travel_Rarely,6,5,216,47,3.3,LinkedIn,38,No
EMP12868,35,Male,Operations,Process Associate,Diploma,Human Resources,Married,Pune,Full-Time,2016-02-04,2,2,0,14,1,49200,1,5,3,No,Travel_Frequently,30,7,209,13,3.3,Naukri,21,Yes
EMP12869,28,Female,HR,HR Analyst,Bachelor's,Business,Single,Noida,Contract,2025-02-19,3,3,5,8,2,23900,1,2,3,No,Travel_Rarely,28,4,253,57,1.7,Employee Referral,20,No
EMP12870,46,Male,Finance,Financial Analyst,Bachelor's,Computer Science,Single,Ahmedabad,Full-Time,2018-09-02,0,0,1,22,1,18000,3,1,4,No,Travel_Rarely,28,6,191,83,2.0,Company Website,11,No
EMP12871,56,Male,Engineering,Electrical Engineer,Bachelor's,Computer Science,Married,Ahmedabad,Full-Time,2016-01-21,13,7,1,30,5,18000,4,4,3,No,Travel_Rarely,25,1,257,98,4.3,Naukri,14,No
EMP12872,41,Male,Engineering,Project Engineer,Bachelor's,Business,Married,Pune,Full-Time,2019-03-09,8,7,4,20,3,18000,2,3,3,Yes,Travel_Rarely,5,2,199,70,2.3,Employee Referral,17,No
EMP12873,48,Female,Engineering,Mechanical Engineer,Bachelor's,Business,Single,Gurugram,Full-Time,2022-05-01,13,0,0,28,5,29500,1,5,4,No,Non-Travel,27,6,177,74,3.7,LinkedIn,14,No
EMP12874,24,Female,Sales,Sales Manager,Master's,Business,Divorced,Bengaluru,Full-Time,2025-07-03,0,0,1,0,1,20300,3,4,4,No,Travel_Rarely,15,2,209,90,3.0,Naukri,13,No
EMP12875,36,Female,Operations,Operations Manager,Master's,Engineering,Single,Mumbai,Full-Time,2017-04-01,3,0,7,9,2,18000,4,2,4,No,Travel_Rarely,15,4,168,80,3.3,Employee Referral,24,No
EMP12876,42,Male,Sales,Sales Manager,Master's,Finance,Married,Ahmedabad,Contract,2024-09-26,1,1,0,17,1,18000,5,4,2,No,Travel_Frequently,12,6,199,87,3.7,LinkedIn,29,No
EMP12877,32,Female,Sales,Sales Manager,Diploma,Other,Married,Hyderabad,Full-Time,2024-03-16,6,3,3,6,3,30700,3,4,3,Yes,Travel_Rarely,9,3,209,70,3.0,Employee Referral,27,Yes
EMP12878,36,Female,HR,HR Analyst,Master's,Finance,Divorced,Noida,Full-Time,2017-01-17,8,7,6,12,3,18000,4,2,3,No,Travel_Rarely,13,4,138,10,3.3,Recruitment Agency,5,Yes
EMP12879,60,Male,Marketing,Marketing Executive,Bachelor's,Finance,Married,Kolkata,Full-Time,2023-01-26,3,0,2,37,2,45900,5,5,3,No,Travel_Rarely,16,4,158,15,4.0,Campus Hiring,15,No
EMP12880,58,Male,IT,Data Analyst,Bachelor's,Human Resources,Married,Bengaluru,Full-Time,2018-11-28,8,2,2,38,3,63400,4,5,4,No,Travel_Frequently,21,4,247,83,4.0,LinkedIn,34,No
EMP12881,57,Male,Finance,Accountant,Bachelor's,Engineering,Single,Bengaluru,Full-Time,2024-04-19,9,0,2,34,4,18000,1,3,4,No,Travel_Rarely,2,4,191,30,2.0,Company Website,12,No
EMP12882,49,Male,Engineering,Electrical Engineer,Bachelor's,Business,Single,Noida,Contract,2024-06-20,2,2,1,24,1,29800,3,3,3,No,Travel_Rarely,17,5,271,76,2.7,Naukri,23,Yes
EMP12883,38,Female,HR,Recruiter,Master's,Finance,Divorced,Delhi,Full-Time,2020-05-09,6,6,4,13,3,26800,5,5,2,No,Travel_Rarely,9,5,172,92,5.0,Recruitment Agency,14,No
EMP12884,30,Male,IT,Software Engineer,Bachelor's,Engineering,Single,Noida,Full-Time,2021-02-08,6,6,2,8,3,18000,4,5,1,No,Travel_Rarely,26,6,217,37,4.7,Recruitment Agency,36,No
EMP12885,59,Male,IT,System Administrator,Diploma,Engineering,Single,Mumbai,Full-Time,2016-02-16,9,7,5,37,4,18000,5,5,3,No,Travel_Rarely,23,1,137,75,4.3,LinkedIn,17,No
EMP12886,38,Female,Engineering,Engineering Manager,PhD,Business,Married,Ahmedabad,Full-Time,2018-01-15,11,0,6,11,4,20800,2,5,2,No,Travel_Rarely,19,4,154,36,3.7,Recruitment Agency,30,No
EMP12887,21,Male,Sales,Sales Executive,Bachelor's,Computer Science,Single,Delhi,Full-Time,2017-06-22,0,0,4,0,1,18000,3,4,3,No,Travel_Frequently,28,2,261,41,3.0,LinkedIn,17,No
EMP12888,59,Male,Sales,Sales Executive,Bachelor's,Engineering,Single,Ahmedabad,Part-Time,2019-11-08,1,1,6,37,1,36000,1,3,3,No,Travel_Rarely,6,3,144,21,3.0,Naukri,5,No
EMP12889,41,Male,Engineering,Project Engineer,Diploma,Marketing,Single,Kolkata,Part-Time,2025-09-23,10,0,2,19,4,19700,5,2,4,Yes,Travel_Rarely,26,5,145,74,3.3,Naukri,28,No
EMP12890,21,Male,Engineering,Project Engineer,Bachelor's,Engineering,Single,Delhi,Full-Time,2018-12-07,0,0,7,0,1,18000,4,1,3,Yes,Travel_Rarely,4,2,183,55,3.0,Naukri,7,No
EMP12891,35,Female,Finance,Finance Executive,Master's,Computer Science,Divorced,Gurugram,Full-Time,2017-11-09,3,3,3,14,2,21200,5,2,3,No,Travel_Rarely,30,5,256,49,4.0,Campus Hiring,16,No
EMP12892,24,Male,Operations,Operations Analyst,Master's,Computer Science,Single,Ahmedabad,Full-Time,2018-09-10,2,0,7,2,1,27200,4,1,4,No,Travel_Frequently,25,6,140,18,3.0,Naukri,41,No
EMP12893,40,Male,Operations,Operations Manager,Bachelor's,Human Resources,Married,Noida,Full-Time,2021-08-05,13,1,7,19,5,18000,5,4,3,No,Travel_Rarely,15,1,157,91,4.0,Campus Hiring,52,No
EMP12894,30,Male,Marketing,Marketing Manager,Bachelor's,Marketing,Single,Ahmedabad,Full-Time,2020-12-11,1,1,6,9,1,18000,1,3,2,Yes,Travel_Rarely,18,3,136,71,2.7,Recruitment Agency,24,Yes
EMP12895,43,Male,IT,Data Analyst,Master's,Finance,Married,Kolkata,Contract,2024-08-18,7,3,2,19,3,23300,1,1,2,No,Non-Travel,30,5,243,25,2.0,Campus Hiring,16,Yes
EMP12896,54,Male,Engineering,Project Engineer,Master's,Engineering,Single,Pune,Part-Time,2020-07-11,15,2,7,33,5,18000,3,5,4,No,Travel_Rarely,27,3,257,77,3.7,Naukri,24,No
EMP12897,53,Female,Sales,Sales Representative,Master's,Business,Married,Bengaluru,Full-Time,2016-02-14,10,2,4,32,4,18000,1,4,4,No,Travel_Rarely,12,3,167,49,3.0,Employee Referral,12,No
EMP12898,54,Male,HR,HR Manager,Bachelor's,Human Resources,Married,Delhi,Full-Time,2016-10-01,15,4,1,32,5,27200,5,1,4,No,Travel_Rarely,12,6,197,44,3.0,Company Website,20,No
EMP12899,59,Female,Sales,Sales Manager,Master's,Business,Single,Mumbai,Full-Time,2024-04-20,9,2,6,38,4,18000,5,5,2,No,Travel_Frequently,20,2,166,92,4.7,Campus Hiring,38,No
EMP12900,30,Female,IT,System Administrator,Bachelor's,Marketing,Married,Chennai,Full-Time,2025-04-05,4,4,7,7,2,20700,1,4,4,No,Travel_Frequently,17,5,249,69,3.3,LinkedIn,26,Yes
EMP12901,40,Female,IT,System Administrator,Bachelor's,Computer Science,Single,Gurugram,Full-Time,2016-08-19,6,4,5,14,3,42400,2,1,3,No,Non-Travel,7,3,164,79,2.7,Employee Referral,11,No
EMP12902,21,Female,Operations,Process Associate,Master's,Finance,Single,Kolkata,Full-Time,2016-03-26,0,0,7,0,1,18800,5,5,3,No,Travel_Rarely,30,6,263,100,5.0,Employee Referral,28,No
EMP12903,33,Female,IT,IT Support Specialist,Bachelor's,Engineering,Single,Gurugram,Full-Time,2024-09-11,7,2,3,7,3,54700,3,3,5,No,Travel_Rarely,20,4,239,12,3.7,Employee Referral,9,No
EMP12904,21,Male,Sales,Sales Executive,Bachelor's,Other,Single,Mumbai,Full-Time,2020-11-13,1,1,4,1,1,30700,2,4,3,No,Travel_Rarely,5,7,245,62,3.0,Recruitment Agency,7,No
EMP12905,25,Male,Sales,Sales Manager,Bachelor's,Engineering,Married,Delhi,Full-Time,2016-06-25,2,1,0,3,1,18000,1,1,4,No,Travel_Rarely,12,3,239,68,2.0,LinkedIn,31,Yes
EMP12906,36,Male,IT,System Administrator,Diploma,Other,Single,Ahmedabad,Full-Time,2020-11-04,9,0,2,15,4,18000,4,5,4,No,Travel_Rarely,17,3,231,45,4.0,Naukri,17,No
EMP12907,35,Female,Engineering,Project Engineer,Bachelor's,Engineering,Single,Hyderabad,Full-Time,2020-06-01,3,2,3,12,2,18000,5,3,3,Yes,Non-Travel,2,5,228,75,3.3,Company Website,38,Yes
EMP12908,48,Male,HR,HR Manager,Bachelor's,Business,Single,Pune,Part-Time,2023-05-09,9,1,1,22,4,29300,4,5,3,Yes,Non-Travel,28,7,271,46,4.3,Naukri,15,No
EMP12909,51,Male,Finance,Financial Analyst,Bachelor's,Finance,Divorced,Ahmedabad,Full-Time,2024-12-04,3,0,6,29,2,40000,3,3,3,Yes,Travel_Rarely,4,4,276,88,3.0,Naukri,35,No
EMP12910,43,Male,Finance,Accountant,Master's,Marketing,Single,Chennai,Full-Time,2024-07-28,14,0,0,20,5,18700,2,1,4,No,Travel_Rarely,2,3,268,96,2.3,LinkedIn,39,Yes
EMP12911,37,Male,HR,HR Executive,Bachelor's,Business,Married,Hyderabad,Full-Time,2025-01-04,11,1,6,11,4,18000,4,5,3,Yes,Travel_Rarely,14,5,200,53,4.3,Campus Hiring,25,Yes
EMP12912,54,Female,IT,Software Engineer,Master's,Computer Science,Married,Pune,Full-Time,2017-08-10,12,8,2,34,5,25900,3,5,4,No,Travel_Rarely,14,5,217,73,3.3,Recruitment Agency,21,No
EMP12913,33,Male,Operations,Operations Analyst,Bachelor's,Finance,Married,Gurugram,Full-Time,2017-08-25,8,4,3,8,3,18000,4,2,1,No,Non-Travel,13,6,217,60,3.7,LinkedIn,19,Yes
EMP12914,34,Female,Engineering,Project Engineer,Bachelor's,Human Resources,Married,Ahmedabad,Full-Time,2024-09-22,4,4,5,7,2,18000,4,4,3,No,Travel_Rarely,17,7,207,15,4.0,LinkedIn,19,No
EMP12915,31,Female,HR,Recruiter,Bachelor's,Computer Science,Single,Bengaluru,Full-Time,2025-09-11,4,4,4,4,2,25300,3,5,3,No,Travel_Rarely,26,3,140,78,4.0,Naukri,10,No
EMP12916,48,Male,Operations,Operations Manager,Master's,Engineering,Single,Delhi,Full-Time,2024-11-12,5,5,6,28,2,38300,5,3,3,No,Travel_Rarely,17,1,256,30,3.3,Company Website,30,No
EMP12917,52,Male,Operations,Operations Manager,Bachelor's,Human Resources,Single,Kolkata,Full-Time,2023-05-09,15,0,2,27,5,30700,4,4,4,No,Travel_Frequently,22,1,208,66,3.7,Campus Hiring,29,No
EMP12918,55,Male,Engineering,Engineering Manager,Bachelor's,Other,Single,Kolkata,Full-Time,2025-08-17,14,4,3,31,5,26700,3,1,2,Yes,Travel_Rarely,18,2,203,37,3.0,LinkedIn,22,No
EMP12919,51,Female,Sales,Business Development Executive,Bachelor's,Business,Single,Mumbai,Full-Time,2019-06-10,2,0,2,26,1,20500,4,4,3,No,Travel_Rarely,3,1,146,94,3.7,Employee Referral,24,Yes
EMP12920,37,Female,Finance,Accountant,Bachelor's,Finance,Married,Bengaluru,Full-Time,2021-12-01,12,6,5,13,5,18000,5,2,3,No,Non-Travel,21,1,267,33,3.3,LinkedIn,20,Yes
EMP12921,29,Male,Finance,Financial Analyst,Bachelor's,Human Resources,Single,Gurugram,Full-Time,2024-05-04,3,3,3,7,2,25800,3,1,3,No,Travel_Rarely,16,5,135,84,2.3,Recruitment Agency,13,No
EMP12922,30,Male,Operations,Operations Analyst,Master's,Business,Single,Bengaluru,Full-Time,2020-03-11,2,2,4,6,1,30400,4,5,3,No,Travel_Rarely,19,5,277,72,4.7,Recruitment Agency,12,No
EMP12923,28,Female,Engineering,Project Engineer,Master's,Finance,Single,Bengaluru,Full-Time,2023-04-13,1,1,2,1,1,18000,1,1,4,No,Travel_Rarely,6,6,130,31,1.7,Recruitment Agency,19,Yes
EMP12924,41,Male,IT,System Administrator,Bachelor's,Engineering,Single,Chennai,Full-Time,2022-01-07,9,1,6,14,4,18700,5,1,3,No,Travel_Rarely,23,7,193,43,3.0,LinkedIn,20,No
EMP12925,33,Female,Finance,Accountant,Bachelor's,Finance,Single,Chennai,Full-Time,2017-08-06,10,4,3,10,4,36300,4,2,3,No,Travel_Rarely,26,3,130,46,3.7,Company Website,34,No
EMP12926,25,Female,Engineering,Electrical Engineer,Bachelor's,Engineering,Single,Noida,Full-Time,2024-04-23,1,1,6,1,1,18500,2,3,3,No,Travel_Rarely,6,7,230,50,3.3,LinkedIn,30,No
EMP12927,26,Female,Engineering,Engineering Manager,Diploma,Business,Married,Ahmedabad,Part-Time,2022-08-14,3,3,0,3,2,19500,3,1,3,No,Travel_Rarely,18,7,130,90,2.0,Employee Referral,38,No
EMP12928,50,Male,Engineering,Engineering Manager,Master's,Business,Divorced,Hyderabad,Contract,2025-05-13,0,0,1,23,1,21200,4,3,3,No,Non-Travel,9,3,238,88,3.3,Naukri,30,No
EMP12929,51,Male,Operations,Process Associate,Master's,Human Resources,Married,Pune,Full-Time,2024-04-10,15,3,5,25,5,29700,5,4,3,No,Travel_Rarely,18,5,189,52,3.7,Employee Referral,10,Yes
EMP12930,37,Male,Finance,Finance Executive,Master's,Business,Married,Ahmedabad,Full-Time,2019-04-05,1,1,3,11,1,25100,5,2,2,No,Travel_Rarely,6,3,172,31,3.7,Employee Referral,11,No
EMP12931,31,Other,Marketing,Marketing Manager,PhD,Engineering,Married,Bengaluru,Full-Time,2021-10-20,6,6,6,6,3,24300,2,5,2,Yes,Travel_Rarely,9,5,167,100,3.0,Company Website,14,Yes
EMP12932,40,Male,Operations,Operations Executive,PhD,Computer Science,Married,Mumbai,Part-Time,2018-05-09,14,1,7,15,5,43600,2,1,3,Yes,Travel_Rarely,25,7,236,24,1.7,Campus Hiring,21,No
EMP12933,29,Male,IT,Data Analyst,Bachelor's,Computer Science,Married,Bengaluru,Part-Time,2022-07-28,4,4,7,4,2,18300,4,3,4,No,Non-Travel,18,7,131,30,3.0,Company Website,17,No
EMP12934,22,Female,Sales,Business Development Executive,Bachelor's,Finance,Divorced,Bengaluru,Full-Time,2018-10-31,0,0,3,0,1,18000,1,1,1,Yes,Non-Travel,25,1,211,61,1.3,Naukri,30,No
EMP12935,57,Female,Operations,Process Associate,Bachelor's,Business,Married,Mumbai,Full-Time,2018-03-20,0,0,3,32,1,34900,5,2,3,No,Travel_Frequently,16,3,269,13,3.3,Employee Referral,35,Yes
EMP12936,21,Male,IT,IT Support Specialist,Bachelor's,Human Resources,Married,Delhi,Full-Time,2023-08-20,0,0,7,0,1,24400,1,5,3,Yes,Travel_Rarely,24,1,280,56,3.3,Recruitment Agency,13,Yes
EMP12937,24,Female,Operations,Operations Manager,Bachelor's,Computer Science,Single,Bengaluru,Full-Time,2017-09-29,0,0,2,0,1,18000,1,4,5,No,Travel_Rarely,30,2,240,27,3.0,Employee Referral,9,No
EMP12938,56,Male,Marketing,Digital Marketing Specialist,Bachelor's,Marketing,Married,Delhi,Full-Time,2016-06-01,5,0,5,35,2,18700,4,4,4,Yes,Travel_Rarely,23,6,138,80,4.3,Employee Referral,39,No
EMP12939,45,Female,Engineering,Mechanical Engineer,Diploma,Business,Married,Gurugram,Full-Time,2019-03-31,4,4,1,24,2,18000,3,3,3,Yes,Travel_Frequently,13,6,265,89,3.3,Recruitment Agency,26,No
EMP12940,23,Male,IT,Data Analyst,Master's,Human Resources,Married,Pune,Full-Time,2020-12-18,0,0,5,0,1,24400,3,4,3,Yes,Travel_Rarely,11,7,209,44,3.0,Company Website,19,No
EMP12941,29,Male,HR,HR Manager,Master's,Marketing,Married,Chennai,Contract,2022-08-30,3,3,2,3,2,18000,3,3,4,No,Travel_Frequently,8,7,191,85,3.7,Recruitment Agency,38,No
EMP12942,42,Male,Marketing,Marketing Executive,Bachelor's,Other,Single,Ahmedabad,Contract,2023-07-01,12,6,6,19,5,29900,2,5,3,No,Travel_Rarely,26,3,152,16,3.0,LinkedIn,35,No
EMP12943,43,Female,HR,HR Executive,Bachelor's,Human Resources,Married,Noida,Full-Time,2024-10-20,0,0,3,16,1,18000,5,1,5,No,Travel_Rarely,24,7,222,50,3.0,Company Website,19,No
EMP12944,32,Male,Operations,Operations Executive,Master's,Computer Science,Single,Noida,Part-Time,2016-05-18,5,1,5,5,2,18000,2,2,3,No,Travel_Rarely,17,5,188,19,2.3,Naukri,32,No
EMP12945,30,Male,Operations,Operations Executive,Bachelor's,Engineering,Married,Hyderabad,Contract,2022-03-03,6,3,3,8,3,36100,5,5,2,No,Travel_Rarely,9,6,139,71,4.7,Company Website,34,No
EMP12946,54,Female,IT,Data Analyst,Bachelor's,Marketing,Single,Chennai,Full-Time,2021-11-13,8,1,1,34,3,60800,5,5,3,No,Travel_Rarely,6,5,269,74,4.0,LinkedIn,32,No
EMP12947,30,Female,Sales,Sales Manager,Master's,Human Resources,Single,Gurugram,Full-Time,2017-12-26,5,3,0,9,2,26800,5,4,3,No,Travel_Rarely,1,6,254,21,3.7,Naukri,35,No
EMP12948,50,Female,Sales,Sales Manager,Master's,Marketing,Married,Chennai,Contract,2020-05-23,15,5,2,26,5,19400,4,4,5,No,Travel_Rarely,1,2,245,100,3.3,Naukri,15,No
EMP12949,42,Male,Finance,Finance Manager,Master's,Business,Married,Noida,Full-Time,2019-10-11,15,5,0,22,5,18000,3,2,4,Yes,Travel_Rarely,13,5,203,37,3.3,Naukri,24,Yes
EMP12950,26,Male,Engineering,Project Engineer,Bachelor's,Other,Single,Bengaluru,Part-Time,2025-09-12,5,1,5,5,2,24800,2,1,3,Yes,Travel_Rarely,7,1,170,67,2.7,LinkedIn,39,Yes
EMP12951,22,Female,Engineering,Project Engineer,Bachelor's,Finance,Married,Kolkata,Full-Time,2022-06-23,0,0,3,0,1,29300,2,5,3,No,Travel_Rarely,10,5,232,65,4.0,Campus Hiring,20,No
EMP12952,50,Other,Operations,Operations Manager,Bachelor's,Engineering,Single,Ahmedabad,Full-Time,2023-01-03,14,3,6,23,5,22100,4,4,4,Yes,Travel_Rarely,18,2,136,27,4.0,Naukri,18,No
EMP12953,22,Male,Operations,Operations Manager,Bachelor's,Business,Single,Mumbai,Full-Time,2016-01-19,0,0,6,0,1,33000,5,5,3,No,Travel_Rarely,6,4,223,74,4.7,Naukri,25,No
EMP12954,52,Female,Sales,Business Development Executive,Master's,Human Resources,Single,Gurugram,Full-Time,2019-12-07,13,1,3,28,5,43500,3,1,3,No,Travel_Frequently,13,4,245,66,2.0,LinkedIn,10,No
EMP12955,36,Male,Engineering,Electrical Engineer,Bachelor's,Business,Married,Gurugram,Full-Time,2021-05-15,3,2,4,14,2,18000,1,3,3,Yes,Travel_Rarely,5,1,234,59,2.0,LinkedIn,27,Yes
EMP12956,32,Female,Operations,Operations Executive,Bachelor's,Other,Single,Mumbai,Full-Time,2022-09-20,5,4,4,5,2,25100,1,1,3,No,Non-Travel,21,4,181,96,2.0,Recruitment Agency,9,Yes
EMP12957,21,Male,Operations,Operations Manager,Master's,Computer Science,Married,Kolkata,Full-Time,2021-01-25,0,0,0,0,1,18000,4,5,4,No,Travel_Rarely,26,7,174,90,4.7,Campus Hiring,35,No
EMP12958,28,Male,Engineering,Electrical Engineer,Master's,Finance,Married,Bengaluru,Part-Time,2024-04-04,7,5,4,7,3,18000,3,5,3,No,Travel_Rarely,15,5,167,54,4.3,Campus Hiring,9,No
EMP12959,33,Female,HR,HR Analyst,Master's,Human Resources,Single,Ahmedabad,Contract,2019-11-26,9,2,6,9,4,30500,1,2,3,No,Travel_Frequently,12,2,210,71,2.7,Naukri,32,No
EMP12960,35,Female,Engineering,Project Engineer,Bachelor's,Finance,Single,Chennai,Part-Time,2018-05-12,11,5,5,15,4,21600,1,5,4,Yes,Travel_Rarely,22,6,214,74,3.7,LinkedIn,17,No
EMP12961,28,Female,IT,Software Engineer,Bachelor's,Engineering,Single,Hyderabad,Full-Time,2016-04-10,0,0,7,2,1,18000,2,4,2,Yes,Non-Travel,30,1,187,64,3.7,LinkedIn,14,No
EMP12962,30,Male,Finance,Financial Analyst,Master's,Engineering,Divorced,Pune,Full-Time,2017-08-15,3,3,1,3,2,35300,3,2,3,No,Non-Travel,11,4,175,47,3.0,Employee Referral,24,Yes
EMP12963,25,Female,Finance,Financial Analyst,Diploma,Finance,Divorced,Bengaluru,Full-Time,2023-07-05,0,0,5,0,1,18000,1,5,4,No,Travel_Rarely,8,5,252,13,3.0,Campus Hiring,27,No
EMP12964,39,Female,Engineering,Project Engineer,PhD,Marketing,Divorced,Ahmedabad,Full-Time,2021-08-27,8,0,0,14,3,32300,2,1,3,Yes,Travel_Rarely,5,6,275,24,2.0,Recruitment Agency,25,No
EMP12965,58,Female,Engineering,Project Engineer,Diploma,Human Resources,Single,Gurugram,Full-Time,2019-03-24,15,2,5,35,5,27700,3,5,3,No,Travel_Rarely,8,6,259,30,3.7,Naukri,27,No
EMP12966,31,Female,Operations,Operations Manager,Bachelor's,Marketing,Single,Ahmedabad,Full-Time,2021-12-16,4,4,4,4,2,18000,5,1,3,No,Travel_Rarely,5,5,233,30,2.7,Naukri,30,Yes
EMP12967,40,Male,Operations,Operations Executive,Bachelor's,Business,Single,Ahmedabad,Full-Time,2024-04-27,2,2,4,14,1,32600,3,1,4,No,Travel_Rarely,10,3,241,60,2.0,LinkedIn,6,Yes
EMP12968,40,Male,Marketing,Marketing Manager,Master's,Human Resources,Married,Gurugram,Full-Time,2021-04-17,8,3,1,19,3,25400,4,5,3,No,Travel_Rarely,15,3,261,95,4.7,Employee Referral,25,No
EMP12969,41,Other,Engineering,Electrical Engineer,Bachelor's,Finance,Divorced,Noida,Full-Time,2019-08-31,1,1,7,18,1,23800,2,1,1,No,Travel_Rarely,6,7,225,87,1.7,Naukri,12,Yes
EMP12970,38,Male,Sales,Business Development Executive,Bachelor's,Business,Married,Noida,Full-Time,2016-12-31,11,8,5,14,4,18000,5,3,2,No,Non-Travel,24,2,212,44,4.0,Company Website,13,No
EMP12971,30,Female,Finance,Finance Executive,Master's,Marketing,Married,Mumbai,Full-Time,2022-11-14,5,1,1,5,2,18000,2,2,4,Yes,Travel_Rarely,18,7,178,13,2.3,Recruitment Agency,14,Yes
EMP12972,54,Female,IT,IT Support Specialist,Master's,Other,Single,Ahmedabad,Full-Time,2019-03-30,8,8,6,27,3,18200,2,5,3,No,Non-Travel,23,7,246,41,3.7,Employee Referral,6,Yes
EMP12973,46,Male,Operations,Process Associate,Master's,Other,Married,Chennai,Part-Time,2021-05-09,5,2,0,24,2,18100,1,3,4,No,Travel_Rarely,3,1,264,21,2.7,LinkedIn,24,No
EMP12974,50,Female,Operations,Operations Manager,Bachelor's,Other,Married,Hyderabad,Full-Time,2020-07-12,9,5,2,27,4,32300,3,1,3,Yes,Travel_Rarely,9,4,138,63,2.7,LinkedIn,8,No
EMP12975,29,Male,Finance,Accountant,Bachelor's,Engineering,Married,Kolkata,Full-Time,2024-03-01,4,3,7,9,2,18000,2,1,3,No,Travel_Frequently,10,4,156,39,2.7,Campus Hiring,28,No
EMP12976,51,Female,IT,IT Support Specialist,Bachelor's,Human Resources,Married,Pune,Full-Time,2025-06-09,11,0,5,30,4,42700,2,2,4,No,Non-Travel,7,5,278,18,3.0,Company Website,38,No
EMP12977,24,Male,Engineering,Electrical Engineer,Master's,Finance,Single,Chennai,Full-Time,2016-11-27,0,0,6,0,1,43800,4,3,1,Yes,Travel_Rarely,19,4,164,28,4.0,Employee Referral,38,No
EMP12978,26,Male,IT,System Administrator,Bachelor's,Computer Science,Married,Noida,Full-Time,2017-11-15,6,5,6,6,3,18000,4,3,3,Yes,Travel_Rarely,24,7,217,89,3.0,LinkedIn,14,No
EMP12979,34,Female,Operations,Process Associate,Bachelor's,Business,Single,Mumbai,Full-Time,2020-08-15,11,7,5,11,4,41400,4,5,3,Yes,Travel_Rarely,26,2,222,39,4.7,Campus Hiring,13,No
EMP12980,24,Female,Engineering,Project Engineer,Master's,Human Resources,Married,Delhi,Contract,2018-06-29,0,0,1,0,1,18000,2,1,2,No,Travel_Rarely,2,3,196,74,1.7,Employee Referral,31,Yes
EMP12981,46,Female,Sales,Sales Representative,Bachelor's,Finance,Single,Chennai,Contract,2021-08-29,5,5,4,21,2,36600,5,4,3,Yes,Non-Travel,26,5,172,54,4.3,Recruitment Agency,25,No
EMP12982,59,Female,HR,HR Analyst,PhD,Computer Science,Single,Kolkata,Contract,2017-06-29,4,4,0,37,2,18000,3,5,5,No,Travel_Rarely,28,1,137,32,3.7,Naukri,23,No
EMP12983,37,Male,Operations,Operations Executive,Diploma,Business,Single,Noida,Full-Time,2023-03-04,13,1,2,15,5,35100,2,5,4,Yes,Travel_Frequently,8,5,250,85,4.0,Naukri,12,No
EMP12984,39,Female,Engineering,Mechanical Engineer,PhD,Marketing,Married,Kolkata,Part-Time,2021-08-08,1,1,5,19,1,18000,1,5,3,No,Travel_Frequently,7,7,207,14,2.7,LinkedIn,25,No
EMP12985,26,Female,Sales,Sales Executive,Master's,Business,Single,Bengaluru,Full-Time,2022-11-14,2,2,0,2,1,35900,5,2,4,No,Travel_Rarely,28,4,165,93,3.0,Recruitment Agency,32,No
EMP12986,49,Male,Engineering,Mechanical Engineer,Bachelor's,Engineering,Married,Pune,Full-Time,2019-03-27,14,3,4,25,5,39300,5,2,2,No,Non-Travel,5,2,256,76,4.0,LinkedIn,17,No
EMP12987,31,Female,IT,IT Support Specialist,Bachelor's,Human Resources,Single,Chennai,Contract,2025-05-28,6,2,7,6,3,18000,3,5,3,Yes,Travel_Rarely,4,7,177,75,4.3,LinkedIn,28,No
EMP12988,36,Female,Sales,Sales Executive,Diploma,Business,Single,Chennai,Full-Time,2024-02-04,6,6,2,14,3,48600,5,4,3,No,Travel_Rarely,11,1,264,52,4.3,LinkedIn,25,No
EMP12989,50,Male,Operations,Operations Analyst,Bachelor's,Business,Married,Pune,Full-Time,2017-08-27,5,5,2,30,2,34800,3,3,3,No,Travel_Frequently,26,5,203,93,2.7,Employee Referral,18,No
EMP12990,45,Male,Engineering,Engineering Manager,Bachelor's,Human Resources,Married,Mumbai,Full-Time,2020-10-19,4,1,6,25,2,18000,5,3,1,No,Travel_Frequently,28,4,269,11,3.7,Recruitment Agency,24,No
EMP12991,60,Female,IT,System Administrator,Bachelor's,Human Resources,Single,Ahmedabad,Full-Time,2022-06-28,4,2,1,33,2,18000,3,1,4,No,Travel_Frequently,30,5,184,57,2.7,Campus Hiring,15,No
EMP12992,31,Male,Engineering,Mechanical Engineer,Bachelor's,Finance,Married,Bengaluru,Full-Time,2021-11-06,4,4,3,4,2,35100,4,3,4,Yes,Travel_Frequently,10,1,152,67,3.0,Company Website,32,No
EMP12993,27,Female,Sales,Sales Executive,Diploma,Finance,Divorced,Chennai,Full-Time,2021-07-03,0,0,4,7,1,30500,4,3,3,Yes,Travel_Rarely,1,7,142,49,3.7,Recruitment Agency,15,No
EMP12994,46,Male,Finance,Financial Analyst,Bachelor's,Marketing,Married,Kolkata,Full-Time,2022-01-29,15,1,3,19,5,23200,5,4,2,Yes,Travel_Rarely,29,4,182,62,4.3,LinkedIn,19,No
EMP12995,42,Female,IT,IT Support Specialist,Bachelor's,Engineering,Married,Ahmedabad,Part-Time,2016-02-09,8,2,4,19,3,33400,5,3,3,No,Travel_Frequently,4,3,192,68,4.3,Campus Hiring,32,No
EMP12996,45,Male,Engineering,Engineering Manager,Bachelor's,Engineering,Single,Gurugram,Contract,2021-06-22,5,5,0,18,2,18000,3,4,4,No,Travel_Rarely,22,6,203,77,3.3,Naukri,19,Yes
EMP12997,39,Female,IT,Software Engineer,Bachelor's,Marketing,Married,Gurugram,Full-Time,2018-07-22,3,3,3,14,2,22500,3,2,3,No,Travel_Rarely,6,1,180,72,2.7,Company Website,16,Yes
EMP12998,51,Female,Finance,Accountant,Master's,Computer Science,Single,Gurugram,Full-Time,2016-07-21,9,1,6,27,4,18000,2,4,3,No,Travel_Frequently,18,3,136,45,2.7,LinkedIn,26,No
EMP12999,46,Female,HR,HR Executive,PhD,Business,Married,Chennai,Contract,2020-05-01,13,1,5,22,5,23400,4,2,4,No,Travel_Rarely,25,3,248,49,3.3,LinkedIn,40,No
EMP13000,56,Female,Engineering,Engineering Manager,Master's,Finance,Married,Bengaluru,Full-Time,2016-08-30,6,5,7,33,3,34600,2,4,3,Yes,Travel_Rarely,13,4,179,15,3.7,Naukri,34,Yes
